collection_date,train_no,train_name,station_code,station_name,stop_sequence,scheduled_arrival,scheduled_departure,arrival_delay_min,departure_delay_min,platform,distance_km,day
2026-08-25,12625,Kerala Sf Exp,VAK,Varkalasivagiri,2,12:51,12:52,5,7,1,41.0,1
2026-08-25,12625,Kerala Sf Exp,QLN,Kollam Jn,3,13:15,13:18,7,9,2,65.0,1
2026-08-25,12625,Kerala Sf Exp,KYJ,Kayankulam Jn,4,13:51,13:53,9,11,2,106.0,1
2026-08-25,12625,Kerala Sf Exp,MVLK,Mavelikara,5,14:02,14:03,12,13,2,114.0,1
2026-08-25,12625,Kerala Sf Exp,CNGR,Chengannur,6,14:15,14:17,12,14,3,126.0,1
2026-08-25,12625,Kerala Sf Exp,TRVL,Tiruvalla,7,14:26,14:27,14,16,2,135.0,1
2026-08-25,12625,Kerala Sf Exp,CGY,Changanaseri,8,14:35,14:36,15,16,2,143.0,1
2026-08-25,12625,Kerala Sf Exp,KTYM,Kottayam,9,14:55,15:00,13,14,1,161.0,1
2026-08-25,12625,Kerala Sf Exp,VARD,Vaikom,10,15:23,15:24,15,17,3,186.0,1
2026-08-25,12625,Kerala Sf Exp,ERN,Ernakulam Town,11,16:05,16:10,16,20,1,223.0,1
2026-08-25,12625,Kerala Sf Exp,AWY,Aluva,12,16:30,16:32,18,21,3,240.0,1
2026-08-25,12625,Kerala Sf Exp,TCR,Thrisur,13,17:27,17:30,16,17,2,295.0,1
2026-08-25,12625,Kerala Sf Exp,OTP,Ottappalam,14,18:44,18:45,14,17,1,340.0,1
2026-08-25,12625,Kerala Sf Exp,PGT,Palakkad Jn,15,19:12,19:15,16,27,4,372.0,1
2026-08-25,12625,Kerala Sf Exp,CBE,Coimbatore Jn,16,20:50,20:55,13,18,3,426.0,1
2026-08-25,12625,Kerala Sf Exp,TUP,Tiruppur,17,21:40,21:45,20,20,2,476.0,1
2026-08-25,12625,Kerala Sf Exp,ED,Erode Jn,18,22:30,22:40,20,22,1,527.0,1
2026-08-25,12625,Kerala Sf Exp,SA,Salem Jn,19,23:30,23:35,20,21,5,589.0,1
2026-08-25,12625,Kerala Sf Exp,JTJ,Jolarpettai,20,01:30,01:35,,12,2,709.0,2
2026-08-25,12625,Kerala Sf Exp,KPD,Katpadi Jn,21,02:50,02:55,7,15,4,793.0,2
2026-08-25,12625,Kerala Sf Exp,CTO,Chittoor,22,03:28,03:30,28,32,1,826.0,2
2026-08-25,12625,Kerala Sf Exp,TPTY,Tirupati,23,04:45,04:50,27,33,1,897.0,2
2026-08-25,12625,Kerala Sf Exp,RU,Renigunta Jn,24,05:10,05:20,35,44,2,907.0,2
2026-08-25,12625,Kerala Sf Exp,GDR,Gudur Jn,25,06:40,06:42,22,27,4,990.0,2
2026-08-25,12625,Kerala Sf Exp,NLR,Nellore,26,07:13,07:15,26,29,2,1029.0,2
2026-08-25,12625,Kerala Sf Exp,BZA,Vijayawada Jn,27,10:45,10:55,13,20,9,1283.0,2
2026-08-25,12625,Kerala Sf Exp,WL,Warangal,28,13:40,13:45,94,102,2,1490.0,2
2026-08-25,12625,Kerala Sf Exp,RDM,Ramagundam,29,15:14,15:15,54,55,1,1591.0,2
2026-08-25,12625,Kerala Sf Exp,BPQ,Balharshah,31,18:10,18:15,22,25,4,1733.0,2
2026-08-25,12625,Kerala Sf Exp,CD,Chandrapur,32,18:30,18:32,25,28,2,1747.0,2
2026-08-25,12625,Kerala Sf Exp,SEGM,Sevagram,33,20:03,20:05,46,47,3,1868.0,2
2026-08-25,12625,Kerala Sf Exp,NGP,Nagpur,34,21:10,21:15,47,54,1,1944.0,2
2026-08-25,12625,Kerala Sf Exp,ET,Itarsi Jn,35,02:05,02:10,25,33,3,2241.0,3
2026-08-25,12625,Kerala Sf Exp,BPL,Bhopal  Jn,36,03:45,03:55,26,30,2,2339.0,3
2026-08-25,12625,Kerala Sf Exp,BINA,Bina Jn,37,05:40,05:45,17,24,4,2478.0,3
2026-08-25,12625,Kerala Sf Exp,VGLJ,V Lakshmibai Jhansi Jhs,38,07:25,07:30,28,32,4,2630.0,3
2026-08-25,12625,Kerala Sf Exp,GWL,Gwalior,39,08:40,08:42,35,38,2,2727.0,3
2026-08-25,12625,Kerala Sf Exp,AGC,Agra Cantt,40,10:10,10:15,37,40,2,2846.0,3
2026-08-25,12625,Kerala Sf Exp,MTJ,Mathura Jn,41,10:50,10:52,51,56,3,2900.0,3
2026-08-25,12625,Kerala Sf Exp,FDB,Faridabad,42,12:30,12:32,35,39,2,3012.0,3
2026-08-25,12625,Kerala Sf Exp,NZM,H Nizamuddin,43,12:50,12:52,54,57,2,3033.0,3
2026-08-25,12625,Kerala Sf Exp,NDLS,New Delhi,44,13:30,,41,,7,3040.0,3
2026-08-25,12626,Kerala Express,MTJ,Mathura Jn,2,21:38,21:40,50,53,1,141.0,1
2026-08-25,12626,Kerala Express,AGC,Agra Cantt,3,22:25,22:30,56,59,1,195.0,1
2026-08-25,12626,Kerala Express,GWL,Gwalior,4,00:03,00:05,50,53,1,313.0,2
2026-08-25,12626,Kerala Express,VGLJ,V Lakshmibai Jhansi Jhs,5,01:30,01:38,50,52,2,410.0,2
2026-08-25,12626,Kerala Express,BINA,Bina Jn,6,03:35,03:40,43,47,3,563.0,2
2026-08-25,12626,Kerala Express,BPL,Bhopal  Jn,7,05:20,05:25,49,54,1,701.0,2
2026-08-25,12626,Kerala Express,ET,Itarsi Jn,8,07:05,07:15,44,48,3,793.0,2
2026-08-25,12626,Kerala Express,NGP,Nagpur,9,11:45,11:50,42,51,2,1090.0,2
2026-08-25,12626,Kerala Express,SEGM,Sevagram,10,12:43,12:45,64,66,4,1166.0,2
2026-08-25,12626,Kerala Express,CD,Chandrapur,11,14:13,14:15,81,83,1,1287.0,2
2026-08-25,12626,Kerala Express,BPQ,Balharshah,12,15:10,15:15,43,49,1,1301.0,2
2026-08-25,12626,Kerala Express,RDM,Ramagundam,14,16:59,17:00,95,99,2,1443.0,2
2026-08-25,12626,Kerala Express,WL,Warangal,15,18:28,18:30,104,110,1,1544.0,2
2026-08-25,12626,Kerala Express,BZA,Vijayawada Jn,16,22:15,22:25,68,71,8,1751.0,2
2026-08-25,12626,Kerala Express,NLR,Nellore,17,01:53,01:55,66,67,3,2005.0,3
2026-08-25,12626,Kerala Express,GDR,Gudur Jn,18,02:33,02:35,71,74,4,2044.0,3
2026-08-25,12626,Kerala Express,RU,Renigunta Jn,19,04:00,04:10,64,74,3,2127.0,3
2026-08-25,12626,Kerala Express,TPTY,Tirupati,20,04:35,04:40,79,84,4,2137.0,3
2026-08-25,12626,Kerala Express,CTO,Chittoor,21,05:53,05:55,74,76,1,2208.0,3
2026-08-25,12626,Kerala Express,KPD,Katpadi Jn,22,06:45,06:50,65,68,5,2241.0,3
2026-08-25,12626,Kerala Express,JTJ,Jolarpettai,23,08:05,08:10,64,73,1,2325.0,3
2026-08-25,12626,Kerala Express,SA,Salem Jn,24,09:37,09:40,66,71,4,2445.0,3
2026-08-25,12626,Kerala Express,ED,Erode Jn,25,10:45,10:55,70,71,2,2507.0,3
2026-08-25,12626,Kerala Express,TUP,Tiruppur,26,11:38,11:40,71,74,1,2557.0,3
2026-08-25,12626,Kerala Express,CBE,Coimbatore Jn,27,12:30,12:35,70,76,1,2608.0,3
2026-08-25,12626,Kerala Express,PGT,Palakkad Jn,28,13:52,13:55,58,69,3,2662.0,3
2026-08-25,12626,Kerala Express,OTP,Ottappalam,29,14:19,14:20,70,75,2,2694.0,3
2026-08-25,12626,Kerala Express,TCR,Thrisur,30,15:21,15:23,67,69,1,2739.0,3
2026-08-25,12626,Kerala Express,AWY,Aluva,31,16:08,16:10,61,63,1,2794.0,3
2026-08-25,12626,Kerala Express,ERN,Ernakulam Town,32,16:30,16:35,63,69,2,2811.0,3
2026-08-25,12626,Kerala Express,VARD,Vaikom,33,17:14,17:15,65,67,2,2848.0,3
2026-08-25,12626,Kerala Express,KTYM,Kottayam,34,17:52,17:55,65,66,2,2873.0,3
2026-08-25,12626,Kerala Express,CGY,Changanaseri,35,18:13,18:14,64,66,3,2891.0,3
2026-08-25,12626,Kerala Express,TRVL,Tiruvalla,36,18:23,18:24,64,66,3,2899.0,3
2026-08-25,12626,Kerala Express,CNGR,Chengannur,37,18:35,18:37,65,66,1,2908.0,3
2026-08-25,12626,Kerala Express,MVLK,Mavelikara,38,18:49,18:50,65,67,3,2920.0,3
2026-08-25,12626,Kerala Express,KYJ,Kayankulam Jn,39,19:18,19:20,63,67,4,2928.0,3
2026-08-25,12626,Kerala Express,QLN,Kollam Jn,40,20:00,20:02,68,70,1,2969.0,3
2026-08-25,12626,Kerala Express,VAK,Varkalasivagiri,41,20:22,20:23,71,72,2,2992.0,3
2026-08-25,12626,Kerala Express,TVP,Trivandrum Pett,42,20:59,21:00,65,66,1,3031.0,3
2026-08-25,12626,Kerala Express,TVC,Trivandrum Cntl,43,21:50,,39,,3,3033.0,3
2026-08-25,11301,Udyan Express,DR,Dadar,2,08:07,08:10,20,20,10,9.0,1
2026-08-25,11301,Udyan Express,KYN,Kalyan Jn,3,08:42,08:45,22,25,4,53.0,1
2026-08-25,11301,Udyan Express,LNL,Lonavala,4,10:33,10:35,24,25,1,128.0,1
2026-08-25,11301,Udyan Express,PUNE,Pune Jn,5,11:40,11:45,21,25,3,192.0,1
2026-08-25,11301,Udyan Express,URI,Uruli,6,12:13,12:15,25,26,2,220.0,1
2026-08-25,11301,Udyan Express,DD,Daund Jn,7,12:55,13:00,28,29,3,267.0,1
2026-08-25,11301,Udyan Express,KWV,Kurduvadi,8,14:13,14:15,23,27,3,376.0,1
2026-08-25,11301,Udyan Express,SUR,Solapur Jn,9,15:35,15:40,22,24,1,455.0,1
2026-08-25,11301,Udyan Express,AKOR,Akalkot Road,10,16:11,16:13,32,35,1,490.0,1
2026-08-25,11301,Udyan Express,DUD,Dudhani,11,16:35,16:37,34,37,1,518.0,1
2026-08-25,11301,Udyan Express,GUR,Ganagapur Road,12,16:58,17:00,35,38,2,541.0,1
2026-08-25,11301,Udyan Express,KLBG,Kalaburagi,13,17:30,17:35,29,35,1,568.0,1
2026-08-25,11301,Udyan Express,SDB,Shahabad,14,17:58,18:00,37,42,2,594.0,1
2026-08-25,11301,Udyan Express,WADI,Wadi,15,18:30,18:35,22,26,2,605.0,1
2026-08-25,11301,Udyan Express,NW,Nalwar,16,18:49,18:50,28,30,2,618.0,1
2026-08-25,11301,Udyan Express,YG,Yadgir,17,19:08,19:10,28,32,1,643.0,1
2026-08-25,11301,Udyan Express,SADP,Saidapur,18,19:24,19:25,31,33,1,667.0,1
2026-08-25,11301,Udyan Express,KSN,Krishna,19,19:40,19:50,31,42,1,687.0,1
2026-08-25,11301,Udyan Express,RC,Raichur,20,20:13,20:15,46,51,1,712.0,1
2026-08-25,11301,Udyan Express,MALM,Manthralayam Rd,21,20:43,20:45,43,46,1,741.0,1
2026-08-25,11301,Udyan Express,AD,Adoni,22,21:18,21:20,42,46,1,782.0,1
2026-08-25,11301,Udyan Express,GTL,Guntakal Jn,23,22:15,22:25,35,44,3,837.0,1
2026-08-25,11301,Udyan Express,ATP,Anantapur,24,23:28,23:30,51,52,4,905.0,1
2026-08-25,11301,Udyan Express,DMM,Dharmavaram Jn,25,00:35,00:40,,20,2,938.0,2
2026-08-25,11301,Udyan Express,SSPN,Sai P Nilayam,26,01:10,01:12,27,29,2,971.0,2
2026-08-25,11301,Udyan Express,PKD,Penukonda,27,01:30,01:31,32,34,1,991.0,2
2026-08-25,11301,Udyan Express,HUP,Hindupur,28,01:55,01:57,36,40,3,1029.0,2
2026-08-25,11301,Udyan Express,GBD,Gauribidanur,29,02:14,02:15,39,39,2,1052.0,2
2026-08-25,11301,Udyan Express,DBU,Dodballapur,30,02:50,02:51,45,47,3,1091.0,2
2026-08-25,11301,Udyan Express,YNK,Yelhanka Jn,31,03:14,03:15,,13,1,1112.0,2
2026-08-25,11301,Udyan Express,BNCE,Bengaluru East,32,04:59,05:00,21,25,1,1132.0,2
2026-08-25,11301,Udyan Express,BNC,Bengaluru Cant,33,05:08,05:09,28,33,1,1135.0,2
2026-08-25,11301,Udyan Express,SBC,KSR Bengaluru,34,06:00,,2,,3,1139.0,2
2026-08-25,12704,Falaknuma Sf Ex,NLDA,Nalgonda,2,17:26,17:27,17,20,1,110.0,1
2026-08-25,12704,Falaknuma Sf Ex,MRGA,Miryalaguda,3,17:39,17:40,24,26,2,148.0,1
2026-08-25,12704,Falaknuma Sf Ex,PGRL,Piduguralla,4,18:34,18:35,24,25,1,208.0,1
2026-08-25,12704,Falaknuma Sf Ex,GNT,Guntur Jn,5,20:15,20:20,14,17,4,282.0,1
2026-08-25,12704,Falaknuma Sf Ex,BZA,Vijayawada Jn,6,21:30,21:35,14,21,6,313.0,1
2026-08-25,12704,Falaknuma Sf Ex,EE,Eluru,7,22:18,22:20,21,22,2,373.0,1
2026-08-25,12704,Falaknuma Sf Ex,TDD,Tadepalligudem,8,22:59,23:00,18,21,2,421.0,1
2026-08-25,12704,Falaknuma Sf Ex,RJY,Rajahmundry,9,23:48,23:50,27,29,3,463.0,1
2026-08-25,12704,Falaknuma Sf Ex,SLO,Samalkot Jn,10,00:38,00:40,28,29,1,513.0,2
2026-08-25,12704,Falaknuma Sf Ex,VSKP,Visakhapatnam,11,03:20,03:40,6,13,4,663.0,2
2026-08-25,12704,Falaknuma Sf Ex,VZM,Vizianagram Jn,12,04:30,04:35,16,17,5,724.0,2
2026-08-25,12704,Falaknuma Sf Ex,CHE,Srikakulam Road,13,05:23,05:25,14,16,2,793.0,2
2026-08-25,12704,Falaknuma Sf Ex,PSA,Palasa,14,06:40,06:42,2,10,3,866.0,2
2026-08-25,12704,Falaknuma Sf Ex,IPM,Ichchpuram,15,07:11,07:13,9,10,2,916.0,2
2026-08-25,12704,Falaknuma Sf Ex,BAM,Brahmapur,16,07:25,07:30,18,18,1,940.0,2
2026-08-25,12704,Falaknuma Sf Ex,BALU,Balugaon,18,08:23,08:25,26,27,3,1016.0,2
2026-08-25,12704,Falaknuma Sf Ex,KUR,Khurda Road JN,19,09:20,09:40,32,27,2,1087.0,2
2026-08-25,12704,Falaknuma Sf Ex,BBS,Bhubaneswar,20,10:10,10:15,29,30,3,1106.0,2
2026-08-25,12704,Falaknuma Sf Ex,CTC,Cuttack,21,10:40,10:45,34,35,1,1133.0,2
2026-08-25,12704,Falaknuma Sf Ex,JJKR,Jajpur K Road,22,11:34,11:36,49,49,2,1205.0,2
2026-08-25,12704,Falaknuma Sf Ex,BHC,Bhadrak,23,13:10,13:12,7,12,3,1249.0,2
2026-08-25,12704,Falaknuma Sf Ex,BLS,Balasore,24,13:48,13:50,15,18,3,1311.0,2
2026-08-25,12704,Falaknuma Sf Ex,KGP,Kharagpur Jn,25,15:30,15:35,26,25,8,1429.0,2
2026-08-25,12704,Falaknuma Sf Ex,SRC,Santragachi Jn,26,16:50,16:52,21,24,6,1537.0,2
2026-08-25,12704,Falaknuma Sf Ex,HWH,Howrah Jn,27,18:10,,13,,17,1545.0,2
2026-08-25,12628,Karnataka Exp,MTJ,Mathura Jn,2,21:50,21:55,31,38,1,141.0,1
2026-08-25,12628,Karnataka Exp,AGC,Agra Cantt,3,22:45,22:50,29,36,1,195.0,1
2026-08-25,12628,Karnataka Exp,GWL,Gwalior,4,00:46,00:48,19,23,1,313.0,2
2026-08-25,12628,Karnataka Exp,VGLJ,V Lakshmibai Jhansi Jhs,5,02:20,02:28,19,23,2,410.0,2
2026-08-25,12628,Karnataka Exp,BINA,Bina Jn,6,04:45,04:47,10,19,3,563.0,2
2026-08-25,12628,Karnataka Exp,BPL,Bhopal  Jn,7,06:25,06:30,23,26,1,701.0,2
2026-08-25,12628,Karnataka Exp,ET,Itarsi Jn,8,08:20,08:30,14,19,1,793.0,2
2026-08-25,12628,Karnataka Exp,KNW,Khandwa,9,11:07,11:10,25,30,5,976.0,2
2026-08-25,12628,Karnataka Exp,BAU,Burhanpur,10,11:58,12:00,37,39,1,1045.0,2
2026-08-25,12628,Karnataka Exp,BSL,Bhusaval Jn,11,13:00,13:05,31,41,4,1100.0,2
2026-08-25,12628,Karnataka Exp,JL,Jalgaon Jn,12,13:30,13:32,40,44,2,1124.0,2
2026-08-25,12628,Karnataka Exp,MMR,Manmad Jn,13,15:30,15:35,52,62,4,1284.0,2
2026-08-25,12628,Karnataka Exp,KPG,Kopargaon,14,16:25,16:30,44,53,2,1326.0,2
2026-08-25,12628,Karnataka Exp,BAP,Belapur,15,17:03,17:05,73,75,2,1370.0,2
2026-08-25,12628,Karnataka Exp,ANG,Ahilyanagar,16,18:17,18:20,99,106,1,1437.0,2
2026-08-25,12628,Karnataka Exp,DD,Daund Jn,17,19:55,20:00,104,106,3,1520.0,2
2026-08-25,12628,Karnataka Exp,KWV,Kurduvadi,18,21:13,21:15,103,106,3,1630.0,2
2026-08-25,12628,Karnataka Exp,SUR,Solapur Jn,19,22:45,22:50,95,97,1,1708.0,2
2026-08-25,12628,Karnataka Exp,KLBG,Kalaburagi,20,00:15,00:18,95,98,2,1821.0,3
2026-08-25,12628,Karnataka Exp,WADI,Wadi,21,01:25,01:30,60,67,2,1858.0,3
2026-08-25,12628,Karnataka Exp,YG,Yadgir,22,02:03,02:05,72,74,1,1897.0,3
2026-08-25,12628,Karnataka Exp,RC,Raichur,23,03:18,03:20,82,86,1,1965.0,3
2026-08-25,12628,Karnataka Exp,MALM,Manthralayam Rd,24,03:43,03:45,88,91,1,1994.0,3
2026-08-25,12628,Karnataka Exp,AD,Adoni,25,04:18,04:20,78,80,1,2035.0,3
2026-08-25,12628,Karnataka Exp,GTL,Guntakal Jn,26,05:15,05:25,70,78,3,2086.0,3
2026-08-25,12628,Karnataka Exp,ATP,Anantapur,27,06:28,06:30,75,76,4,2172.0,3
2026-08-25,12628,Karnataka Exp,DMM,Dharmavaram Jn,28,07:25,07:30,40,52,1,2205.0,3
2026-08-25,12628,Karnataka Exp,SSPN,Sai P Nilayam,29,07:59,08:00,55,59,1,2238.0,3
2026-08-25,12628,Karnataka Exp,PKD,Penukonda,30,08:19,08:20,52,56,1,2259.0,3
2026-08-25,12628,Karnataka Exp,HUP,Hindupur,31,08:44,08:45,61,64,3,2296.0,3
2026-08-25,12628,Karnataka Exp,YNK,Yelhanka Jn,32,10:15,10:17,52,56,1,2379.0,3
2026-08-25,12628,Karnataka Exp,BNC,Bengaluru Cant,33,10:54,10:55,64,69,1,2402.0,3
2026-08-25,12628,Karnataka Exp,SBC,KSR Bengaluru,34,12:00,,28,,2,2406.0,3
2026-08-25,12617,Mangladweep Exp,AWY,Aluva,2,10:53,10:55,19,19,3,20.0,1
2026-08-25,12617,Mangladweep Exp,TCR,Thrisur,3,12:02,12:05,11,18,2,75.0,1
2026-08-25,12617,Mangladweep Exp,SRR,Shoranur Jn,4,12:55,13:00,22,26,7,107.0,1
2026-08-25,12617,Mangladweep Exp,PTB,Pattambi,5,13:14,13:15,24,26,1,119.0,1
2026-08-25,12617,Mangladweep Exp,KTU,Kuttippuram,6,13:34,13:35,23,25,1,137.0,1
2026-08-25,12617,Mangladweep Exp,TIR,Tirur,7,13:48,13:50,26,27,1,152.0,1
2026-08-25,12617,Mangladweep Exp,PGI,Parpanangadi,8,14:04,14:05,26,29,1,168.0,1
2026-08-25,12617,Mangladweep Exp,FK,Ferok,9,14:24,14:25,24,27,2,184.0,1
2026-08-25,12617,Mangladweep Exp,CLT,Kozhikkode,10,14:37,14:40,28,32,4,193.0,1
2026-08-25,12617,Mangladweep Exp,QLD,Quilandi,11,14:59,15:00,38,40,1,218.0,1
2026-08-25,12617,Mangladweep Exp,BDJ,Vadakara,12,15:16,15:18,40,41,2,240.0,1
2026-08-25,12617,Mangladweep Exp,TLY,Thalassery,13,15:28,15:30,51,54,1,262.0,1
2026-08-25,12617,Mangladweep Exp,CAN,Kannur,14,16:02,16:05,42,45,1,283.0,1
2026-08-25,12617,Mangladweep Exp,PAZ,Payangadi,15,16:28,16:30,38,41,1,304.0,1
2026-08-25,12617,Mangladweep Exp,PAY,Payyanur,16,16:44,16:45,39,40,1,316.0,1
2026-08-25,12617,Mangladweep Exp,NLE,Nileshwar,17,17:04,17:05,38,41,1,336.0,1
2026-08-25,12617,Mangladweep Exp,KZE,Kanhangad,18,17:14,17:15,39,41,2,345.0,1
2026-08-25,12617,Mangladweep Exp,KGQ,Kasaragod,19,17:29,17:30,46,49,2,368.0,1
2026-08-25,12617,Mangladweep Exp,MAJN,Mangaluru Jn,20,18:55,19:00,16,28,1,415.0,1
2026-08-25,12617,Mangladweep Exp,UD,Udupi,21,20:30,20:32,22,37,2,497.0,1
2026-08-25,12617,Mangladweep Exp,KUDA,Kundapura,22,21:08,21:10,38,42,2,546.0,1
2026-08-25,12617,Mangladweep Exp,BTJL,Bhatkal,23,22:08,22:10,33,36,1,610.0,1
2026-08-25,12617,Mangladweep Exp,KT,Kumta,24,22:56,22:58,43,47,2,691.0,1
2026-08-25,12617,Mangladweep Exp,KAWR,Karwar,25,23:52,23:54,53,55,2,764.0,1
2026-08-25,12617,Mangladweep Exp,MAO,Madgaon,26,01:10,01:20,51,55,3,846.0,2
2026-08-25,12617,Mangladweep Exp,THVM,Thivim,27,02:18,02:20,90,93,1,910.0,2
2026-08-25,12617,Mangladweep Exp,KKW,Kankavali,28,03:44,03:46,87,92,2,1024.0,2
2026-08-25,12617,Mangladweep Exp,RN,Ratnagiri,29,06:00,06:05,98,105,2,1180.0,2
2026-08-25,12617,Mangladweep Exp,CHI,Chiplun,30,07:50,07:52,102,114,1,1286.0,2
2026-08-25,12617,Mangladweep Exp,KHED,Khed,31,08:50,08:52,94,96,2,1332.0,2
2026-08-25,12617,Mangladweep Exp,PNVL,Panvel,32,12:27,12:30,55,61,5,1543.0,2
2026-08-25,12617,Mangladweep Exp,KYN,Kalyan Jn,33,13:27,13:30,76,82,4,1579.0,2
2026-08-25,12617,Mangladweep Exp,NK,Nashik Road,34,16:35,16:40,62,65,2,1713.0,2
2026-08-25,12617,Mangladweep Exp,MMR,Manmad Jn,35,17:33,17:35,65,69,2,1786.0,2
2026-08-25,12617,Mangladweep Exp,BSL,Bhusaval Jn,36,19:50,19:55,86,89,5,1970.0,2
2026-08-25,12617,Mangladweep Exp,BAU,Burhanpur,37,20:43,20:45,93,95,2,2025.0,2
2026-08-25,12617,Mangladweep Exp,KNW,Khandwa,38,22:17,22:20,68,69,4,2093.0,2
2026-08-25,12617,Mangladweep Exp,ET,Itarsi Jn,39,00:55,01:05,59,63,1,2277.0,3
2026-08-25,12617,Mangladweep Exp,BPL,Bhopal  Jn,40,02:50,02:55,50,60,3,2375.0,3
2026-08-25,12617,Mangladweep Exp,BINA,Bina Jn,41,04:45,04:50,49,57,5,2514.0,3
2026-08-25,12617,Mangladweep Exp,VGLJ,V Lakshmibai Jhansi Jhs,42,06:30,06:38,67,72,4,2666.0,3
2026-08-25,12617,Mangladweep Exp,GWL,Gwalior,43,07:50,07:52,85,87,2,2763.0,3
2026-08-25,12617,Mangladweep Exp,MRA,Morena,44,08:21,08:23,89,92,2,2802.0,3
2026-08-25,12617,Mangladweep Exp,AGC,Agra Cantt,45,09:55,10:00,64,68,2,2882.0,3
2026-08-25,12617,Mangladweep Exp,MTJ,Mathura Jn,46,10:33,10:38,84,89,2,2936.0,3
2026-08-25,12617,Mangladweep Exp,FDB,Faridabad,47,12:50,12:52,49,61,2,3048.0,3
2026-08-25,12617,Mangladweep Exp,NZM,H Nizamuddin,48,13:35,,55,,8,3069.0,3
2026-08-25,12859,Gitanjali Exp,DR,Dadar,2,06:12,06:15,18,20,10,9.0,1
2026-08-25,12859,Gitanjali Exp,KYN,Kalyan Jn,3,06:52,06:55,30,31,4,54.0,1
2026-08-25,12859,Gitanjali Exp,IGP,Igatpuri,4,08:42,08:47,28,31,2,137.0,1
2026-08-25,12859,Gitanjali Exp,NK,Nashik Road,5,09:25,09:30,37,36,2,188.0,1
2026-08-25,12859,Gitanjali Exp,JL,Jalgaon Jn,6,11:58,12:00,54,55,3,420.0,1
2026-08-25,12859,Gitanjali Exp,BSL,Bhusaval Jn,7,12:35,12:40,41,46,7,445.0,1
2026-08-25,12859,Gitanjali Exp,MKU,Malkapur,8,13:24,13:25,48,49,2,495.0,1
2026-08-25,12859,Gitanjali Exp,SEG,Shegaon,9,14:03,14:05,48,50,2,547.0,1
2026-08-25,12859,Gitanjali Exp,AK,Akola Jn,10,14:30,14:35,45,45,2,584.0,1
2026-08-25,12859,Gitanjali Exp,BD,Badnera Jn,11,15:57,16:00,30,32,2,663.0,1
2026-08-25,12859,Gitanjali Exp,WR,Wardha Jn,12,17:13,17:15,42,44,1,758.0,1
2026-08-25,12859,Gitanjali Exp,NGP,Nagpur,13,18:55,19:00,12,22,6,837.0,1
2026-08-25,12859,Gitanjali Exp,BRD,Bhandara Road,14,19:46,19:48,25,28,2,899.0,1
2026-08-25,12859,Gitanjali Exp,G,Gondia Jn,15,20:38,20:40,28,32,4,967.0,1
2026-08-25,12859,Gitanjali Exp,RJN,Raj Nandgaon,16,22:03,22:05,37,40,1,1072.0,1
2026-08-25,12859,Gitanjali Exp,DURG,Durg,17,22:50,22:55,28,31,4,1102.0,1
2026-08-25,12859,Gitanjali Exp,R,Raipur Jn,18,23:30,23:35,37,40,3,1139.0,1
2026-08-25,12859,Gitanjali Exp,BSP,Bilaspur Jn,19,01:25,01:35,28,36,1,1250.0,2
2026-08-25,12859,Gitanjali Exp,RIG,Raigarh,20,03:05,03:07,53,55,1,1382.0,2
2026-08-25,12859,Gitanjali Exp,JSG,Jharsuguda Jn,21,04:28,04:30,74,76,2,1454.0,2
2026-08-25,12859,Gitanjali Exp,ROU,Rourkela,22,05:47,05:55,103,105,4,1555.0,2
2026-08-25,12859,Gitanjali Exp,CKP,Chakradharpur,23,07:18,07:20,107,109,2,1656.0,2
2026-08-25,12859,Gitanjali Exp,TATA,Tatanagar Jn,24,08:13,08:20,132,137,4,1719.0,2
2026-08-25,12859,Gitanjali Exp,KGP,Kharagpur Jn,25,10:18,10:23,149,148,5,1853.0,2
2026-08-25,12859,Gitanjali Exp,SRC,Santragachi Jn,26,11:48,11:50,149,149,6,1961.0,2
2026-08-25,12859,Gitanjali Exp,HWH,Howrah Jn,27,13:50,,127,,22,1968.0,2
2026-08-25,12138,Punjab Mail,FDK,Faridkot,2,22:26,22:28,12,12,1,33.0,1
2026-08-25,12138,Punjab Mail,KKP,Kot Kapura,3,22:44,22:46,11,13,1,45.0,1
2026-08-25,12138,Punjab Mail,GJUT,Gangsar Jaitu,4,23:01,23:03,12,12,2,61.0,1
2026-08-25,12138,Punjab Mail,GNA,Goneana B Jagta,5,23:15,23:17,11,11,1,76.0,1
2026-08-25,12138,Punjab Mail,BTI,Bathinda Jn,6,23:45,23:55,,1,4,88.0,1
2026-08-25,12138,Punjab Mail,MAUR,Maur,7,00:19,00:21,5,5,1,122.0,2
2026-08-25,12138,Punjab Mail,MSZ,Mansa,8,00:35,00:37,6,7,2,141.0,2
2026-08-25,12138,Punjab Mail,BLZ,Budhlada,9,00:50,00:52,7,7,1,157.0,2
2026-08-25,12138,Punjab Mail,BRZ,Bareta,10,01:04,01:06,8,8,1,172.0,2
2026-08-25,12138,Punjab Mail,JHL,Jakhal Jn,11,01:24,01:26,3,4,2,186.0,2
2026-08-25,12138,Punjab Mail,TUN,Tohana,12,01:37,01:39,4,4,2,198.0,2
2026-08-25,12138,Punjab Mail,NRW,Narwana Jn,13,01:58,02:00,5,5,2,224.0,2
2026-08-25,12138,Punjab Mail,JIND,Jind Jn,14,02:30,02:32,1,3,1,258.0,2
2026-08-25,12138,Punjab Mail,ROK,Rohtak Jn,15,03:15,03:17,3,6,1,315.0,2
2026-08-25,12138,Punjab Mail,BGZ,Bahadurgarh,16,03:45,03:47,8,9,2,355.0,2
2026-08-25,12138,Punjab Mail,SSB,Shakurbasti,17,04:18,04:20,,4,3,375.0,2
2026-08-25,12138,Punjab Mail,DKZ,Delhi Kishangnj,18,04:32,04:34,6,8,2,382.0,2
2026-08-25,12138,Punjab Mail,NDLS,New Delhi,19,04:55,05:10,4,6,3,386.0,2
2026-08-25,12138,Punjab Mail,FDB,Faridabad,20,05:40,05:42,23,26,3,414.0,2
2026-08-25,12138,Punjab Mail,KSV,Kosi Kalan,21,06:28,06:30,33,35,5,486.0,2
2026-08-25,12138,Punjab Mail,MTJ,Mathura Jn,22,07:23,07:28,36,40,1,527.0,2
2026-08-25,12138,Punjab Mail,RKM,Raja Ki Mandi,23,07:50,07:52,44,45,2,577.0,2
2026-08-25,12138,Punjab Mail,AGC,Agra Cantt,24,08:10,08:15,42,43,1,580.0,2
2026-08-25,12138,Punjab Mail,DHO,Dhaulpur,25,09:15,09:17,11,16,4,633.0,2
2026-08-25,12138,Punjab Mail,MRA,Morena,26,09:51,09:53,16,18,1,660.0,2
2026-08-25,12138,Punjab Mail,GWL,Gwalior,27,10:19,10:21,23,25,1,699.0,2
2026-08-25,12138,Punjab Mail,DBA,Dabra,28,10:56,10:58,31,33,2,741.0,2
2026-08-25,12138,Punjab Mail,DAA,Datia,29,11:20,11:22,39,44,2,771.0,2
2026-08-25,12138,Punjab Mail,VGLJ,V Lakshmibai Jhansi Jhs,30,12:15,12:23,19,22,3,796.0,2
2026-08-25,12138,Punjab Mail,BAB,Babina,31,12:46,12:48,29,31,1,821.0,2
2026-08-25,12138,Punjab Mail,LAR,Lalitpur Jn,32,13:25,13:27,35,37,2,886.0,2
2026-08-25,12138,Punjab Mail,BINA,Bina Jn,33,14:35,14:40,19,20,2,949.0,2
2026-08-25,12138,Punjab Mail,BAQ,Ganj Basoda,34,15:12,15:14,26,29,3,994.0,2
2026-08-25,12138,Punjab Mail,BHS,Vidisha,35,15:38,15:40,34,35,3,1034.0,2
2026-08-25,12138,Punjab Mail,BPL,Bhopal  Jn,36,16:35,16:40,32,34,1,1087.0,2
2026-08-25,12138,Punjab Mail,RKMP,Rani Kamalapati,37,16:53,16:55,34,36,4,1093.0,2
2026-08-25,12138,Punjab Mail,NDPM,Narmadapuram,38,17:58,18:00,37,38,2,1161.0,2
2026-08-25,12138,Punjab Mail,ET,Itarsi Jn,39,18:35,18:45,37,41,2,1179.0,2
2026-08-25,12138,Punjab Mail,BPF,Banapura,40,19:08,19:10,50,54,1,1212.0,2
2026-08-25,12138,Punjab Mail,HD,Harda,41,19:36,19:38,63,64,3,1254.0,2
2026-08-25,12138,Punjab Mail,KKN,Khirkiya,42,19:58,20:00,67,68,2,1286.0,2
2026-08-25,12138,Punjab Mail,KNW,Khandwa,43,21:37,21:40,31,36,5,1362.0,2
2026-08-25,12138,Punjab Mail,BAU,Burhanpur,44,22:28,22:30,38,38,1,1431.0,2
2026-08-25,12138,Punjab Mail,BSL,Bhusaval Jn,45,23:25,23:30,41,50,3,1485.0,2
2026-08-25,12138,Punjab Mail,JL,Jalgaon Jn,46,00:01,00:03,44,46,2,1510.0,3
2026-08-25,12138,Punjab Mail,CSN,Chalisgaon Jn,47,01:00,01:02,58,60,3,1602.0,3
2026-08-25,12138,Punjab Mail,MMR,Manmad Jn,48,01:55,02:00,58,61,3,1669.0,3
2026-08-25,12138,Punjab Mail,NK,Nashik Road,49,03:00,03:05,59,60,3,1743.0,3
2026-08-25,12138,Punjab Mail,KYN,Kalyan Jn,50,06:12,06:15,49,52,5,1876.0,3
2026-08-25,12138,Punjab Mail,DR,Dadar,51,07:02,07:05,58,58,12,1921.0,3
2026-08-25,12138,Punjab Mail,CSMT,C Shivaji Mah T,52,07:35,,54,,18,1930.0,3
2026-08-25,12703,Falaknuma Exp,KGP,Kharagpur Jn,2,10:00,10:05,20,24,3,116.0,1
2026-08-25,12703,Falaknuma Exp,BLS,Balasore,3,11:25,11:27,21,23,2,234.0,1
2026-08-25,12703,Falaknuma Exp,BHC,Bhadrak,4,12:20,12:22,11,15,2,296.0,1
2026-08-25,12703,Falaknuma Exp,JJKR,Jajpur K Road,5,12:51,12:53,13,16,3,340.0,1
2026-08-25,12703,Falaknuma Exp,CTC,Cuttack,6,14:00,14:05,25,28,3,412.0,1
2026-08-25,12703,Falaknuma Exp,BBS,Bhubaneswar,7,14:40,14:45,22,27,4,439.0,1
2026-08-25,12703,Falaknuma Exp,KUR,Khurda Road JN,8,15:05,15:25,23,24,5,458.0,1
2026-08-25,12703,Falaknuma Exp,BALU,Balugaon,9,16:38,16:40,29,31,2,529.0,1
2026-08-25,12703,Falaknuma Exp,BAM,Brahmapur,11,17:35,17:40,31,34,2,605.0,1
2026-08-25,12703,Falaknuma Exp,IPM,Ichchpuram,12,17:58,18:00,32,33,1,629.0,1
2026-08-25,12703,Falaknuma Exp,PSA,Palasa,13,19:08,19:10,12,18,2,679.0,1
2026-08-25,12703,Falaknuma Exp,CHE,Srikakulam Road,14,20:10,20:12,23,25,3,752.0,1
2026-08-25,12703,Falaknuma Exp,VZM,Vizianagram Jn,15,21:05,21:10,21,24,1,821.0,1
2026-08-25,12703,Falaknuma Exp,VSKP,Visakhapatnam,16,22:10,22:30,26,27,3,882.0,1
2026-08-25,12703,Falaknuma Exp,SLO,Samalkot Jn,17,00:39,00:40,24,28,3,1032.0,2
2026-08-25,12703,Falaknuma Exp,RJY,Rajahmundry,18,01:18,01:20,27,33,1,1083.0,2
2026-08-25,12703,Falaknuma Exp,TDD,Tadepalligudem,19,02:04,02:05,32,34,3,1125.0,2
2026-08-25,12703,Falaknuma Exp,EE,Eluru,20,02:44,02:45,24,26,3,1172.0,2
2026-08-25,12703,Falaknuma Exp,BZA,Vijayawada Jn,21,04:00,04:10,26,28,5,1232.0,2
2026-08-25,12703,Falaknuma Exp,GNT,Guntur Jn,22,04:55,05:00,37,42,2,1264.0,2
2026-08-25,12703,Falaknuma Exp,PGRL,Piduguralla,23,06:04,06:05,50,53,1,1338.0,2
2026-08-25,12703,Falaknuma Exp,MRGA,Miryalaguda,24,07:01,07:02,56,62,1,1397.0,2
2026-08-25,12703,Falaknuma Exp,NLDA,Nalgonda,25,07:50,07:51,78,82,1,1435.0,2
2026-08-25,12703,Falaknuma Exp,SC,Secunderabad Jn,26,10:30,,4,,8,1545.0,2
2026-08-25,12616,Grand Trunk Exp,MTJ,Mathura Jn,2,17:40,17:45,41,43,1,141.0,1
2026-08-25,12616,Grand Trunk Exp,AGC,Agra Cantt,4,18:30,18:35,56,58,1,195.0,1
2026-08-25,12616,Grand Trunk Exp,DHO,Dhaulpur,5,19:30,19:32,45,47,5,247.0,1
2026-08-25,12616,Grand Trunk Exp,MRA,Morena,6,20:21,20:23,21,25,1,275.0,1
2026-08-25,12616,Grand Trunk Exp,GWL,Gwalior,7,20:53,20:55,31,38,1,313.0,1
2026-08-25,12616,Grand Trunk Exp,VGLJ,V Lakshmibai Jhansi Jhs,8,22:55,23:03,21,25,3,410.0,1
2026-08-25,12616,Grand Trunk Exp,BINA,Bina Jn,9,01:20,01:25,24,31,3,563.0,2
2026-08-25,12616,Grand Trunk Exp,BAQ,Ganj Basoda,10,01:56,01:58,36,37,3,609.0,2
2026-08-25,12616,Grand Trunk Exp,BHS,Vidisha,11,02:23,02:25,39,40,3,648.0,2
2026-08-25,12616,Grand Trunk Exp,BPL,Bhopal  Jn,12,03:15,03:20,44,46,1,701.0,2
2026-08-25,12616,Grand Trunk Exp,RKMP,Rani Kamalapati,13,03:33,03:35,45,46,4,707.0,2
2026-08-25,12616,Grand Trunk Exp,NDPM,Narmadapuram,14,04:28,04:30,50,53,2,775.0,2
2026-08-25,12616,Grand Trunk Exp,ET,Itarsi Jn,15,05:15,05:25,36,44,2,793.0,2
2026-08-25,12616,Grand Trunk Exp,GDYA,Ghoradongri,16,06:35,06:36,31,37,2,863.0,2
2026-08-25,12616,Grand Trunk Exp,BZU,Betul,17,07:08,07:10,48,50,1,900.0,2
2026-08-25,12616,Grand Trunk Exp,AMLA,Amla Jn,18,07:38,07:40,40,42,2,923.0,2
2026-08-25,12616,Grand Trunk Exp,PAR,Pandhurna,19,08:40,08:41,44,46,2,986.0,2
2026-08-25,12616,Grand Trunk Exp,NGP,Nagpur,21,10:15,10:20,42,49,2,1090.0,2
2026-08-25,12616,Grand Trunk Exp,SEGM,Sevagram,22,11:16,11:18,60,62,4,1166.0,2
2026-08-25,12616,Grand Trunk Exp,HGT,Hinganghat,23,11:44,11:45,65,67,2,1203.0,2
2026-08-25,12616,Grand Trunk Exp,CD,Chandrapur,24,13:08,13:10,67,68,1,1287.0,2
2026-08-25,12616,Grand Trunk Exp,BPQ,Balharshah,25,14:20,14:25,17,27,1,1301.0,2
2026-08-25,12616,Grand Trunk Exp,SKZR,Sirpur Kagazngr,26,15:19,15:20,44,46,2,1371.0,2
2026-08-25,12616,Grand Trunk Exp,BPA,Bellampalli,27,15:44,15:45,65,69,2,1409.0,2
2026-08-25,12616,Grand Trunk Exp,MCI,Manchiryal,28,15:59,16:00,76,77,2,1429.0,2
2026-08-25,12616,Grand Trunk Exp,RDM,Ramagundam,29,16:09,16:10,83,86,2,1443.0,2
2026-08-25,12616,Grand Trunk Exp,WL,Warangal,30,17:48,17:50,76,76,1,1544.0,2
2026-08-25,12616,Grand Trunk Exp,KMT,Khammam,31,19:19,19:20,68,69,1,1651.0,2
2026-08-25,12616,Grand Trunk Exp,BZA,Vijayawada Jn,32,21:25,21:35,43,46,10,1751.0,2
2026-08-25,12616,Grand Trunk Exp,TEL,Tenali Jn,33,22:04,22:05,52,55,3,1782.0,2
2026-08-25,12616,Grand Trunk Exp,CLX,Chirala,34,22:59,23:00,60,62,3,1840.0,2
2026-08-25,12616,Grand Trunk Exp,OGL,Ongole,35,23:44,23:45,44,47,3,1889.0,2
2026-08-25,12616,Grand Trunk Exp,NLR,Nellore,36,01:14,01:15,54,55,3,2005.0,3
2026-08-25,12616,Grand Trunk Exp,GDR,Gudur Jn,37,02:03,02:05,53,55,1,2044.0,3
2026-08-25,12616,Grand Trunk Exp,MAS,Mgr Chennai Ctl,38,04:40,,52,,9,2181.0,3
2026-08-25,11013,Ltt Cbe Express,TNA,Thane,2,22:53,22:55,29,31,7,17.0,1
2026-08-25,11013,Ltt Cbe Express,KYN,Kalyan Jn,3,23:17,23:20,30,36,6,37.0,1
2026-08-25,11013,Ltt Cbe Express,PUNE,Pune Jn,4,01:50,01:55,48,50,3,176.0,2
2026-08-25,11013,Ltt Cbe Express,KWV,Kurduvadi,5,04:23,04:25,34,39,3,360.0,2
2026-08-25,11013,Ltt Cbe Express,SUR,Solapur Jn,6,06:00,06:05,20,24,3,439.0,2
2026-08-25,11013,Ltt Cbe Express,DUD,Dudhani,7,06:48,06:50,35,38,1,502.0,2
2026-08-25,11013,Ltt Cbe Express,GUR,Ganagapur Road,8,07:08,07:10,35,40,2,525.0,2
2026-08-25,11013,Ltt Cbe Express,KLBG,Kalaburagi,9,07:37,07:40,29,34,2,552.0,2
2026-08-25,11013,Ltt Cbe Express,SDB,Shahabad,10,08:18,08:20,30,36,2,578.0,2
2026-08-25,11013,Ltt Cbe Express,WADI,Wadi,11,09:08,09:10,9,20,1,589.0,2
2026-08-25,11013,Ltt Cbe Express,YG,Yadgir,12,09:38,09:40,6,16,1,628.0,2
2026-08-25,11013,Ltt Cbe Express,KSN,Krishna,13,10:15,10:25,18,27,1,671.0,2
2026-08-25,11013,Ltt Cbe Express,RC,Raichur,14,10:53,10:55,21,27,1,696.0,2
2026-08-25,11013,Ltt Cbe Express,MALM,Manthralayam Rd,15,11:18,11:20,23,26,1,725.0,2
2026-08-25,11013,Ltt Cbe Express,AD,Adoni,16,11:58,12:00,16,22,1,767.0,2
2026-08-25,11013,Ltt Cbe Express,GTL,Guntakal Jn,17,13:00,13:10,23,36,3,818.0,2
2026-08-25,11013,Ltt Cbe Express,ATP,Anantapur,18,14:28,14:30,19,22,4,886.0,2
2026-08-25,11013,Ltt Cbe Express,DMM,Dharmavaram Jn,19,15:45,15:50,,14,1,919.0,2
2026-08-25,11013,Ltt Cbe Express,SSPN,Sai P Nilayam,20,16:30,16:32,16,18,2,952.0,2
2026-08-25,11013,Ltt Cbe Express,HUP,Hindupur,21,17:23,17:25,18,23,3,1010.0,2
2026-08-25,11013,Ltt Cbe Express,GBD,Gauribidanur,22,17:48,17:50,17,22,2,1033.0,2
2026-08-25,11013,Ltt Cbe Express,BNCE,Bengaluru East,24,20:09,20:10,17,19,1,1113.0,2
2026-08-25,11013,Ltt Cbe Express,BNC,Bengaluru Cant,25,22:00,22:02,1,1,2,1116.0,2
2026-08-25,11013,Ltt Cbe Express,SBC,KSR Bengaluru,26,21:15,21:50,,2,4,1120.0,2
2026-08-25,11013,Ltt Cbe Express,BNC,Bengaluru Cant,27,22:00,22:02,1,1,2,1124.0,2
2026-08-25,11013,Ltt Cbe Express,HSRA,Hosur,28,23:08,23:10,32,36,2,1179.0,2
2026-08-25,11013,Ltt Cbe Express,DPJ,Dharmapuri,29,00:50,00:52,49,56,2,1271.0,3
2026-08-25,11013,Ltt Cbe Express,SA,Salem Jn,30,03:25,03:30,13,16,4,1337.0,3
2026-08-25,11013,Ltt Cbe Express,ED,Erode Jn,31,04:30,04:35,22,22,2,1396.0,3
2026-08-25,11013,Ltt Cbe Express,TUP,Tiruppur,32,05:18,05:20,17,21,1,1446.0,3
2026-08-25,11013,Ltt Cbe Express,CBE,Coimbatore Jn,33,06:50,,5,,3,1497.0,3
2026-08-25,12627,Karnataka Exp,BNC,Bengaluru Cant,2,19:31,19:32,7,8,2,5.0,1
2026-08-25,12627,Karnataka Exp,YNK,Yelhanka Jn,3,20:00,20:02,12,16,1,27.0,1
2026-08-25,12627,Karnataka Exp,HUP,Hindupur,4,21:06,21:08,19,20,2,111.0,1
2026-08-25,12627,Karnataka Exp,PKD,Penukonda,5,21:34,21:35,20,22,2,148.0,1
2026-08-25,12627,Karnataka Exp,SSPN,Sai P Nilayam,6,21:54,21:55,16,19,2,168.0,1
2026-08-25,12627,Karnataka Exp,DMM,Dharmavaram Jn,7,22:40,22:45,3,14,1,201.0,1
2026-08-25,12627,Karnataka Exp,ATP,Anantapur,8,23:13,23:15,8,15,1,235.0,1
2026-08-25,12627,Karnataka Exp,GTL,Guntakal Jn,9,00:25,00:30,4,18,2,320.0,2
2026-08-25,12627,Karnataka Exp,AD,Adoni,10,01:13,01:15,5,8,3,354.0,2
2026-08-25,12627,Karnataka Exp,MALM,Manthralayam Rd,11,02:03,02:05,5,8,1,395.0,2
2026-08-25,12627,Karnataka Exp,RC,Raichur,12,02:43,02:45,6,9,2,423.0,2
2026-08-25,12627,Karnataka Exp,YG,Yadgir,13,03:38,03:40,7,12,2,492.0,2
2026-08-25,12627,Karnataka Exp,WADI,Wadi,14,04:40,04:45,,11,4,531.0,2
2026-08-25,12627,Karnataka Exp,KLBG,Kalaburagi,15,05:17,05:20,2,9,3,567.0,2
2026-08-25,12627,Karnataka Exp,SUR,Solapur Jn,16,07:10,07:15,16,17,4,680.0,2
2026-08-25,12627,Karnataka Exp,KWV,Kurduvadi,17,08:18,08:20,10,15,2,759.0,2
2026-08-25,12627,Karnataka Exp,DD,Daund Jn,18,10:00,10:05,6,8,3,868.0,2
2026-08-25,12627,Karnataka Exp,ANG,Ahilyanagar,19,11:27,11:30,14,20,2,952.0,2
2026-08-25,12627,Karnataka Exp,BAP,Belapur,20,12:38,12:40,18,21,1,1019.0,2
2026-08-25,12627,Karnataka Exp,KPG,Kopargaon,21,13:37,13:40,19,22,1,1063.0,2
2026-08-25,12627,Karnataka Exp,MMR,Manmad Jn,22,14:50,14:55,5,15,2,1105.0,2
2026-08-25,12627,Karnataka Exp,JL,Jalgaon Jn,23,16:40,16:42,24,27,3,1265.0,2
2026-08-25,12627,Karnataka Exp,BSL,Bhusaval Jn,24,17:10,17:15,19,21,5,1289.0,2
2026-08-25,12627,Karnataka Exp,BAU,Burhanpur,25,18:03,18:05,25,27,2,1343.0,2
2026-08-25,12627,Karnataka Exp,KNW,Khandwa,26,19:17,19:20,17,21,4,1412.0,2
2026-08-25,12627,Karnataka Exp,ET,Itarsi Jn,27,21:20,21:25,25,29,1,1596.0,2
2026-08-25,12627,Karnataka Exp,BPL,Bhopal  Jn,28,23:00,23:05,22,31,2,1694.0,2
2026-08-25,12627,Karnataka Exp,BINA,Bina Jn,29,01:08,01:10,33,37,4,1832.0,3
2026-08-25,12627,Karnataka Exp,VGLJ,V Lakshmibai Jhansi Jhs,30,02:50,02:58,40,42,4,1985.0,3
2026-08-25,12627,Karnataka Exp,GWL,Gwalior,31,04:05,04:07,50,53,2,2082.0,3
2026-08-25,12627,Karnataka Exp,AGC,Agra Cantt,32,05:35,05:40,40,46,3,2200.0,3
2026-08-25,12627,Karnataka Exp,MTJ,Mathura Jn,33,06:20,06:25,64,71,2,2254.0,3
2026-08-25,12627,Karnataka Exp,NZM,H Nizamuddin,34,08:33,08:35,56,60,2,2388.0,3
2026-08-25,12627,Karnataka Exp,NDLS,New Delhi,35,09:00,,55,,7,2395.0,3
2026-08-25,12802,Purushottam Exp,FTP,Fatehpur,3,05:00,05:02,40,43,2,504.0,2
2026-08-25,12802,Purushottam Exp,PRYJ,Prayagraj Jn.,4,06:55,07:00,12,19,4,621.0,2
2026-08-25,12802,Purushottam Exp,MZP,Mirzapur,5,08:10,08:12,17,20,2,710.0,2
2026-08-25,12802,Purushottam Exp,CAR,Chunar,6,08:35,08:37,27,29,2,741.0,2
2026-08-25,12802,Purushottam Exp,DDU,Dd Upadhyaya Jn,7,09:43,09:50,,8,2,773.0,2
2026-08-25,12802,Purushottam Exp,BBU,Bhabua Road,8,10:30,10:32,14,15,3,826.0,2
2026-08-25,12802,Purushottam Exp,SSM,Sasaram,9,11:04,11:06,22,23,3,873.0,2
2026-08-25,12802,Purushottam Exp,DOS,Dehri On Sone,10,11:20,11:22,21,22,4,891.0,2
2026-08-25,12802,Purushottam Exp,AUBR,Anugraha N Road,11,11:38,11:40,23,24,3,908.0,2
2026-08-25,12802,Purushottam Exp,GAYA,Gaya Jn,12,12:35,12:40,22,24,2,976.0,2
2026-08-25,12802,Purushottam Exp,PRP,Paharpur,13,13:18,13:20,17,20,2,1008.0,2
2026-08-25,12802,Purushottam Exp,KQR,Koderma Jn,14,13:55,13:57,31,33,3,1052.0,2
2026-08-25,12802,Purushottam Exp,HZD,Hazaribagh Rd,15,14:25,14:27,38,39,3,1101.0,2
2026-08-25,12802,Purushottam Exp,PNME,Parasnath,16,14:45,14:47,41,42,2,1128.0,2
2026-08-25,12802,Purushottam Exp,GMO,Nsc Bose J Gomo,17,15:20,15:25,22,30,2,1146.0,2
2026-08-25,12802,Purushottam Exp,CRP,Chandrapura Jn,18,15:46,15:48,35,37,1,1163.0,2
2026-08-25,12802,Purushottam Exp,BKSC,Bokaro Stl City,19,16:20,16:25,28,30,2,1178.0,2
2026-08-25,12802,Purushottam Exp,PRR,Purulia Jn,20,17:43,17:45,18,23,1,1239.0,2
2026-08-25,12802,Purushottam Exp,BBM,Barabhum,21,18:14,18:15,22,23,1,1270.0,2
2026-08-25,12802,Purushottam Exp,CNI,Chandil Jn,22,18:48,18:50,19,21,3,1293.0,2
2026-08-25,12802,Purushottam Exp,TATA,Tatanagar Jn,23,19:55,20:05,36,38,4,1329.0,2
2026-08-25,12802,Purushottam Exp,GTS,Ghatsila,24,20:41,20:43,45,46,3,1365.0,2
2026-08-25,12802,Purushottam Exp,HIJ,Hijli,25,22:35,22:45,40,42,2,1463.0,2
2026-08-25,12802,Purushottam Exp,BLS,Balasore,26,00:10,00:15,40,41,2,1575.0,3
2026-08-25,12802,Purushottam Exp,BHC,Bhadrak,27,01:08,01:10,34,39,2,1637.0,3
2026-08-25,12802,Purushottam Exp,JJKR,Jajpur K Road,28,01:38,01:40,32,34,3,1681.0,3
2026-08-25,12802,Purushottam Exp,CTC,Cuttack,29,02:35,02:40,46,48,3,1753.0,3
2026-08-25,12802,Purushottam Exp,BBS,Bhubaneswar,30,03:20,03:25,50,55,4,1781.0,3
2026-08-25,12802,Purushottam Exp,KUR,Khurda Road JN,31,03:45,03:50,60,61,6,1800.0,3
2026-08-25,12802,Purushottam Exp,PURI,Puri,32,05:35,,39,,3,1843.0,3
2026-08-25,12424,Dbrt Rajdhani,CNB,Kanpur Central,2,21:00,21:05,1,12,6,441.0,1
2026-08-25,12424,Dbrt Rajdhani,PRYJ,Prayagraj Jn.,3,23:08,23:10,20,25,4,636.0,1
2026-08-25,12424,Dbrt Rajdhani,DDU,Dd Upadhyaya Jn,4,01:13,01:20,3,11,3,788.0,2
2026-08-25,12424,Dbrt Rajdhani,DNR,Danapur,5,03:38,03:40,15,17,1,990.0,2
2026-08-25,12424,Dbrt Rajdhani,PPTA,Patliputra,6,04:00,04:10,5,11,4,996.0,2
2026-08-25,12424,Dbrt Rajdhani,BJU,Barauni Jn,7,06:35,06:45,,9,4,1105.0,2
2026-08-25,12424,Dbrt Rajdhani,MNE,Mansi Jn,8,07:38,07:40,1,8,2,1169.0,2
2026-08-25,12424,Dbrt Rajdhani,NNA,Naugachia,9,08:24,08:26,15,18,1,1227.0,2
2026-08-25,12424,Dbrt Rajdhani,KIR,Katihar Jn,10,09:35,09:45,12,18,1,1284.0,2
2026-08-25,12424,Dbrt Rajdhani,KNE,Kishanganj,11,11:00,11:02,49,53,1,1380.0,2
2026-08-25,12424,Dbrt Rajdhani,NJP,New Jalpaiguri,12,12:30,12:40,47,57,4,1468.0,2
2026-08-25,12424,Dbrt Rajdhani,NCB,New Cooch Behar,13,14:15,14:17,43,49,4,1594.0,2
2026-08-25,12424,Dbrt Rajdhani,KOJ,Kokrajhar,14,15:15,15:17,49,51,2,1691.0,2
2026-08-25,12424,Dbrt Rajdhani,NBQ,New Bongaigaon,15,16:15,16:25,37,46,3,1719.0,2
2026-08-25,12424,Dbrt Rajdhani,RNY,Rangiya Jn,16,17:40,17:42,72,79,2,1828.0,2
2026-08-25,12424,Dbrt Rajdhani,GHY,Guwahati,17,19:10,19:25,64,86,1,1876.0,2
2026-08-25,12424,Dbrt Rajdhani,CPK,Chaparmukh Jn,18,20:43,20:45,84,87,2,1967.0,2
2026-08-25,12424,Dbrt Rajdhani,LMG,Lumding Jn,19,22:15,22:20,70,75,1,2056.0,2
2026-08-25,12424,Dbrt Rajdhani,DMV,Dimapur,21,23:30,23:37,75,80,2,2125.0,2
2026-08-25,12424,Dbrt Rajdhani,MXN,Mariani Jn,23,02:10,02:15,56,61,1,2234.0,3
2026-08-25,12424,Dbrt Rajdhani,NTSK,New Tinsukia Jn,24,04:20,04:30,75,77,1,2390.0,3
2026-08-25,12424,Dbrt Rajdhani,DBRG,DIBRUGARH,25,06:20,,63,,1,2434.0,3
2026-08-25,12618,Mngla Lksdp Exp,FDB,Faridabad,2,05:52,05:54,38,39,3,21.0,1
2026-08-25,12618,Mngla Lksdp Exp,MTJ,Mathura Jn,3,07:40,07:45,49,51,1,134.0,1
2026-08-25,12618,Mngla Lksdp Exp,AGC,Agra Cantt,4,08:20,08:25,52,55,2,188.0,1
2026-08-25,12618,Mngla Lksdp Exp,MRA,Morena,5,10:03,10:05,30,34,1,268.0,1
2026-08-25,12618,Mngla Lksdp Exp,GWL,Gwalior,6,10:31,10:33,40,43,1,306.0,1
2026-08-25,12618,Mngla Lksdp Exp,VGLJ,V Lakshmibai Jhansi Jhs,7,12:00,12:08,42,45,2,403.0,1
2026-08-25,12618,Mngla Lksdp Exp,BINA,Bina Jn,8,14:25,14:30,28,37,3,556.0,1
2026-08-25,12618,Mngla Lksdp Exp,BPL,Bhopal  Jn,9,16:20,16:25,40,48,1,694.0,1
2026-08-25,12618,Mngla Lksdp Exp,ET,Itarsi Jn,10,18:20,18:25,41,44,2,786.0,1
2026-08-25,12618,Mngla Lksdp Exp,KNW,Khandwa,11,20:53,20:55,37,41,5,969.0,1
2026-08-25,12618,Mngla Lksdp Exp,BAU,Burhanpur,12,21:43,21:45,42,45,1,1038.0,1
2026-08-25,12618,Mngla Lksdp Exp,BSL,Bhusaval Jn,13,22:40,22:45,40,51,1,1093.0,1
2026-08-25,12618,Mngla Lksdp Exp,MMR,Manmad Jn,14,01:03,01:05,59,63,3,1277.0,2
2026-08-25,12618,Mngla Lksdp Exp,NK,Nashik Road,15,02:05,02:08,66,74,3,1350.0,2
2026-08-25,12618,Mngla Lksdp Exp,KYN,Kalyan Jn,16,05:17,05:20,59,61,6,1484.0,2
2026-08-25,12618,Mngla Lksdp Exp,PNVL,Panvel,17,06:30,06:35,70,79,7,1520.0,2
2026-08-25,12618,Mngla Lksdp Exp,KHED,Khed,18,10:16,10:18,40,55,1,1735.0,2
2026-08-25,12618,Mngla Lksdp Exp,CHI,Chiplun,19,11:00,11:02,61,71,2,1776.0,2
2026-08-25,12618,Mngla Lksdp Exp,RN,Ratnagiri,20,12:40,12:45,83,97,1,1882.0,2
2026-08-25,12618,Mngla Lksdp Exp,KKW,Kankavali,21,15:00,15:02,107,113,1,2038.0,2
2026-08-25,12618,Mngla Lksdp Exp,THVM,Thivim,22,16:30,16:32,128,136,2,2152.0,2
2026-08-25,12618,Mngla Lksdp Exp,MAO,Madgaon,23,17:50,18:00,116,129,1,2217.0,2
2026-08-25,12618,Mngla Lksdp Exp,KAWR,Karwar,24,19:00,19:02,136,142,2,2299.0,2
2026-08-25,12618,Mngla Lksdp Exp,KT,Kumta,25,19:48,19:50,152,155,1,2376.0,2
2026-08-25,12618,Mngla Lksdp Exp,BTJL,Bhatkal,26,20:48,20:50,148,150,1,2452.0,2
2026-08-25,12618,Mngla Lksdp Exp,KUDA,Kundapura,27,21:40,21:42,154,156,1,2521.0,2
2026-08-25,12618,Mngla Lksdp Exp,UD,Udupi,28,22:10,22:12,144,147,1,2566.0,2
2026-08-25,12618,Mngla Lksdp Exp,MAJN,Mangaluru Jn,29,23:35,23:40,119,130,3,2647.0,2
2026-08-25,12618,Mngla Lksdp Exp,KGQ,Kasaragod,30,00:33,00:35,122,124,1,2695.0,3
2026-08-25,12618,Mngla Lksdp Exp,NLE,Nileshwar,31,01:04,01:05,119,120,2,2727.0,3
2026-08-25,12618,Mngla Lksdp Exp,PAY,Payyanur,32,01:24,01:25,117,118,2,2747.0,3
2026-08-25,12618,Mngla Lksdp Exp,CAN,Kannur,33,02:07,02:10,101,106,3,2780.0,3
2026-08-25,12618,Mngla Lksdp Exp,TLY,Thalassery,34,02:28,02:30,104,105,2,2801.0,3
2026-08-25,12618,Mngla Lksdp Exp,BDJ,Vadakara,35,02:49,02:50,103,105,1,2823.0,3
2026-08-25,12618,Mngla Lksdp Exp,QLD,Quilandi,36,03:09,03:10,103,106,2,2845.0,3
2026-08-25,12618,Mngla Lksdp Exp,CLT,Kozhikkode,37,03:32,03:35,109,114,1,2869.0,3
2026-08-25,12618,Mngla Lksdp Exp,TIR,Tirur,38,04:28,04:30,98,103,3,2910.0,3
2026-08-25,12618,Mngla Lksdp Exp,PTB,Pattambi,39,04:59,05:00,104,106,2,2944.0,3
2026-08-25,12618,Mngla Lksdp Exp,SRR,Shoranur Jn,40,05:15,05:20,96,107,6,2955.0,3
2026-08-25,12618,Mngla Lksdp Exp,TCR,Thrisur,41,06:05,06:08,124,127,1,2988.0,3
2026-08-25,12618,Mngla Lksdp Exp,AWY,Aluva,42,06:58,07:00,139,142,1,3043.0,3
2026-08-25,12618,Mngla Lksdp Exp,ERS,Ernakulam Jn,43,08:00,,126,,4,3062.0,3
2026-08-25,12840,Mas Hwh Sf Mail,GDR,Gudur Jn,2,20:48,20:50,23,28,2,138.0,1
2026-08-25,12840,Mas Hwh Sf Mail,NLR,Nellore,3,21:18,21:20,37,38,2,176.0,1
2026-08-25,12840,Mas Hwh Sf Mail,OGL,Ongole,4,22:58,23:00,39,41,1,292.0,1
2026-08-25,12840,Mas Hwh Sf Mail,CLX,Chirala,5,23:38,23:40,38,39,4,342.0,1
2026-08-25,12840,Mas Hwh Sf Mail,BPP,Bapatla,6,23:53,23:55,43,43,3,357.0,1
2026-08-25,12840,Mas Hwh Sf Mail,TEL,Tenali Jn,7,00:38,00:40,33,37,4,399.0,2
2026-08-25,12840,Mas Hwh Sf Mail,BZA,Vijayawada Jn,8,01:20,01:30,36,42,6,431.0,2
2026-08-25,12840,Mas Hwh Sf Mail,EE,Eluru,9,02:19,02:20,39,40,2,490.0,2
2026-08-25,12840,Mas Hwh Sf Mail,TDD,Tadepalligudem,10,02:59,03:00,32,35,2,538.0,2
2026-08-25,12840,Mas Hwh Sf Mail,NDD,Nidadavolu Jn,11,03:34,03:35,41,44,1,557.0,2
2026-08-25,12840,Mas Hwh Sf Mail,RJY,Rajahmundry,12,04:08,04:10,49,53,4,580.0,2
2026-08-25,12840,Mas Hwh Sf Mail,SLO,Samalkot Jn,13,04:49,04:50,28,32,1,630.0,2
2026-08-25,12840,Mas Hwh Sf Mail,ANV,Annavaram,14,05:19,05:20,35,36,3,667.0,2
2026-08-25,12840,Mas Hwh Sf Mail,TUNI,Tuni,15,05:39,05:40,32,33,2,684.0,2
2026-08-25,12840,Mas Hwh Sf Mail,AKP,Anakapalle,16,06:24,06:25,32,34,3,747.0,2
2026-08-25,12840,Mas Hwh Sf Mail,VSKP,Visakhapatnam,17,07:50,08:10,21,26,4,780.0,2
2026-08-25,12840,Mas Hwh Sf Mail,VZM,Vizianagram Jn,18,08:55,09:00,31,31,4,841.0,2
2026-08-25,12840,Mas Hwh Sf Mail,CPP,Chipurupalle,19,09:25,09:27,32,33,1,872.0,2
2026-08-25,12840,Mas Hwh Sf Mail,CHE,Srikakulam Road,20,09:58,10:00,31,31,2,910.0,2
2026-08-25,12840,Mas Hwh Sf Mail,NWP,Naupada Jn,21,10:33,10:35,23,24,2,958.0,2
2026-08-25,12840,Mas Hwh Sf Mail,PSA,Palasa,22,11:28,11:30,19,22,3,983.0,2
2026-08-25,12840,Mas Hwh Sf Mail,SPT,Sompeta,23,11:49,11:51,21,21,3,1015.0,2
2026-08-25,12840,Mas Hwh Sf Mail,IPM,Ichchpuram,24,12:04,12:06,21,22,2,1033.0,2
2026-08-25,12840,Mas Hwh Sf Mail,BAM,Brahmapur,25,12:20,12:25,33,33,1,1057.0,2
2026-08-25,12840,Mas Hwh Sf Mail,CAP,Chatrapur,26,12:38,12:40,39,39,1,1079.0,2
2026-08-25,12840,Mas Hwh Sf Mail,BALU,Balugaon,27,13:18,13:20,43,43,3,1133.0,2
2026-08-25,12840,Mas Hwh Sf Mail,KUR,Khurda Road JN,28,14:00,14:20,41,37,3,1204.0,2
2026-08-25,12840,Mas Hwh Sf Mail,BBS,Bhubaneswar,29,14:45,14:50,45,46,1,1223.0,2
2026-08-25,12840,Mas Hwh Sf Mail,CTC,Cuttack,30,15:25,15:30,43,46,2,1250.0,2
2026-08-25,12840,Mas Hwh Sf Mail,JJKR,Jajpur K Road,31,16:43,16:45,59,59,2,1322.0,2
2026-08-25,12840,Mas Hwh Sf Mail,BHC,Bhadrak,32,17:48,17:50,16,23,3,1366.0,2
2026-08-25,12840,Mas Hwh Sf Mail,BLS,Balasore,33,18:40,18:45,22,23,3,1428.0,2
2026-08-25,12840,Mas Hwh Sf Mail,KGP,Kharagpur Jn,34,20:20,20:25,29,31,5,1546.0,2
2026-08-25,12840,Mas Hwh Sf Mail,SRC,Santragachi Jn,35,21:58,22:00,65,78,7,1654.0,2
2026-08-25,12840,Mas Hwh Sf Mail,HWH,Howrah Jn,36,23:20,,87,,17,1662.0,2
2026-08-25,11302,Udyan Exp,BNC,Bengaluru Cant,2,20:51,20:52,11,11,2,5.0,1
2026-08-25,11302,Udyan Exp,YNK,Yelhanka Jn,3,21:20,21:22,16,19,1,27.0,1
2026-08-25,11302,Udyan Exp,DBU,Dodballapur,4,21:39,21:40,23,24,2,48.0,1
2026-08-25,11302,Udyan Exp,GBD,Gauribidanur,5,22:15,22:16,21,23,3,87.0,1
2026-08-25,11302,Udyan Exp,HUP,Hindupur,6,22:33,22:35,23,23,2,111.0,1
2026-08-25,11302,Udyan Exp,PKD,Penukonda,7,23:04,23:05,26,28,1,148.0,1
2026-08-25,11302,Udyan Exp,SSPN,Sai P Nilayam,8,23:23,23:25,29,30,2,168.0,1
2026-08-25,11302,Udyan Exp,DMM,Dharmavaram Jn,9,00:25,00:30,,7,1,201.0,2
2026-08-25,11302,Udyan Exp,ATP,Anantapur,10,00:58,01:00,7,9,1,235.0,2
2026-08-25,11302,Udyan Exp,GTL,Guntakal Jn,11,02:25,02:30,,20,1,320.0,2
2026-08-25,11302,Udyan Exp,AD,Adoni,12,03:13,03:15,14,16,3,372.0,2
2026-08-25,11302,Udyan Exp,MALM,Manthralayam Rd,13,03:48,03:50,10,13,2,413.0,2
2026-08-25,11302,Udyan Exp,RC,Raichur,14,04:13,04:15,15,17,2,441.0,2
2026-08-25,11302,Udyan Exp,KSN,Krishna,15,04:30,04:40,21,32,2,466.0,2
2026-08-25,11302,Udyan Exp,SADP,Saidapur,16,04:59,05:00,30,32,2,486.0,2
2026-08-25,11302,Udyan Exp,YG,Yadgir,17,05:28,05:30,15,19,2,510.0,2
2026-08-25,11302,Udyan Exp,NW,Nalwar,18,05:58,06:00,7,26,1,535.0,2
2026-08-25,11302,Udyan Exp,WADI,Wadi,19,07:05,07:10,,11,3,549.0,2
2026-08-25,11302,Udyan Exp,SDB,Shahabad,20,07:22,07:23,15,17,1,559.0,2
2026-08-25,11302,Udyan Exp,KLBG,Kalaburagi,21,07:52,07:55,7,10,3,585.0,2
2026-08-25,11302,Udyan Exp,GUR,Ganagapur Road,22,08:20,08:22,3,8,1,612.0,2
2026-08-25,11302,Udyan Exp,DUD,Dudhani,23,08:53,08:55,14,22,2,635.0,2
2026-08-25,11302,Udyan Exp,AKOR,Akalkot Road,24,09:14,09:15,20,27,2,663.0,2
2026-08-25,11302,Udyan Exp,SUR,Solapur Jn,25,10:55,11:00,4,17,1,698.0,2
2026-08-25,11302,Udyan Exp,KWV,Kurduvadi,26,12:00,12:02,23,24,2,777.0,2
2026-08-25,11302,Udyan Exp,DD,Daund Jn,27,14:25,14:30,,3,2,886.0,2
2026-08-25,11302,Udyan Exp,URI,Uruli,28,15:13,15:15,4,6,1,933.0,2
2026-08-25,11302,Udyan Exp,PUNE,Pune Jn,29,16:05,16:10,4,9,1,962.0,2
2026-08-25,11302,Udyan Exp,LNL,Lonavala,30,17:23,17:25,9,11,2,1025.0,2
2026-08-25,11302,Udyan Exp,KYN,Kalyan Jn,31,18:52,18:55,21,22,7,1100.0,2
2026-08-25,11302,Udyan Exp,DR,Dadar,32,19:42,19:45,17,16,12,1144.0,2
2026-08-25,11302,Udyan Exp,CSMT,C Shivaji Mah T,33,20:15,,9,,14,1153.0,2
2026-08-25,12622,Tamilnadu Exp,AGC,Agra Cantt,2,23:25,23:27,69,77,2,195.0,1
2026-08-25,12622,Tamilnadu Exp,GWL,Gwalior,3,01:13,01:15,62,65,1,313.0,2
2026-08-25,12622,Tamilnadu Exp,VGLJ,V Lakshmibai Jhansi Jhs,4,02:30,02:38,70,73,3,410.0,2
2026-08-25,12622,Tamilnadu Exp,BPL,Bhopal  Jn,5,06:45,06:50,63,72,1,701.0,2
2026-08-25,12622,Tamilnadu Exp,ET,Itarsi Jn,6,08:35,08:40,55,61,3,793.0,2
2026-08-25,12622,Tamilnadu Exp,NGP,Nagpur,7,13:05,13:10,58,74,2,1090.0,2
2026-08-25,12622,Tamilnadu Exp,BPQ,Balharshah,8,16:20,16:25,61,68,1,1301.0,2
2026-08-25,12622,Tamilnadu Exp,WL,Warangal,9,19:48,19:50,105,109,1,1544.0,2
2026-08-25,12622,Tamilnadu Exp,KMT,Khammam,10,20:59,21:00,117,121,1,1651.0,2
2026-08-25,12622,Tamilnadu Exp,BZA,Vijayawada Jn,11,23:00,23:10,89,88,8,1751.0,2
2026-08-25,12622,Tamilnadu Exp,MAS,Mgr Chennai Ctl,12,06:35,,65,,3,2181.0,3
2026-08-25,12621,Tamilnadu Sf Exp,BZA,Vijayawada Jn,2,03:40,03:50,33,35,10,431.0,2
2026-08-25,12621,Tamilnadu Sf Exp,KMT,Khammam,3,05:19,05:20,51,54,2,530.0,2
2026-08-25,12621,Tamilnadu Sf Exp,WL,Warangal,4,06:53,06:55,51,56,2,638.0,2
2026-08-25,12621,Tamilnadu Sf Exp,BPQ,Balharshah,5,10:30,10:35,59,61,4,880.0,2
2026-08-25,12621,Tamilnadu Sf Exp,NGP,Nagpur,6,13:45,13:50,61,67,1,1091.0,2
2026-08-25,12621,Tamilnadu Sf Exp,ET,Itarsi Jn,7,18:30,18:35,42,46,1,1388.0,2
2026-08-25,12621,Tamilnadu Sf Exp,BPL,Bhopal  Jn,8,20:10,20:20,39,45,2,1487.0,2
2026-08-25,12621,Tamilnadu Sf Exp,VGLJ,V Lakshmibai Jhansi Jhs,9,00:26,00:31,33,38,5,1778.0,3
2026-08-25,12621,Tamilnadu Sf Exp,GWL,Gwalior,10,01:32,01:34,54,57,2,1875.0,3
2026-08-25,12621,Tamilnadu Sf Exp,AGC,Agra Cantt,11,03:05,03:07,53,58,3,1993.0,3
2026-08-25,12621,Tamilnadu Sf Exp,NZM,H Nizamuddin,12,06:00,06:02,56,60,2,2180.0,3
2026-08-25,12621,Tamilnadu Sf Exp,NDLS,New Delhi,13,06:30,,57,,3,2188.0,3
2026-08-25,15909,Avadh Assam Exp,NTSK,New Tinsukia Jn,2,10:45,10:55,23,23,1,42.0,1
2026-08-25,15909,Avadh Assam Exp,BOJ,Bhojo,4,11:55,11:57,21,23,3,111.0,1
2026-08-25,15909,Avadh Assam Exp,SLGR,Simaluguri Jn,6,12:28,12:30,27,30,3,145.0,1
2026-08-25,15909,Avadh Assam Exp,MXN,Mariani Jn,7,13:20,13:30,48,50,3,199.0,1
2026-08-25,15909,Avadh Assam Exp,FKG,Furkating Jn,8,14:48,14:50,13,19,3,237.0,1
2026-08-25,15909,Avadh Assam Exp,SZR,Sarupathar,9,15:23,15:25,23,27,1,271.0,1
2026-08-25,15909,Avadh Assam Exp,DMV,Dimapur,11,15:55,16:10,27,27,1,307.0,1
2026-08-25,15909,Avadh Assam Exp,DPU,Diphu,12,16:38,16:40,36,40,2,344.0,1
2026-08-25,15909,Avadh Assam Exp,LMG,Lumding Jn,13,17:20,17:30,28,35,4,376.0,1
2026-08-25,15909,Avadh Assam Exp,HJI,Hojai,15,18:05,18:07,41,46,1,421.0,1
2026-08-25,15909,Avadh Assam Exp,CPK,Chaparmukh Jn,16,18:41,18:43,32,35,1,465.0,1
2026-08-25,15909,Avadh Assam Exp,JID,Jagi Road,17,19:09,19:11,43,46,1,499.0,1
2026-08-25,15909,Avadh Assam Exp,GHY,Guwahati,19,21:30,21:50,,25,1,557.0,1
2026-08-25,15909,Avadh Assam Exp,KYQ,Kamakhya,20,22:05,22:10,20,21,3,563.0,1
2026-08-25,15909,Avadh Assam Exp,RNY,Rangiya Jn,21,22:40,22:45,28,35,1,604.0,1
2026-08-25,15909,Avadh Assam Exp,BPRD,Barpeta Road,23,23:25,23:30,36,39,1,669.0,1
2026-08-25,15909,Avadh Assam Exp,NBQ,New Bongaigaon,24,00:30,00:40,25,30,1,713.0,2
2026-08-25,15909,Avadh Assam Exp,NOQ,New Alipurduar,26,02:40,02:45,41,42,2,820.0,2
2026-08-25,15909,Avadh Assam Exp,NCB,New Cooch Behar,27,03:10,03:15,33,37,1,839.0,2
2026-08-25,15909,Avadh Assam Exp,DQG,Dhupguri,28,04:05,04:10,29,31,2,899.0,2
2026-08-25,15909,Avadh Assam Exp,JPE,Jalpaiguri Road,29,04:38,04:40,32,35,1,931.0,2
2026-08-25,15909,Avadh Assam Exp,NJP,New Jalpaiguri,30,05:40,05:50,27,37,3,965.0,2
2026-08-25,15909,Avadh Assam Exp,AUB,Aluabari Road,31,06:35,06:37,63,67,2,1021.0,2
2026-08-25,15909,Avadh Assam Exp,KNE,Kishanganj,32,07:05,07:10,72,74,2,1052.0,2
2026-08-25,15909,Avadh Assam Exp,DLK,Dalkolha,33,07:35,07:37,75,80,2,1080.0,2
2026-08-25,15909,Avadh Assam Exp,BOE,Barsoi Jn,34,08:10,08:15,70,72,1,1109.0,2
2026-08-25,15909,Avadh Assam Exp,AZR,Azamnagar Road,35,08:33,08:35,70,71,2,1122.0,2
2026-08-25,15909,Avadh Assam Exp,KIR,Katihar Jn,37,10:35,10:45,30,34,5,1166.0,2
2026-08-25,15909,Avadh Assam Exp,NNA,Naugachia,38,11:28,11:30,43,47,1,1223.0,2
2026-08-25,15909,Avadh Assam Exp,THB,Thana Bihpur Jn,39,11:43,11:45,47,49,1,1238.0,2
2026-08-25,15909,Avadh Assam Exp,MNE,Mansi Jn,41,12:37,12:39,56,61,1,1281.0,2
2026-08-25,15909,Avadh Assam Exp,KGG,Khagaria Jn,42,12:49,12:51,61,65,1,1289.0,2
2026-08-25,15909,Avadh Assam Exp,BGS,Begu Sarai,43,13:28,13:30,69,73,1,1330.0,2
2026-08-25,15909,Avadh Assam Exp,BJU,Barauni Jn,44,14:10,14:20,65,65,3,1345.0,2
2026-08-25,15909,Avadh Assam Exp,DSS,Dalsingh Sarai,45,14:48,14:50,71,75,1,1372.0,2
2026-08-25,15909,Avadh Assam Exp,SPJ,Samastipur Jn,46,15:25,15:35,66,68,6,1396.0,2
2026-08-25,15909,Avadh Assam Exp,MFP,Muzaffarpur Jn,48,16:40,16:45,74,75,2,1448.0,2
2026-08-25,15909,Avadh Assam Exp,HJP,Hajipur Jn,49,17:33,17:38,85,88,3,1501.0,2
2026-08-25,15909,Avadh Assam Exp,SEE,Sonpur Jn,50,17:48,17:53,88,89,3,1507.0,2
2026-08-25,15909,Avadh Assam Exp,CPR,Chhapra,51,19:30,19:40,52,60,3,1561.0,2
2026-08-25,15909,Avadh Assam Exp,EKMA,Ekma,52,20:10,20:12,65,68,1,1588.0,2
2026-08-25,15909,Avadh Assam Exp,SV,Siwan Jn,53,20:45,20:50,47,51,3,1621.0,2
2026-08-25,15909,Avadh Assam Exp,BHTR,Bhatpar Rani,55,21:18,21:20,52,55,1,1657.0,2
2026-08-25,15909,Avadh Assam Exp,BTT,Bhatni Jn,56,21:35,21:37,59,62,3,1670.0,2
2026-08-25,15909,Avadh Assam Exp,DEOS,Deoria Sadar,57,22:00,22:05,57,59,2,1691.0,2
2026-08-25,15909,Avadh Assam Exp,GKP,Gorakhpur Jn,58,23:30,23:45,64,69,6,1740.0,2
2026-08-25,15909,Avadh Assam Exp,KLD,Khalilabad,59,00:22,00:24,71,74,1,1775.0,3
2026-08-25,15909,Avadh Assam Exp,BST,Basti,60,00:47,00:50,77,79,1,1805.0,3
2026-08-25,15909,Avadh Assam Exp,MUR,Mankapur Jn,61,01:35,01:37,84,87,2,1866.0,3
2026-08-25,15909,Avadh Assam Exp,GD,Gonda Jn,62,02:05,02:10,91,95,1,1894.0,3
2026-08-25,15909,Avadh Assam Exp,BBK,Barabanki Jn,63,03:53,03:55,80,86,3,1983.0,3
2026-08-25,15909,Avadh Assam Exp,LKO,Lucknow Nr,64,05:10,05:20,57,69,4,2011.0,3
2026-08-25,15909,Avadh Assam Exp,BLM,Balamu Jn,65,06:48,06:50,49,54,2,2080.0,3
2026-08-25,15909,Avadh Assam Exp,HRI,Hardoi,66,07:22,07:24,59,63,1,2113.0,3
2026-08-25,15909,Avadh Assam Exp,SPN,Shahjehanpur,67,08:56,08:58,35,44,3,2175.0,3
2026-08-25,15909,Avadh Assam Exp,BE,Bareilly,68,10:20,10:25,49,55,2,2246.0,3
2026-08-25,15909,Avadh Assam Exp,RMU,Rampur,69,11:23,11:25,69,72,3,2309.0,3
2026-08-25,15909,Avadh Assam Exp,MB,Moradabad,70,12:15,12:30,63,63,4,2337.0,3
2026-08-25,15909,Avadh Assam Exp,AMRO,Amroha,71,13:06,13:08,59,62,2,2367.0,3
2026-08-25,15909,Avadh Assam Exp,HPU,Hapur,72,14:00,14:02,68,74,1,2441.0,3
2026-08-25,15909,Avadh Assam Exp,PKW,Pilkhua,73,14:14,14:16,71,75,1,2452.0,3
2026-08-25,15909,Avadh Assam Exp,GZB,Ghaziabad,74,15:06,15:08,68,73,4,2478.0,3
2026-08-25,15909,Avadh Assam Exp,DLI,Old Delhi,75,15:55,16:10,73,91,10,2497.0,3
2026-08-25,15909,Avadh Assam Exp,DKZ,Delhi Kishangnj,76,16:22,16:24,88,91,2,2500.0,3
2026-08-25,15909,Avadh Assam Exp,SSB,Shakurbasti,77,16:36,16:38,97,98,2,2508.0,3
2026-08-25,15909,Avadh Assam Exp,NNO,Nangloi,78,16:46,16:48,99,100,1,2515.0,3
2026-08-25,15909,Avadh Assam Exp,BGZ,Bahadurgarh,79,16:59,17:01,102,104,1,2527.0,3
2026-08-25,15909,Avadh Assam Exp,ROK,Rohtak Jn,80,17:35,17:37,100,103,2,2567.0,3
2026-08-25,15909,Avadh Assam Exp,JIND,Jind Jn,81,18:15,18:17,112,114,4,2625.0,3
2026-08-25,15909,Avadh Assam Exp,NRW,Narwana Jn,82,18:42,18:44,114,116,3,2658.0,3
2026-08-25,15909,Avadh Assam Exp,TUN,Tohana,83,19:04,19:06,113,115,1,2684.0,3
2026-08-25,15909,Avadh Assam Exp,JHL,Jakhal Jn,84,19:22,19:24,109,111,1,2696.0,3
2026-08-25,15909,Avadh Assam Exp,BRZ,Bareta,85,19:36,19:38,111,113,2,2710.0,3
2026-08-25,15909,Avadh Assam Exp,BLZ,Budhlada,86,19:51,19:53,112,113,2,2726.0,3
2026-08-25,15909,Avadh Assam Exp,MSZ,Mansa,87,20:06,20:08,114,116,1,2742.0,3
2026-08-25,15909,Avadh Assam Exp,MAUR,Maur,88,20:22,20:24,115,116,2,2761.0,3
2026-08-25,15909,Avadh Assam Exp,BTI,Bathinda Jn,89,21:35,22:00,82,83,1,2794.0,3
2026-08-25,15909,Avadh Assam Exp,MBY,Mandi Dabwali,90,22:40,22:45,82,82,1,2830.0,3
2026-08-25,15909,Avadh Assam Exp,SGRA,Sangaria,91,23:08,23:10,83,88,1,2860.0,3
2026-08-25,15909,Avadh Assam Exp,HMH,Hanumangarh Jn,92,23:40,23:45,70,73,1,2887.0,3
2026-08-25,15909,Avadh Assam Exp,PGK,Pili Bangan,93,00:07,00:09,76,78,1,2912.0,4
2026-08-25,15909,Avadh Assam Exp,SOG,Suratgarh Jn,94,00:40,00:45,70,73,1,2937.0,4
2026-08-25,15909,Avadh Assam Exp,MHJ,Mahajan,95,01:41,01:43,78,80,1,2999.0,4
2026-08-25,15909,Avadh Assam Exp,LKS,Lunkaransar,96,02:12,02:14,81,84,1,3039.0,4
2026-08-25,15909,Avadh Assam Exp,LGH,Lalgarh Jn,97,04:35,,37,,1,3115.0,4
2026-08-25,12137,Punjab Mail,DR,Dadar,2,19:47,19:50,41,41,10,9.0,1
2026-08-25,12137,Punjab Mail,KYN,Kalyan Jn,3,20:32,20:35,48,51,4,54.0,1
2026-08-25,12137,Punjab Mail,KSRA,Kasara,4,21:42,21:45,45,52,1,121.0,1
2026-08-25,12137,Punjab Mail,NK,Nashik Road,5,22:55,23:00,59,61,2,188.0,1
2026-08-25,12137,Punjab Mail,MMR,Manmad Jn,6,00:07,00:10,54,56,2,261.0,2
2026-08-25,12137,Punjab Mail,CSN,Chalisgaon Jn,7,00:53,00:55,61,63,2,328.0,2
2026-08-25,12137,Punjab Mail,JL,Jalgaon Jn,8,02:03,02:05,63,66,3,420.0,2
2026-08-25,12137,Punjab Mail,BSL,Bhusaval Jn,9,02:40,02:45,52,55,6,445.0,2
2026-08-25,12137,Punjab Mail,BAU,Burhanpur,10,03:28,03:30,56,57,2,499.0,2
2026-08-25,12137,Punjab Mail,KNW,Khandwa,11,04:52,04:55,33,36,4,568.0,2
2026-08-25,12137,Punjab Mail,KKN,Khirkiya,12,05:40,05:42,39,41,1,644.0,2
2026-08-25,12137,Punjab Mail,HD,Harda,13,06:01,06:03,46,48,2,676.0,2
2026-08-25,12137,Punjab Mail,BPF,Banapura,14,06:31,06:33,56,58,2,718.0,2
2026-08-25,12137,Punjab Mail,ET,Itarsi Jn,15,07:30,07:40,28,36,1,752.0,2
2026-08-25,12137,Punjab Mail,NDPM,Narmadapuram,16,07:58,08:00,38,39,1,769.0,2
2026-08-25,12137,Punjab Mail,RKMP,Rani Kamalapati,17,09:28,09:30,35,39,1,844.0,2
2026-08-25,12137,Punjab Mail,BPL,Bhopal  Jn,18,09:45,09:50,39,44,3,850.0,2
2026-08-25,12137,Punjab Mail,BHS,Vidisha,19,10:25,10:27,50,52,1,903.0,2
2026-08-25,12137,Punjab Mail,BAQ,Ganj Basoda,20,10:51,10:53,60,61,1,943.0,2
2026-08-25,12137,Punjab Mail,BINA,Bina Jn,21,12:00,12:05,32,37,5,988.0,2
2026-08-25,12137,Punjab Mail,LAR,Lalitpur Jn,22,12:50,12:52,40,44,3,1051.0,2
2026-08-25,12137,Punjab Mail,BAB,Babina,23,13:35,13:37,47,47,2,1115.0,2
2026-08-25,12137,Punjab Mail,VGLJ,V Lakshmibai Jhansi Jhs,24,14:15,14:23,35,40,4,1141.0,2
2026-08-25,12137,Punjab Mail,DAA,Datia,25,14:44,14:46,44,50,1,1165.0,2
2026-08-25,12137,Punjab Mail,DBA,Dabra,26,15:07,15:09,51,54,3,1196.0,2
2026-08-25,12137,Punjab Mail,GWL,Gwalior,27,15:40,15:42,69,72,2,1238.0,2
2026-08-25,12137,Punjab Mail,MRA,Morena,28,16:15,16:17,74,76,2,1276.0,2
2026-08-25,12137,Punjab Mail,DHO,Dhaulpur,29,17:20,17:22,41,45,3,1304.0,2
2026-08-25,12137,Punjab Mail,AGC,Agra Cantt,30,18:00,18:05,55,57,3,1356.0,2
2026-08-25,12137,Punjab Mail,RKM,Raja Ki Mandi,31,18:13,18:15,57,58,1,1360.0,2
2026-08-25,12137,Punjab Mail,MTJ,Mathura Jn,32,18:45,18:50,64,68,3,1410.0,2
2026-08-25,12137,Punjab Mail,KSV,Kosi Kalan,33,19:16,19:18,72,75,3,1451.0,2
2026-08-25,12137,Punjab Mail,FDB,Faridabad,34,20:35,20:37,38,42,2,1523.0,2
2026-08-25,12137,Punjab Mail,NZM,H Nizamuddin,35,20:55,20:57,51,54,2,1543.0,2
2026-08-25,12137,Punjab Mail,NDLS,New Delhi,36,21:25,21:40,48,54,3,1551.0,2
2026-08-25,12137,Punjab Mail,DKZ,Delhi Kishangnj,37,21:54,21:56,59,61,1,1555.0,2
2026-08-25,12137,Punjab Mail,SSB,Shakurbasti,38,22:08,22:10,64,65,5,1562.0,2
2026-08-25,12137,Punjab Mail,BGZ,Bahadurgarh,39,22:26,22:28,67,68,1,1582.0,2
2026-08-25,12137,Punjab Mail,ROK,Rohtak Jn,40,22:56,22:58,69,70,2,1622.0,2
2026-08-25,12137,Punjab Mail,JIND,Jind Jn,41,23:44,23:46,70,73,4,1679.0,2
2026-08-25,12137,Punjab Mail,NRW,Narwana Jn,42,00:11,00:13,72,72,3,1713.0,3
2026-08-25,12137,Punjab Mail,TUN,Tohana,43,00:32,00:34,72,72,1,1739.0,3
2026-08-25,12137,Punjab Mail,JHL,Jakhal Jn,44,00:53,00:55,66,66,1,1751.0,3
2026-08-25,12137,Punjab Mail,BRZ,Bareta,45,01:06,01:08,68,68,2,1765.0,3
2026-08-25,12137,Punjab Mail,BLZ,Budhlada,46,01:20,01:22,68,69,2,1780.0,3
2026-08-25,12137,Punjab Mail,MSZ,Mansa,47,01:35,01:37,69,69,1,1796.0,3
2026-08-25,12137,Punjab Mail,MAUR,Maur,48,01:51,01:53,70,71,2,1815.0,3
2026-08-25,12137,Punjab Mail,BTI,Bathinda Jn,49,02:55,03:05,51,43,4,1849.0,3
2026-08-25,12137,Punjab Mail,GNA,Goneana B Jagta,50,03:17,03:19,46,46,1,1861.0,3
2026-08-25,12137,Punjab Mail,GJUT,Gangsar Jaitu,51,03:32,03:34,47,48,2,1875.0,3
2026-08-25,12137,Punjab Mail,KKP,Kot Kapura,52,03:48,03:50,47,50,1,1891.0,3
2026-08-25,12137,Punjab Mail,FDK,Faridkot,53,04:05,04:07,47,49,1,1904.0,3
2026-08-25,12137,Punjab Mail,FZR,Firozpur Cant,54,05:15,,33,,1,1936.0,3
2026-08-25,15910,Avadh Assam Exp,LKS,Lunkaransar,2,20:46,20:48,18,19,1,76.0,1
2026-08-25,15910,Avadh Assam Exp,MHJ,Mahajan,3,21:18,21:20,25,26,1,115.0,1
2026-08-25,15910,Avadh Assam Exp,SOG,Suratgarh Jn,4,22:20,22:25,18,21,2,178.0,1
2026-08-25,15910,Avadh Assam Exp,PGK,Pili Bangan,5,22:48,22:50,21,22,1,203.0,1
2026-08-25,15910,Avadh Assam Exp,HMH,Hanumangarh Jn,6,23:20,23:25,21,23,1,228.0,1
2026-08-25,15910,Avadh Assam Exp,SGRA,Sangaria,7,23:48,23:50,23,24,1,254.0,1
2026-08-25,15910,Avadh Assam Exp,MBY,Mandi Dabwali,8,00:15,00:20,24,23,1,284.0,2
2026-08-25,15910,Avadh Assam Exp,BTI,Bathinda Jn,9,01:30,02:00,,3,4,320.0,2
2026-08-25,15910,Avadh Assam Exp,MAUR,Maur,10,02:24,02:26,11,11,1,354.0,2
2026-08-25,15910,Avadh Assam Exp,MSZ,Mansa,11,02:40,02:42,13,14,2,373.0,2
2026-08-25,15910,Avadh Assam Exp,BLZ,Budhlada,12,02:55,02:57,14,13,1,389.0,2
2026-08-25,15910,Avadh Assam Exp,BRZ,Bareta,13,03:09,03:11,15,15,1,404.0,2
2026-08-25,15910,Avadh Assam Exp,JHL,Jakhal Jn,14,03:24,03:26,16,17,2,418.0,2
2026-08-25,15910,Avadh Assam Exp,TUN,Tohana,15,03:37,03:39,17,16,2,430.0,2
2026-08-25,15910,Avadh Assam Exp,NRW,Narwana Jn,16,03:58,04:00,18,18,2,456.0,2
2026-08-25,15910,Avadh Assam Exp,JIND,Jind Jn,17,04:27,04:29,16,18,1,490.0,2
2026-08-25,15910,Avadh Assam Exp,ROK,Rohtak Jn,18,05:13,05:15,17,19,1,547.0,2
2026-08-25,15910,Avadh Assam Exp,BGZ,Bahadurgarh,19,05:48,05:50,16,18,2,587.0,2
2026-08-25,15910,Avadh Assam Exp,SSB,Shakurbasti,20,06:18,06:20,13,15,1,607.0,2
2026-08-25,15910,Avadh Assam Exp,DKZ,Delhi Kishangnj,21,06:40,06:42,10,15,2,614.0,2
2026-08-25,15910,Avadh Assam Exp,DLI,Old Delhi,22,07:07,07:22,2,18,16,617.0,2
2026-08-25,15910,Avadh Assam Exp,GZB,Ghaziabad,23,08:08,08:10,10,16,1,637.0,2
2026-08-25,15910,Avadh Assam Exp,PKW,Pilkhua,24,08:39,08:41,21,24,2,663.0,2
2026-08-25,15910,Avadh Assam Exp,HPU,Hapur,25,08:52,08:54,25,27,2,674.0,2
2026-08-25,15910,Avadh Assam Exp,AMRO,Amroha,26,09:50,09:52,34,35,1,748.0,2
2026-08-25,15910,Avadh Assam Exp,MB,Moradabad,27,10:45,10:55,19,22,1,778.0,2
2026-08-25,15910,Avadh Assam Exp,RMU,Rampur,28,11:23,11:25,24,28,2,805.0,2
2026-08-25,15910,Avadh Assam Exp,BE,Bareilly,29,12:14,12:19,46,48,1,869.0,2
2026-08-25,15910,Avadh Assam Exp,SPN,Shahjehanpur,30,13:28,13:30,38,42,1,939.0,2
2026-08-25,15910,Avadh Assam Exp,HRI,Hardoi,31,14:28,14:30,35,42,3,1002.0,2
2026-08-25,15910,Avadh Assam Exp,BLM,Balamu Jn,32,15:02,15:04,40,42,1,1035.0,2
2026-08-25,15910,Avadh Assam Exp,LKO,Lucknow Nr,33,17:30,17:40,13,32,1,1104.0,2
2026-08-25,15910,Avadh Assam Exp,BBK,Barabanki Jn,34,18:46,18:48,15,24,4,1132.0,2
2026-08-25,15910,Avadh Assam Exp,GD,Gonda Jn,36,20:20,20:25,39,44,2,1221.0,2
2026-08-25,15910,Avadh Assam Exp,MUR,Mankapur Jn,37,20:47,20:49,54,57,1,1249.0,2
2026-08-25,15910,Avadh Assam Exp,BST,Basti,38,22:00,22:03,50,54,3,1310.0,2
2026-08-25,15910,Avadh Assam Exp,KLD,Khalilabad,39,22:24,22:26,62,63,2,1340.0,2
2026-08-25,15910,Avadh Assam Exp,GKP,Gorakhpur Jn,40,23:40,23:50,25,28,1,1374.0,2
2026-08-25,15910,Avadh Assam Exp,DEOS,Deoria Sadar,41,00:45,00:50,42,43,3,1424.0,3
2026-08-25,15910,Avadh Assam Exp,BTT,Bhatni Jn,42,01:10,01:15,42,43,4,1445.0,3
2026-08-25,15910,Avadh Assam Exp,BHTR,Bhatpar Rani,43,01:30,01:32,25,31,2,1458.0,3
2026-08-25,15910,Avadh Assam Exp,SV,Siwan Jn,45,02:10,02:15,34,35,1,1494.0,3
2026-08-25,15910,Avadh Assam Exp,EKMA,Ekma,46,02:46,02:48,39,41,2,1527.0,3
2026-08-25,15910,Avadh Assam Exp,CPR,Chhapra,47,03:40,03:50,24,27,4,1554.0,3
2026-08-25,15910,Avadh Assam Exp,SEE,Sonpur Jn,48,05:05,05:10,17,26,2,1608.0,3
2026-08-25,15910,Avadh Assam Exp,HJP,Hajipur Jn,49,05:20,05:25,26,26,4,1614.0,3
2026-08-25,15910,Avadh Assam Exp,MFP,Muzaffarpur Jn,50,06:10,06:15,31,35,1,1667.0,3
2026-08-25,15910,Avadh Assam Exp,SPJ,Samastipur Jn,52,07:30,07:35,43,45,5,1719.0,3
2026-08-25,15910,Avadh Assam Exp,DSS,Dalsingh Sarai,53,08:01,08:03,50,51,2,1743.0,3
2026-08-25,15910,Avadh Assam Exp,BJU,Barauni Jn,54,08:50,09:00,45,47,2,1770.0,3
2026-08-25,15910,Avadh Assam Exp,BGS,Begu Sarai,55,09:16,09:18,53,55,2,1786.0,3
2026-08-25,15910,Avadh Assam Exp,KGG,Khagaria Jn,56,09:46,09:48,65,69,2,1826.0,3
2026-08-25,15910,Avadh Assam Exp,MNE,Mansi Jn,57,10:00,10:02,67,68,2,1835.0,3
2026-08-25,15910,Avadh Assam Exp,THB,Thana Bihpur Jn,59,10:45,10:47,71,73,2,1877.0,3
2026-08-25,15910,Avadh Assam Exp,NNA,Naugachia,60,11:00,11:02,73,75,1,1893.0,3
2026-08-25,15910,Avadh Assam Exp,KIR,Katihar Jn,61,12:50,13:00,28,43,1,1950.0,3
2026-08-25,15910,Avadh Assam Exp,AZR,Azamnagar Road,63,14:04,14:06,57,62,1,1993.0,3
2026-08-25,15910,Avadh Assam Exp,BOE,Barsoi Jn,64,14:15,14:17,66,71,2,2006.0,3
2026-08-25,15910,Avadh Assam Exp,DLK,Dalkolha,65,14:45,14:47,85,88,1,2035.0,3
2026-08-25,15910,Avadh Assam Exp,KNE,Kishanganj,66,15:05,15:10,96,98,1,2063.0,3
2026-08-25,15910,Avadh Assam Exp,AUB,Aluabari Road,67,15:36,15:38,106,110,1,2094.0,3
2026-08-25,15910,Avadh Assam Exp,NJP,New Jalpaiguri,68,16:40,16:50,123,131,1,2150.0,3
2026-08-25,15910,Avadh Assam Exp,JPE,Jalpaiguri Road,69,17:38,17:40,92,97,2,2184.0,3
2026-08-25,15910,Avadh Assam Exp,DQG,Dhupguri,70,18:10,18:15,100,99,1,2216.0,3
2026-08-25,15910,Avadh Assam Exp,NCB,New Cooch Behar,71,19:10,19:15,100,101,4,2277.0,3
2026-08-25,15910,Avadh Assam Exp,NOQ,New Alipurduar,72,19:35,19:40,100,102,1,2295.0,3
2026-08-25,15910,Avadh Assam Exp,NBQ,New Bongaigaon,74,21:35,21:45,71,81,3,2405.0,3
2026-08-25,15910,Avadh Assam Exp,BPRD,Barpeta Road,75,22:22,22:27,96,96,2,2449.0,3
2026-08-25,15910,Avadh Assam Exp,RNY,Rangiya Jn,77,23:30,23:35,109,113,2,2514.0,3
2026-08-25,15910,Avadh Assam Exp,KYQ,Kamakhya,78,00:35,00:40,95,106,2,2555.0,4
2026-08-25,15910,Avadh Assam Exp,GHY,Guwahati,79,00:55,01:15,110,138,1,2562.0,4
2026-08-25,15910,Avadh Assam Exp,JID,Jagi Road,81,02:13,02:15,135,135,1,2619.0,4
2026-08-25,15910,Avadh Assam Exp,CPK,Chaparmukh Jn,82,02:44,02:46,138,138,2,2653.0,4
2026-08-25,15910,Avadh Assam Exp,HJI,Hojai,83,03:21,03:23,140,142,2,2697.0,4
2026-08-25,15910,Avadh Assam Exp,LMG,Lumding Jn,85,04:25,04:35,119,134,4,2742.0,4
2026-08-25,15910,Avadh Assam Exp,DPU,Diphu,86,05:08,05:10,135,142,1,2774.0,4
2026-08-25,15910,Avadh Assam Exp,DMV,Dimapur,87,06:00,06:15,159,164,1,2811.0,4
2026-08-25,15910,Avadh Assam Exp,SZR,Sarupathar,89,06:50,06:52,157,157,1,2848.0,4
2026-08-25,15910,Avadh Assam Exp,FKG,Furkating Jn,90,08:00,08:02,129,134,1,2881.0,4
2026-08-25,15910,Avadh Assam Exp,MXN,Mariani Jn,91,08:35,08:45,139,150,1,2920.0,4
2026-08-25,15910,Avadh Assam Exp,SLGR,Simaluguri Jn,92,09:50,09:52,166,167,1,2973.0,4
2026-08-25,15910,Avadh Assam Exp,BOJ,Bhojo,94,10:23,10:25,153,154,1,3008.0,4
2026-08-25,15910,Avadh Assam Exp,NTSK,New Tinsukia Jn,96,12:10,12:20,147,148,1,3076.0,4
2026-08-25,15910,Avadh Assam Exp,DBRG,DIBRUGARH,97,14:15,,140,,1,3118.0,4
2026-08-25,11014,Cbe Ltt Exp,TUP,Tiruppur,2,09:30,09:35,17,21,2,51.0,1
2026-08-25,11014,Cbe Ltt Exp,ED,Erode Jn,3,10:20,10:25,15,19,1,101.0,1
2026-08-25,11014,Cbe Ltt Exp,SA,Salem Jn,4,11:15,11:20,17,18,5,164.0,1
2026-08-25,11014,Cbe Ltt Exp,DPJ,Dharmapuri,5,12:38,12:40,31,35,2,230.0,1
2026-08-25,11014,Cbe Ltt Exp,HSRA,Hosur,6,14:03,14:05,38,41,2,322.0,1
2026-08-25,11014,Cbe Ltt Exp,BNC,Bengaluru Cant,7,15:14,15:15,46,50,1,377.0,1
2026-08-25,11014,Cbe Ltt Exp,SBC,KSR Bengaluru,8,15:45,16:00,36,38,4,381.0,1
2026-08-25,11014,Cbe Ltt Exp,GBD,Gauribidanur,10,17:29,17:30,66,68,3,468.0,1
2026-08-25,11014,Cbe Ltt Exp,HUP,Hindupur,11,17:52,17:53,57,60,2,491.0,1
2026-08-25,11014,Cbe Ltt Exp,SSPN,Sai P Nilayam,12,18:58,19:00,42,50,1,549.0,1
2026-08-25,11014,Cbe Ltt Exp,DMM,Dharmavaram Jn,13,20:10,20:15,20,34,1,582.0,1
2026-08-25,11014,Cbe Ltt Exp,ATP,Anantapur,14,20:43,20:45,33,38,1,616.0,1
2026-08-25,11014,Cbe Ltt Exp,GTL,Guntakal Jn,15,21:45,21:50,38,62,1,683.0,1
2026-08-25,11014,Cbe Ltt Exp,AD,Adoni,16,22:38,22:40,47,51,3,735.0,1
2026-08-25,11014,Cbe Ltt Exp,MALM,Manthralayam Rd,17,23:13,23:15,43,45,2,776.0,1
2026-08-25,11014,Cbe Ltt Exp,RC,Raichur,18,23:50,23:52,50,53,2,804.0,1
2026-08-25,11014,Cbe Ltt Exp,YG,Yadgir,20,00:58,01:00,55,65,2,873.0,2
2026-08-25,11014,Cbe Ltt Exp,WADI,Wadi,21,02:35,02:40,3,24,3,912.0,2
2026-08-25,11014,Cbe Ltt Exp,SDB,Shahabad,22,02:51,02:53,20,23,1,922.0,2
2026-08-25,11014,Cbe Ltt Exp,KLBG,Kalaburagi,23,03:12,03:15,22,26,3,948.0,2
2026-08-25,11014,Cbe Ltt Exp,GUR,Ganagapur Road,24,03:38,03:40,23,25,1,975.0,2
2026-08-25,11014,Cbe Ltt Exp,DUD,Dudhani,25,03:58,04:00,28,30,2,998.0,2
2026-08-25,11014,Cbe Ltt Exp,SUR,Solapur Jn,26,05:30,05:35,32,36,4,1061.0,2
2026-08-25,11014,Cbe Ltt Exp,KWV,Kurduvadi,27,06:33,06:35,42,46,2,1140.0,2
2026-08-25,11014,Cbe Ltt Exp,DD,Daund Jn,28,08:45,08:50,17,18,2,1249.0,2
2026-08-25,11014,Cbe Ltt Exp,PUNE,Pune Jn,29,10:15,10:20,20,29,3,1325.0,2
2026-08-25,11014,Cbe Ltt Exp,KYN,Kalyan Jn,30,12:47,12:50,39,39,5,1463.0,2
2026-08-25,11014,Cbe Ltt Exp,TNA,Thane,31,13:08,13:10,41,42,8,1483.0,2
2026-08-25,11014,Cbe Ltt Exp,LTT,Lokmanyatilak T,32,13:55,,25,,7,1501.0,2
2026-08-25,17230,Sabari Express,CHZ,Charlapalli,2,14:43,14:44,11,12,3,12.0,1
2026-08-25,17230,Sabari Express,NLDA,Nalgonda,3,15:42,15:43,24,26,1,109.0,1
2026-08-25,17230,Sabari Express,MRGA,Miryalaguda,4,16:11,16:12,30,32,1,147.0,1
2026-08-25,17230,Sabari Express,NDKD,Nadikudi Jn,5,16:42,16:43,41,44,1,185.0,1
2026-08-25,17230,Sabari Express,PGRL,Piduguralla,6,17:04,17:05,45,48,1,207.0,1
2026-08-25,17230,Sabari Express,SAP,Sattenapalle,7,17:31,17:32,53,56,1,238.0,1
2026-08-25,17230,Sabari Express,GNT,Guntur Jn,8,18:20,18:30,19,21,1,281.0,1
2026-08-25,17230,Sabari Express,TEL,Tenali Jn,9,19:33,19:35,12,16,3,306.0,1
2026-08-25,17230,Sabari Express,NDO,Nidubrolu,10,19:53,19:55,18,21,3,328.0,1
2026-08-25,17230,Sabari Express,BPP,Bapatla,11,20:13,20:15,22,24,1,349.0,1
2026-08-25,17230,Sabari Express,CLX,Chirala,12,20:28,20:30,22,23,3,364.0,1
2026-08-25,17230,Sabari Express,OGL,Ongole,13,21:13,21:15,7,13,1,413.0,1
2026-08-25,17230,Sabari Express,SKM,Singarayakonda,14,21:38,21:40,14,16,2,441.0,1
2026-08-25,17230,Sabari Express,NLR,Nellore,15,22:38,22:40,6,10,3,530.0,1
2026-08-25,17230,Sabari Express,GDR,Gudur Jn,16,23:28,23:30,8,13,1,568.0,1
2026-08-25,17230,Sabari Express,RU,Renigunta Jn,17,00:45,00:55,13,24,3,652.0,2
2026-08-25,17230,Sabari Express,TPTY,Tirupati,18,01:20,01:25,23,28,2,662.0,2
2026-08-25,17230,Sabari Express,CTO,Chittoor,19,02:23,02:25,19,22,2,734.0,2
2026-08-25,17230,Sabari Express,KPD,Katpadi Jn,20,03:35,03:40,19,24,3,766.0,2
2026-08-25,17230,Sabari Express,JTJ,Jolarpettai,21,04:53,04:55,19,24,1,851.0,2
2026-08-25,17230,Sabari Express,MAP,Morappur,22,05:24,05:25,32,34,3,906.0,2
2026-08-25,17230,Sabari Express,SA,Salem Jn,23,06:15,06:20,26,29,4,971.0,2
2026-08-25,17230,Sabari Express,ED,Erode Jn,24,07:10,07:20,25,26,2,1031.0,2
2026-08-25,17230,Sabari Express,TUP,Tiruppur,25,08:08,08:10,28,31,1,1081.0,2
2026-08-25,17230,Sabari Express,CBE,Coimbatore Jn,26,09:10,09:15,14,20,1,1132.0,2
2026-08-25,17230,Sabari Express,PGT,Palakkad Jn,27,10:12,10:15,11,22,4,1188.0,2
2026-08-25,17230,Sabari Express,OTP,Ottappalam,28,10:41,10:43,23,25,2,1219.0,2
2026-08-25,17230,Sabari Express,WKI,Wadakancheri,29,11:11,11:12,34,38,1,1246.0,2
2026-08-25,17230,Sabari Express,TCR,Thrisur,30,11:32,11:35,36,37,1,1263.0,2
2026-08-25,17230,Sabari Express,AWY,Aluva,31,12:25,12:27,38,41,1,1317.0,2
2026-08-25,17230,Sabari Express,ERN,Ernakulam Town,32,12:50,12:55,40,44,2,1334.0,2
2026-08-25,17230,Sabari Express,KTYM,Kottayam,33,14:12,14:15,42,44,2,1394.0,2
2026-08-25,17230,Sabari Express,CGY,Changanaseri,34,14:32,14:33,33,35,3,1412.0,2
2026-08-25,17230,Sabari Express,TRVL,Tiruvalla,35,14:44,14:45,33,35,3,1420.0,2
2026-08-25,17230,Sabari Express,CNGR,Chengannur,36,14:55,14:57,34,35,1,1429.0,2
2026-08-25,17230,Sabari Express,MVLK,Mavelikara,37,15:08,15:09,26,28,3,1442.0,2
2026-08-25,17230,Sabari Express,KYJ,Kayankulam Jn,38,15:16,15:18,21,27,4,1449.0,2
2026-08-25,17230,Sabari Express,KPY,Karunagapalli,39,15:36,15:37,21,23,2,1463.0,2
2026-08-25,17230,Sabari Express,QLN,Kollam Jn,40,16:20,16:23,,14,1,1490.0,2
2026-08-25,17230,Sabari Express,VAK,Varkalasivagiri,41,16:51,16:52,9,13,2,1514.0,2
2026-08-25,17230,Sabari Express,TVC,Trivandrum Cntl,42,18:20,,4,,3,1555.0,2
2026-08-25,12724,Telangana Exp,MTJ,Mathura Jn,2,17:26,17:31,79,82,1,141.0,1
2026-08-25,12724,Telangana Exp,AGC,Agra Cantt,3,18:05,18:07,91,96,2,195.0,1
2026-08-25,12724,Telangana Exp,GWL,Gwalior,4,19:58,20:00,87,90,1,313.0,1
2026-08-25,12724,Telangana Exp,VGLJ,V Lakshmibai Jhansi Jhs,5,21:45,21:53,87,90,2,410.0,1
2026-08-25,12724,Telangana Exp,BPL,Bhopal  Jn,6,01:20,01:30,118,121,1,701.0,2
2026-08-25,12724,Telangana Exp,NGP,Nagpur,7,07:10,07:15,126,136,2,1090.0,2
2026-08-25,12724,Telangana Exp,CD,Chandrapur,8,09:36,09:38,168,170,1,1287.0,2
2026-08-25,12724,Telangana Exp,BPQ,Balharshah,9,10:40,10:45,123,130,1,1301.0,2
2026-08-25,12724,Telangana Exp,SKZR,Sirpur Kagazngr,10,11:38,11:39,151,154,2,1371.0,2
2026-08-25,12724,Telangana Exp,BPA,Bellampalli,11,12:04,12:05,175,177,2,1409.0,2
2026-08-25,12724,Telangana Exp,MCI,Manchiryal,12,12:20,12:21,185,187,2,1429.0,2
2026-08-25,12724,Telangana Exp,RDM,Ramagundam,13,12:31,12:32,196,197,2,1443.0,2
2026-08-25,12724,Telangana Exp,KZJ,Kazipet Jn,14,13:54,13:55,207,209,2,1536.0,2
2026-08-25,12724,Telangana Exp,SC,Secunderabad Jn,15,15:55,16:00,238,238,8,1667.0,2
2026-08-25,12724,Telangana Exp,HYB,Hyderabad Decan,16,17:10,,206,,5,1677.0,2
2026-08-25,12860,Gitanjali Exp,KGP,Kharagpur Jn,2,15:15,15:20,29,30,3,116.0,1
2026-08-25,12860,Gitanjali Exp,TATA,Tatanagar Jn,3,17:03,17:10,39,43,3,250.0,1
2026-08-25,12860,Gitanjali Exp,CKP,Chakradharpur,4,18:03,18:05,54,58,1,312.0,1
2026-08-25,12860,Gitanjali Exp,ROU,Rourkela,5,19:32,19:40,68,72,1,413.0,1
2026-08-25,12860,Gitanjali Exp,JSG,Jharsuguda Jn,6,21:48,21:50,40,47,1,515.0,1
2026-08-25,12860,Gitanjali Exp,RIG,Raigarh,7,22:48,22:50,55,58,2,587.0,1
2026-08-25,12860,Gitanjali Exp,BSP,Bilaspur Jn,8,01:00,01:10,53,57,2,719.0,2
2026-08-25,12860,Gitanjali Exp,R,Raipur Jn,9,02:40,02:45,82,84,1,829.0,2
2026-08-25,12860,Gitanjali Exp,DURG,Durg,10,03:40,03:45,69,72,3,867.0,2
2026-08-25,12860,Gitanjali Exp,RJN,Raj Nandgaon,11,04:06,04:08,81,82,2,897.0,2
2026-08-25,12860,Gitanjali Exp,G,Gondia Jn,12,05:33,05:35,89,92,3,1002.0,2
2026-08-25,12860,Gitanjali Exp,BRD,Bhandara Road,13,06:20,06:22,94,96,1,1070.0,2
2026-08-25,12860,Gitanjali Exp,NGP,Nagpur,14,07:40,07:45,86,95,3,1132.0,2
2026-08-25,12860,Gitanjali Exp,WR,Wardha Jn,15,08:48,08:50,102,103,2,1211.0,2
2026-08-25,12860,Gitanjali Exp,BD,Badnera Jn,16,10:27,10:30,85,87,1,1306.0,2
2026-08-25,12860,Gitanjali Exp,AK,Akola Jn,17,11:25,11:30,98,98,1,1385.0,2
2026-08-25,12860,Gitanjali Exp,SEG,Shegaon,18,11:58,12:00,100,101,1,1422.0,2
2026-08-25,12860,Gitanjali Exp,MKU,Malkapur,19,12:38,12:40,102,104,1,1475.0,2
2026-08-25,12860,Gitanjali Exp,BSL,Bhusaval Jn,20,13:40,13:45,93,99,3,1525.0,2
2026-08-25,12860,Gitanjali Exp,JL,Jalgaon Jn,21,14:10,14:12,95,98,2,1550.0,2
2026-08-25,12860,Gitanjali Exp,NK,Nashik Road,22,17:05,17:10,109,110,3,1782.0,2
2026-08-25,12860,Gitanjali Exp,KYN,Kalyan Jn,24,20:02,20:05,109,109,5,1916.0,2
2026-08-25,12860,Gitanjali Exp,DR,Dadar,25,20:47,20:50,115,116,12,1961.0,2
2026-08-25,12860,Gitanjali Exp,CSMT,C Shivaji Mah T,26,21:20,,111,,14,1969.0,2
2026-08-25,12801,Purushottam Sf,KUR,Khurda Road JN,2,22:30,22:35,39,42,2,44.0,1
2026-08-25,12801,Purushottam Sf,BBS,Bhubaneswar,3,22:55,23:00,46,46,1,63.0,1
2026-08-25,12801,Purushottam Sf,CTC,Cuttack,4,23:25,23:30,51,55,1,91.0,1
2026-08-25,12801,Purushottam Sf,JJKR,Jajpur K Road,5,00:23,00:25,64,65,2,163.0,2
2026-08-25,12801,Purushottam Sf,BHC,Bhadrak,6,01:18,01:20,40,44,3,206.0,2
2026-08-25,12801,Purushottam Sf,BLS,Balasore,7,01:55,02:00,58,60,3,268.0,2
2026-08-25,12801,Purushottam Sf,HIJ,Hijli,8,03:30,03:40,56,57,1,380.0,2
2026-08-25,12801,Purushottam Sf,GTS,Ghatsila,9,04:50,04:52,52,53,2,478.0,2
2026-08-25,12801,Purushottam Sf,TATA,Tatanagar Jn,10,06:12,06:22,29,34,3,515.0,2
2026-08-25,12801,Purushottam Sf,CNI,Chandil Jn,11,07:23,07:25,33,33,2,551.0,2
2026-08-25,12801,Purushottam Sf,BBM,Barabhum,12,07:44,07:45,31,35,2,573.0,2
2026-08-25,12801,Purushottam Sf,PRR,Purulia Jn,13,08:18,08:20,37,43,3,605.0,2
2026-08-25,12801,Purushottam Sf,BKSC,Bokaro Stl City,14,09:40,09:45,29,32,1,666.0,2
2026-08-25,12801,Purushottam Sf,CRP,Chandrapura Jn,15,10:26,10:28,18,26,2,681.0,2
2026-08-25,12801,Purushottam Sf,GMO,Nsc Bose J Gomo,16,10:50,10:55,27,32,3,698.0,2
2026-08-25,12801,Purushottam Sf,PNME,Parasnath,17,11:08,11:10,34,36,3,716.0,2
2026-08-25,12801,Purushottam Sf,HZD,Hazaribagh Rd,18,11:30,11:32,32,34,2,743.0,2
2026-08-25,12801,Purushottam Sf,KQR,Koderma Jn,19,12:00,12:02,40,43,4,791.0,2
2026-08-25,12801,Purushottam Sf,PRP,Paharpur,20,12:36,12:38,48,50,3,835.0,2
2026-08-25,12801,Purushottam Sf,GAYA,Gaya Jn,21,13:35,13:40,21,27,1,868.0,2
2026-08-25,12801,Purushottam Sf,AUBR,Anugraha N Road,22,14:24,14:26,42,46,2,936.0,2
2026-08-25,12801,Purushottam Sf,DOS,Dehri On Sone,23,14:40,14:42,52,54,3,953.0,2
2026-08-25,12801,Purushottam Sf,SSM,Sasaram,24,14:56,14:58,57,59,2,971.0,2
2026-08-25,12801,Purushottam Sf,BBU,Bhabua Road,25,15:24,15:26,68,70,2,1018.0,2
2026-08-25,12801,Purushottam Sf,DDU,Dd Upadhyaya Jn,26,16:48,16:55,40,39,4,1071.0,2
2026-08-25,12801,Purushottam Sf,CAR,Chunar,27,17:38,17:40,34,36,3,1102.0,2
2026-08-25,12801,Purushottam Sf,MZP,Mirzapur,28,18:03,18:05,34,39,3,1133.0,2
2026-08-25,12801,Purushottam Sf,PRYJ,Prayagraj Jn.,29,19:20,19:30,33,34,2,1223.0,2
2026-08-25,12801,Purushottam Sf,FTP,Fatehpur,30,20:38,20:40,57,60,3,1340.0,2
2026-08-25,12801,Purushottam Sf,GZB,Ghaziabad,32,03:18,03:20,17,24,4,1831.0,3
2026-08-25,12841,Coromandal Exp,SRC,Santragachi Jn,2,15:30,15:32,46,46,3,8.0,1
2026-08-25,12841,Coromandal Exp,KGP,Kharagpur Jn,3,16:55,17:00,61,64,3,116.0,1
2026-08-25,12841,Coromandal Exp,BLS,Balasore,4,18:15,18:20,74,75,2,234.0,1
2026-08-25,12841,Coromandal Exp,BHC,Bhadrak,5,19:18,19:20,50,54,2,296.0,1
2026-08-25,12841,Coromandal Exp,JJKR,Jajpur K Road,6,19:55,19:57,55,57,3,340.0,1
2026-08-25,12841,Coromandal Exp,CTC,Cuttack,7,21:08,21:13,68,69,4,412.0,1
2026-08-25,12841,Coromandal Exp,BBS,Bhubaneswar,8,21:50,21:55,72,73,4,439.0,1
2026-08-25,12841,Coromandal Exp,KUR,Khurda Road JN,9,22:00,22:10,92,95,4,458.0,1
2026-08-25,12841,Coromandal Exp,BAM,Brahmapur,10,00:03,00:05,93,95,2,605.0,2
2026-08-25,12841,Coromandal Exp,VSKP,Visakhapatnam,11,04:20,04:40,57,57,4,882.0,2
2026-08-25,12841,Coromandal Exp,RJY,Rajahmundry,12,07:13,07:15,75,80,1,1083.0,2
2026-08-25,12841,Coromandal Exp,TDD,Tadepalligudem,13,08:04,08:05,73,76,3,1125.0,2
2026-08-25,12841,Coromandal Exp,EE,Eluru,14,08:44,08:45,65,67,3,1172.0,2
2026-08-25,12841,Coromandal Exp,BZA,Vijayawada Jn,15,10:10,10:20,65,67,1,1232.0,2
2026-08-25,12841,Coromandal Exp,MAS,Mgr Chennai Ctl,16,17:00,,24,,4,1662.0,2
2026-08-25,12839,Chennai Mail,KGP,Kharagpur Jn,2,01:20,01:25,40,41,4,116.0,2
2026-08-25,12839,Chennai Mail,BLS,Balasore,3,02:45,02:50,56,56,2,234.0,2
2026-08-25,12839,Chennai Mail,BHC,Bhadrak,4,03:50,03:52,34,38,2,296.0,2
2026-08-25,12839,Chennai Mail,JJKR,Jajpur K Road,5,04:23,04:25,44,46,3,340.0,2
2026-08-25,12839,Chennai Mail,CTC,Cuttack,6,05:20,05:25,57,59,3,412.0,2
2026-08-25,12839,Chennai Mail,BBS,Bhubaneswar,7,05:55,06:00,68,70,4,439.0,2
2026-08-25,12839,Chennai Mail,KUR,Khurda Road JN,8,06:30,06:50,81,76,4,458.0,2
2026-08-25,12839,Chennai Mail,BALU,Balugaon,9,07:28,07:30,78,80,2,529.0,2
2026-08-25,12839,Chennai Mail,CAP,Chatrapur,10,08:08,08:10,88,90,2,584.0,2
2026-08-25,12839,Chennai Mail,BAM,Brahmapur,11,08:20,08:25,100,102,2,605.0,2
2026-08-25,12839,Chennai Mail,IPM,Ichchpuram,12,08:53,08:55,100,102,1,629.0,2
2026-08-25,12839,Chennai Mail,SPT,Sompeta,13,09:13,09:15,91,91,1,647.0,2
2026-08-25,12839,Chennai Mail,PSA,Palasa,14,10:22,10:24,45,48,2,679.0,2
2026-08-25,12839,Chennai Mail,NWP,Naupada Jn,15,10:53,10:55,57,58,1,705.0,2
2026-08-25,12839,Chennai Mail,CHE,Srikakulam Road,16,11:30,11:32,57,59,3,752.0,2
2026-08-25,12839,Chennai Mail,CPP,Chipurupalle,17,11:58,12:00,60,60,2,791.0,2
2026-08-25,12839,Chennai Mail,VZM,Vizianagram Jn,18,12:35,12:40,53,55,1,821.0,2
2026-08-25,12839,Chennai Mail,VSKP,Visakhapatnam,19,13:50,14:10,47,48,4,882.0,2
2026-08-25,12839,Chennai Mail,AKP,Anakapalle,20,14:59,15:00,50,55,2,915.0,2
2026-08-25,12839,Chennai Mail,TUNI,Tuni,21,15:44,15:45,53,55,1,979.0,2
2026-08-25,12839,Chennai Mail,ANV,Annavaram,22,16:09,16:10,52,55,1,995.0,2
2026-08-25,12839,Chennai Mail,SLO,Samalkot Jn,23,16:44,16:45,60,62,3,1032.0,2
2026-08-25,12839,Chennai Mail,RJY,Rajahmundry,24,17:28,17:30,75,79,1,1083.0,2
2026-08-25,12839,Chennai Mail,NDD,Nidadavolu Jn,25,17:58,18:00,85,87,2,1105.0,2
2026-08-25,12839,Chennai Mail,TDD,Tadepalligudem,26,18:29,18:30,91,94,3,1125.0,2
2026-08-25,12839,Chennai Mail,EE,Eluru,27,18:59,19:00,89,91,3,1172.0,2
2026-08-25,12839,Chennai Mail,BZA,Vijayawada Jn,28,20:10,20:20,57,61,1,1232.0,2
2026-08-25,12839,Chennai Mail,TEL,Tenali Jn,29,20:49,20:50,57,59,3,1263.0,2
2026-08-25,12839,Chennai Mail,BPP,Bapatla,30,21:24,21:25,60,63,2,1306.0,2
2026-08-25,12839,Chennai Mail,CLX,Chirala,31,21:44,21:45,57,60,3,1321.0,2
2026-08-25,12839,Chennai Mail,OGL,Ongole,32,22:24,22:25,53,57,3,1370.0,2
2026-08-25,12839,Chennai Mail,NLR,Nellore,33,00:04,00:05,50,52,3,1486.0,3
2026-08-25,12839,Chennai Mail,GDR,Gudur Jn,34,00:48,00:50,49,52,1,1524.0,3
2026-08-25,12839,Chennai Mail,MAS,Mgr Chennai Ctl,35,03:20,,31,,5,1662.0,3
2026-08-25,12423,Rajdhani Exp,NTSK,New Tinsukia Jn,2,21:20,21:30,41,41,1,45.0,1
2026-08-25,12423,Rajdhani Exp,MXN,Mariani Jn,3,23:40,23:45,53,54,1,202.0,1
2026-08-25,12423,Rajdhani Exp,DMV,Dimapur,5,02:00,02:07,48,49,1,310.0,2
2026-08-25,12423,Rajdhani Exp,LMG,Lumding Jn,7,03:15,03:20,56,59,4,379.0,2
2026-08-25,12423,Rajdhani Exp,CPK,Chaparmukh Jn,8,04:36,04:38,58,58,1,469.0,2
2026-08-25,12423,Rajdhani Exp,GHY,Guwahati,9,06:20,06:35,39,56,2,560.0,2
2026-08-25,12423,Rajdhani Exp,RNY,Rangiya Jn,10,07:28,07:30,55,59,1,607.0,2
2026-08-25,12423,Rajdhani Exp,NBQ,New Bongaigaon,11,09:00,09:10,56,58,1,717.0,2
2026-08-25,12423,Rajdhani Exp,KOJ,Kokrajhar,12,09:50,09:52,63,65,1,744.0,2
2026-08-25,12423,Rajdhani Exp,NCB,New Cooch Behar,13,10:58,11:00,81,86,3,842.0,2
2026-08-25,12423,Rajdhani Exp,NJP,New Jalpaiguri,14,13:05,13:15,55,59,6,968.0,2
2026-08-25,12423,Rajdhani Exp,KNE,Kishanganj,15,14:20,14:22,76,78,2,1055.0,2
2026-08-25,12423,Rajdhani Exp,KIR,Katihar Jn,16,16:20,16:30,63,66,5,1151.0,2
2026-08-25,12423,Rajdhani Exp,NNA,Naugachia,17,17:08,17:10,72,73,2,1208.0,2
2026-08-25,12423,Rajdhani Exp,MNE,Mansi Jn,18,18:03,18:05,72,73,1,1266.0,2
2026-08-25,12423,Rajdhani Exp,BJU,Barauni Jn,19,19:05,19:15,83,84,4,1331.0,2
2026-08-25,12423,Rajdhani Exp,PPTA,Patliputra,20,21:30,21:40,54,62,1,1439.0,2
2026-08-25,12423,Rajdhani Exp,DNR,Danapur,21,21:56,21:58,62,66,1,1445.0,2
2026-08-25,12423,Rajdhani Exp,DDU,Dd Upadhyaya Jn,22,00:53,01:00,50,52,4,1647.0,3
2026-08-25,12423,Rajdhani Exp,PRYJ,Prayagraj Jn.,23,02:50,02:52,57,59,2,1800.0,3
2026-08-25,12423,Rajdhani Exp,CNB,Kanpur Central,24,04:55,05:00,59,62,3,1994.0,3
2026-08-25,12423,Rajdhani Exp,NDLS,New Delhi,25,10:30,,48,,15,2435.0,3
2026-08-25,12809,Howrah Mail,DR,Dadar,2,21:22,21:25,12,12,10,9.0,1
2026-08-25,12809,Howrah Mail,TNA,Thane,3,21:43,21:45,17,17,5,34.0,1
2026-08-25,12809,Howrah Mail,KYN,Kalyan Jn,4,22:07,22:10,16,19,4,54.0,1
2026-08-25,12809,Howrah Mail,KSRA,Kasara,5,23:12,23:15,23,28,1,121.0,1
2026-08-25,12809,Howrah Mail,IGP,Igatpuri,6,23:42,23:47,28,29,1,137.0,1
2026-08-25,12809,Howrah Mail,NK,Nashik Road,8,00:27,00:30,33,33,2,188.0,2
2026-08-25,12809,Howrah Mail,MMR,Manmad Jn,9,01:27,01:30,29,30,2,261.0,2
2026-08-25,12809,Howrah Mail,CSN,Chalisgaon Jn,10,02:20,02:22,32,32,2,328.0,2
2026-08-25,12809,Howrah Mail,JL,Jalgaon Jn,11,03:20,03:22,44,45,3,420.0,2
2026-08-25,12809,Howrah Mail,BSL,Bhusaval Jn,12,04:05,04:10,25,31,5,445.0,2
2026-08-25,12809,Howrah Mail,MKU,Malkapur,13,04:50,04:52,35,36,2,495.0,2
2026-08-25,12809,Howrah Mail,NN,Nandura,14,05:15,05:17,36,36,2,523.0,2
2026-08-25,12809,Howrah Mail,JM,Jalamb Jn,15,05:29,05:30,34,36,2,535.0,2
2026-08-25,12809,Howrah Mail,SEG,Shegaon,16,05:40,05:42,37,37,2,547.0,2
2026-08-25,12809,Howrah Mail,AK,Akola Jn,17,06:20,06:25,30,30,2,584.0,2
2026-08-25,12809,Howrah Mail,MZR,Murtajapur,18,06:53,06:55,35,42,2,622.0,2
2026-08-25,12809,Howrah Mail,BD,Badnera Jn,19,08:05,08:10,9,11,2,663.0,2
2026-08-25,12809,Howrah Mail,DMN,Dhamangaon,20,08:43,08:45,6,11,2,709.0,2
2026-08-25,12809,Howrah Mail,PLO,Pulgaon Jn,21,09:04,09:05,10,13,2,729.0,2
2026-08-25,12809,Howrah Mail,WR,Wardha Jn,22,09:28,09:30,20,21,1,758.0,2
2026-08-25,12809,Howrah Mail,NGP,Nagpur,23,11:15,11:20,,9,3,837.0,2
2026-08-25,12809,Howrah Mail,BRD,Bhandara Road,24,12:08,12:10,2,6,2,899.0,2
2026-08-25,12809,Howrah Mail,TMR,Tumsar Road,25,12:28,12:30,2,5,2,917.0,2
2026-08-25,12809,Howrah Mail,G,Gondia Jn,26,13:10,13:15,1,4,4,967.0,2
2026-08-25,12809,Howrah Mail,DGG,Dongargarh,27,14:18,14:20,4,7,3,1040.0,2
2026-08-25,12809,Howrah Mail,RJN,Raj Nandgaon,28,14:43,14:45,7,7,1,1072.0,2
2026-08-25,12809,Howrah Mail,DURG,Durg,29,15:25,15:30,,4,3,1102.0,2
2026-08-25,12809,Howrah Mail,R,Raipur Jn,30,16:05,16:15,7,9,6,1139.0,2
2026-08-25,12809,Howrah Mail,BYT,Bhatapara,31,17:10,17:12,19,19,4,1203.0,2
2026-08-25,12809,Howrah Mail,BSP,Bilaspur Jn,32,18:10,18:25,9,16,3,1250.0,2
2026-08-25,12809,Howrah Mail,CPH,Champa Jn,33,19:13,19:15,21,22,1,1303.0,2
2026-08-25,12809,Howrah Mail,SKT,Sakti,34,19:35,19:37,30,30,1,1333.0,2
2026-08-25,12809,Howrah Mail,KHS,Kharsia,35,19:53,19:55,33,35,2,1348.0,2
2026-08-25,12809,Howrah Mail,RIG,Raigarh,36,20:25,20:30,35,35,1,1382.0,2
2026-08-25,12809,Howrah Mail,BPH,Belpahar,37,21:05,21:07,47,48,3,1433.0,2
2026-08-25,12809,Howrah Mail,BRJN,Brajrajnagar,38,21:18,21:20,50,50,3,1442.0,2
2026-08-25,12809,Howrah Mail,JSG,Jharsuguda Jn,39,21:50,21:55,51,52,2,1454.0,2
2026-08-25,12809,Howrah Mail,ROU,Rourkela,40,23:10,23:18,68,71,4,1555.0,2
2026-08-25,12809,Howrah Mail,CKP,Chakradharpur,41,00:48,00:55,81,79,2,1656.0,3
2026-08-25,12809,Howrah Mail,TATA,Tatanagar Jn,42,01:45,01:50,100,108,4,1719.0,3
2026-08-25,12809,Howrah Mail,KGP,Kharagpur Jn,43,03:50,03:55,110,110,7,1853.0,3
2026-08-25,12809,Howrah Mail,SRC,Santragachi Jn,44,05:20,05:22,107,110,6,1961.0,3
2026-08-25,12809,Howrah Mail,HWH,Howrah Jn,45,06:45,,106,,24,1968.0,3
2026-08-25,17229,Sabari Express,VAK,Varkalasivagiri,2,07:21,07:22,10,11,1,40.0,1
2026-08-25,17229,Sabari Express,QLN,Kollam Jn,3,07:45,07:48,14,15,2,64.0,1
2026-08-25,17229,Sabari Express,KPY,Karunagapalli,4,08:13,08:14,18,19,1,91.0,1
2026-08-25,17229,Sabari Express,KYJ,Kayankulam Jn,5,08:30,08:32,15,18,2,105.0,1
2026-08-25,17229,Sabari Express,MVLK,Mavelikara,6,08:41,08:42,19,20,2,113.0,1
2026-08-25,17229,Sabari Express,CNGR,Chengannur,7,08:53,08:55,19,21,3,125.0,1
2026-08-25,17229,Sabari Express,TRVL,Tiruvalla,8,09:04,09:05,21,24,2,134.0,1
2026-08-25,17229,Sabari Express,CGY,Changanaseri,9,09:13,09:14,22,23,2,142.0,1
2026-08-25,17229,Sabari Express,KTYM,Kottayam,10,09:32,09:35,20,20,1,160.0,1
2026-08-25,17229,Sabari Express,ERN,Ernakulam Town,11,10:40,10:45,7,13,1,220.0,1
2026-08-25,17229,Sabari Express,AWY,Aluva,12,11:18,11:20,11,13,3,237.0,1
2026-08-25,17229,Sabari Express,TCR,Thrisur,13,12:27,12:30,16,18,2,292.0,1
2026-08-25,17229,Sabari Express,WKI,Wadakancheri,14,12:49,12:50,19,22,2,308.0,1
2026-08-25,17229,Sabari Express,OTP,Ottappalam,15,13:30,13:32,29,30,1,336.0,1
2026-08-25,17229,Sabari Express,PGT,Palakkad Jn,16,13:57,14:00,27,36,4,367.0,1
2026-08-25,17229,Sabari Express,CBE,Coimbatore Jn,17,15:35,15:40,8,15,5,423.0,1
2026-08-25,17229,Sabari Express,TUP,Tiruppur,18,16:23,16:25,11,14,2,473.0,1
2026-08-25,17229,Sabari Express,ED,Erode Jn,19,17:10,17:20,,10,1,523.0,1
2026-08-25,17229,Sabari Express,SA,Salem Jn,20,18:10,18:15,19,23,5,583.0,1
2026-08-25,17229,Sabari Express,MAP,Morappur,21,19:04,19:05,22,24,2,649.0,1
2026-08-25,17229,Sabari Express,JTJ,Jolarpettai,22,19:53,19:55,4,22,2,704.0,1
2026-08-25,17229,Sabari Express,KPD,Katpadi Jn,23,21:10,21:15,35,52,3,788.0,1
2026-08-25,17229,Sabari Express,CTO,Chittoor,24,21:48,21:50,80,86,1,821.0,1
2026-08-25,17229,Sabari Express,TPTY,Tirupati,25,23:10,23:15,82,87,1,893.0,1
2026-08-25,17229,Sabari Express,RU,Renigunta Jn,26,23:45,23:55,82,91,2,903.0,1
2026-08-25,17229,Sabari Express,GDR,Gudur Jn,27,01:08,01:10,53,58,4,986.0,2
2026-08-25,17229,Sabari Express,NLR,Nellore,28,01:38,01:40,59,62,2,1024.0,2
2026-08-25,17229,Sabari Express,SKM,Singarayakonda,29,02:48,02:50,64,65,1,1113.0,2
2026-08-25,17229,Sabari Express,OGL,Ongole,30,03:23,03:25,56,60,1,1141.0,2
2026-08-25,17229,Sabari Express,CLX,Chirala,31,04:08,04:10,54,58,4,1191.0,2
2026-08-25,17229,Sabari Express,BPP,Bapatla,32,04:23,04:25,58,61,3,1206.0,2
2026-08-25,17229,Sabari Express,NDO,Nidubrolu,33,04:45,04:47,61,62,4,1226.0,2
2026-08-25,17229,Sabari Express,TEL,Tenali Jn,34,05:18,05:20,46,53,5,1248.0,2
2026-08-25,17229,Sabari Express,GNT,Guntur Jn,35,05:50,06:00,63,71,1,1274.0,2
2026-08-25,17229,Sabari Express,SAP,Sattenapalle,36,06:54,06:55,83,86,1,1316.0,2
2026-08-25,17229,Sabari Express,PGRL,Piduguralla,37,07:19,07:20,93,99,2,1348.0,2
2026-08-25,17229,Sabari Express,NDKD,Nadikudi Jn,38,07:39,07:40,100,101,2,1369.0,2
2026-08-25,17229,Sabari Express,MRGA,Miryalaguda,39,08:08,08:09,115,119,1,1407.0,2
2026-08-25,17229,Sabari Express,NLDA,Nalgonda,40,08:39,08:40,119,121,2,1445.0,2
2026-08-25,17229,Sabari Express,CHZ,Charlapalli,41,10:24,10:25,85,81,4,1543.0,2
2026-08-25,17229,Sabari Express,SC,Secunderabad Jn,42,11:02,,46,,8,1555.0,2
2026-08-25,13202,Ltt Rajgir Exp,KYN,Kalyan Jn,2,15:29,15:32,25,28,4,37.0,1
2026-08-25,13202,Ltt Rajgir Exp,DVL,Devlali,4,17:57,17:58,41,44,1,165.0,1
2026-08-25,13202,Ltt Rajgir Exp,NK,Nashik Road,5,18:07,18:10,40,44,2,171.0,1
2026-08-25,13202,Ltt Rajgir Exp,NR,Niphad,6,18:38,18:40,46,48,2,202.0,1
2026-08-25,13202,Ltt Rajgir Exp,MMR,Manmad Jn,7,19:08,19:10,52,61,2,244.0,1
2026-08-25,13202,Ltt Rajgir Exp,NGN,Nandgaon,8,19:29,19:30,59,59,1,269.0,1
2026-08-25,13202,Ltt Rajgir Exp,CSN,Chalisgaon Jn,9,20:01,20:03,63,66,2,311.0,1
2026-08-25,13202,Ltt Rajgir Exp,JL,Jalgaon Jn,10,21:18,21:20,58,61,3,404.0,1
2026-08-25,13202,Ltt Rajgir Exp,BSL,Bhusaval Jn,11,22:00,22:05,43,45,5,428.0,1
2026-08-25,13202,Ltt Rajgir Exp,RV,Raver,12,22:40,22:42,51,55,1,462.0,1
2026-08-25,13202,Ltt Rajgir Exp,BAU,Burhanpur,13,22:58,23:00,55,57,2,482.0,1
2026-08-25,13202,Ltt Rajgir Exp,NPNR,Nepanagar,14,23:19,23:20,57,59,1,509.0,1
2026-08-25,13202,Ltt Rajgir Exp,KNW,Khandwa,15,00:22,00:25,41,41,4,551.0,2
2026-08-25,13202,Ltt Rajgir Exp,CAER,Chhanera,17,01:00,01:02,39,42,1,596.0,2
2026-08-25,13202,Ltt Rajgir Exp,KKN,Khirkiya,18,01:22,01:24,40,43,1,621.0,2
2026-08-25,13202,Ltt Rajgir Exp,HD,Harda,19,01:44,01:45,50,53,2,653.0,2
2026-08-25,13202,Ltt Rajgir Exp,TBN,Timarni,20,01:58,02:00,57,61,2,667.0,2
2026-08-25,13202,Ltt Rajgir Exp,BPF,Banapura,21,02:18,02:20,70,75,2,695.0,2
2026-08-25,13202,Ltt Rajgir Exp,ET,Itarsi Jn,22,03:40,03:50,33,43,4,729.0,2
2026-08-25,13202,Ltt Rajgir Exp,SGP,Sohagpur,23,04:33,04:35,40,42,1,778.0,2
2026-08-25,13202,Ltt Rajgir Exp,PPI,Pipariya,24,04:48,04:50,38,41,1,796.0,2
2026-08-25,13202,Ltt Rajgir Exp,BKH,Bankhedi,25,05:05,05:06,42,43,2,815.0,2
2026-08-25,13202,Ltt Rajgir Exp,SCKR,Salichauka Road,26,05:18,05:20,43,44,2,832.0,2
2026-08-25,13202,Ltt Rajgir Exp,GAR,Gadarwara,27,05:33,05:35,49,51,1,846.0,2
2026-08-25,13202,Ltt Rajgir Exp,KY,Kareli,28,05:58,06:00,47,51,1,874.0,2
2026-08-25,13202,Ltt Rajgir Exp,NU,Narsinghpur,29,06:13,06:15,51,52,1,890.0,2
2026-08-25,13202,Ltt Rajgir Exp,SRID,Shridham,30,06:38,06:40,52,55,2,921.0,2
2026-08-25,13202,Ltt Rajgir Exp,MML,Madan Mahal,31,07:13,07:15,50,54,3,970.0,2
2026-08-25,13202,Ltt Rajgir Exp,JBP,Jabalpur,32,07:25,07:35,52,60,5,974.0,2
2026-08-25,13202,Ltt Rajgir Exp,SHR,Sihora Road,33,08:18,08:20,49,51,1,1012.0,2
2026-08-25,13202,Ltt Rajgir Exp,KTE,Katni,34,09:10,09:15,59,65,2,1065.0,2
2026-08-25,13202,Ltt Rajgir Exp,MYR,Maihar,35,10:18,10:20,57,61,1,1127.0,2
2026-08-25,13202,Ltt Rajgir Exp,STA,Satna,36,11:05,11:10,46,51,2,1163.0,2
2026-08-25,13202,Ltt Rajgir Exp,JTW,Jaitwar,37,11:28,11:30,54,57,2,1183.0,2
2026-08-25,13202,Ltt Rajgir Exp,MJG,Majhagawan,38,11:48,11:50,61,62,2,1204.0,2
2026-08-25,13202,Ltt Rajgir Exp,MKP,Manikpur,39,13:05,13:10,30,35,2,1241.0,2
2026-08-25,13202,Ltt Rajgir Exp,DBR,Dabhaura,40,13:29,13:30,33,37,2,1263.0,2
2026-08-25,13202,Ltt Rajgir Exp,SRJ,Shankargarh,41,13:59,14:00,48,48,2,1296.0,2
2026-08-25,13202,Ltt Rajgir Exp,PCOI,Prayagrajcheoki,42,14:55,15:00,56,68,2,1332.0,2
2026-08-25,13202,Ltt Rajgir Exp,MNF,Manda Road,43,15:34,15:35,75,78,2,1378.0,2
2026-08-25,13202,Ltt Rajgir Exp,BDL,Vindhyachal,44,16:00,16:02,76,80,1,1406.0,2
2026-08-25,13202,Ltt Rajgir Exp,MZP,Mirzapur,45,16:15,16:20,75,77,1,1413.0,2
2026-08-25,13202,Ltt Rajgir Exp,CAR,Chunar,46,17:15,17:17,57,63,2,1444.0,2
2026-08-25,13202,Ltt Rajgir Exp,DDU,Dd Upadhyaya Jn,47,19:08,19:15,3,13,2,1476.0,2
2026-08-25,13202,Ltt Rajgir Exp,ZNA,Zamania,48,19:50,19:52,17,20,1,1517.0,2
2026-08-25,13202,Ltt Rajgir Exp,DLN,Dildarnagar Jn,49,20:02,20:04,17,18,2,1530.0,2
2026-08-25,13202,Ltt Rajgir Exp,GMR,Gahmar,50,20:17,20:19,26,26,1,1546.0,2
2026-08-25,13202,Ltt Rajgir Exp,BXR,Buxar,52,20:42,20:44,9,17,1,1566.0,2
2026-08-25,13202,Ltt Rajgir Exp,RPR,Raghunathpur,53,21:10,21:12,19,21,3,1599.0,2
2026-08-25,13202,Ltt Rajgir Exp,BEA,Bihiya,54,21:23,21:25,23,28,1,1613.0,2
2026-08-25,13202,Ltt Rajgir Exp,ARA,Ara Jn,55,21:48,21:50,20,24,1,1635.0,2
2026-08-25,13202,Ltt Rajgir Exp,BTA,Bihta,56,22:06,22:08,31,34,1,1657.0,2
2026-08-25,13202,Ltt Rajgir Exp,DNR,Danapur,58,22:40,22:42,41,46,1,1674.0,2
2026-08-25,13202,Ltt Rajgir Exp,PNBE,Patna Jn,59,23:20,23:40,5,,1,1684.0,2
2026-08-25,12791,Sc Dnr Sf Exp,KZJ,Kazipet Jn,2,10:58,11:00,51,53,1,132.0,1
2026-08-25,12791,Sc Dnr Sf Exp,PDPL,Peddapalli Jn,3,12:09,12:10,71,72,3,207.0,1
2026-08-25,12791,Sc Dnr Sf Exp,RDM,Ramagundam,4,12:29,12:30,69,71,3,225.0,1
2026-08-25,12791,Sc Dnr Sf Exp,MCI,Manchiryal,5,12:49,12:50,66,68,2,239.0,1
2026-08-25,12791,Sc Dnr Sf Exp,BPA,Bellampalli,6,12:59,13:00,79,81,2,258.0,1
2026-08-25,12791,Sc Dnr Sf Exp,SKZR,Sirpur Kagazngr,7,13:29,13:30,94,97,1,297.0,1
2026-08-25,12791,Sc Dnr Sf Exp,BPQ,Balharshah,8,15:05,15:10,63,65,4,367.0,1
2026-08-25,12791,Sc Dnr Sf Exp,CD,Chandrapur,9,15:25,15:27,63,65,2,380.0,1
2026-08-25,12791,Sc Dnr Sf Exp,SEGM,Sevagram,10,17:03,17:05,93,94,3,502.0,1
2026-08-25,12791,Sc Dnr Sf Exp,NGP,Nagpur,11,18:20,18:25,89,95,1,578.0,1
2026-08-25,12791,Sc Dnr Sf Exp,KATL,Katol,12,19:14,19:15,100,104,2,638.0,1
2026-08-25,12791,Sc Dnr Sf Exp,BZU,Betul,13,21:08,21:10,111,113,2,768.0,1
2026-08-25,12791,Sc Dnr Sf Exp,GDYA,Ghoradongri,14,21:50,21:51,116,118,1,805.0,1
2026-08-25,12791,Sc Dnr Sf Exp,ET,Itarsi Jn,15,23:35,23:45,73,79,6,875.0,1
2026-08-25,12791,Sc Dnr Sf Exp,JBP,Jabalpur,16,02:55,03:05,74,81,6,1120.0,2
2026-08-25,12791,Sc Dnr Sf Exp,KTE,Katni,17,04:15,04:20,86,89,1,1211.0,2
2026-08-25,12791,Sc Dnr Sf Exp,MYR,Maihar,18,05:03,05:05,102,105,1,1274.0,2
2026-08-25,12791,Sc Dnr Sf Exp,STA,Satna,19,05:35,05:40,103,106,3,1309.0,2
2026-08-25,12791,Sc Dnr Sf Exp,PRYJ,Prayagraj Jn.,20,09:55,10:15,53,60,9,1487.0,2
2026-08-25,12791,Sc Dnr Sf Exp,GYN,Gyanpur Road,22,11:28,11:30,59,61,1,1551.0,2
2026-08-25,12791,Sc Dnr Sf Exp,BHLP,Bhulanpur,23,12:32,12:33,50,52,2,1605.0,2
2026-08-25,12791,Sc Dnr Sf Exp,BSB,Varanasi Jn,24,13:25,13:35,30,46,2,1611.0,2
2026-08-25,12791,Sc Dnr Sf Exp,DDU,Dd Upadhyaya Jn,25,14:45,14:50,23,38,2,1628.0,2
2026-08-25,12791,Sc Dnr Sf Exp,DLN,Dildarnagar Jn,26,15:30,15:32,49,50,2,1686.0,2
2026-08-25,12791,Sc Dnr Sf Exp,BXR,Buxar,27,16:00,16:02,54,54,1,1722.0,2
2026-08-25,12791,Sc Dnr Sf Exp,ARA,Ara Jn,28,16:49,16:51,59,61,1,1790.0,2
2026-08-25,12791,Sc Dnr Sf Exp,DNR,Danapur,29,18:15,,33,,1,1830.0,2
2026-08-25,22692,Sbc Rajdhani,AGC,Agra Cantt,2,21:45,21:47,14,18,1,188.0,1
2026-08-25,22692,Sbc Rajdhani,GWL,Gwalior,3,23:08,23:10,14,17,1,306.0,1
2026-08-25,22692,Sbc Rajdhani,VGLJ,V Lakshmibai Jhansi Jhs,4,00:25,00:30,15,18,2,403.0,2
2026-08-25,22692,Sbc Rajdhani,BPL,Bhopal  Jn,5,03:45,03:55,14,19,1,694.0,2
2026-08-25,22692,Sbc Rajdhani,ET,Itarsi Jn,6,05:23,05:25,11,13,4,786.0,2
2026-08-25,22692,Sbc Rajdhani,NGP,Nagpur,7,09:25,09:30,7,14,2,1083.0,2
2026-08-25,22692,Sbc Rajdhani,BPQ,Balharshah,8,12:15,12:20,11,14,1,1294.0,2
2026-08-25,22692,Sbc Rajdhani,KZJ,Kazipet Jn,9,15:08,15:10,48,50,3,1528.0,2
2026-08-25,22692,Sbc Rajdhani,SC,Secunderabad Jn,10,17:15,17:25,47,48,10,1660.0,2
2026-08-25,22692,Sbc Rajdhani,SEM,Seram,11,19:29,19:30,64,66,1,1806.0,2
2026-08-25,22692,Sbc Rajdhani,RC,Raichur,13,21:38,21:40,65,70,1,1951.0,2
2026-08-25,22692,Sbc Rajdhani,GTL,Guntakal Jn,14,23:35,23:40,48,53,2,2072.0,2
2026-08-25,22692,Sbc Rajdhani,SSPN,Sai P Nilayam,15,01:58,02:00,43,45,1,2206.0,3
2026-08-25,22692,Sbc Rajdhani,SBC,KSR Bengaluru,16,05:20,,1,,1,2365.0,3
2026-08-25,12723,Telangana Sf Exp,SC,Secunderabad Jn,2,06:20,06:25,81,86,1,10.0,1
2026-08-25,12723,Telangana Sf Exp,KZJ,Kazipet Jn,3,07:53,07:55,110,112,1,142.0,1
2026-08-25,12723,Telangana Sf Exp,RDM,Ramagundam,4,09:29,09:30,112,114,1,234.0,1
2026-08-25,12723,Telangana Sf Exp,MCI,Manchiryal,5,09:45,09:46,113,115,1,248.0,1
2026-08-25,12723,Telangana Sf Exp,BPA,Bellampalli,6,10:04,10:05,113,116,1,268.0,1
2026-08-25,12723,Telangana Sf Exp,SKZR,Sirpur Kagazngr,7,10:39,10:40,129,135,1,306.0,1
2026-08-25,12723,Telangana Sf Exp,BPQ,Balharshah,8,11:55,12:00,130,131,4,376.0,1
2026-08-25,12723,Telangana Sf Exp,CD,Chandrapur,9,12:15,12:17,131,133,2,390.0,1
2026-08-25,12723,Telangana Sf Exp,NGP,Nagpur,10,15:20,15:25,143,149,1,587.0,1
2026-08-25,12723,Telangana Sf Exp,BPL,Bhopal  Jn,11,21:45,21:55,117,122,2,983.0,1
2026-08-25,12723,Telangana Sf Exp,VGLJ,V Lakshmibai Jhansi Jhs,12,01:16,01:24,140,141,5,1274.0,2
2026-08-25,12723,Telangana Sf Exp,GWL,Gwalior,13,02:45,02:47,143,146,2,1371.0,2
2026-08-25,12723,Telangana Sf Exp,AGC,Agra Cantt,14,04:25,04:27,138,143,2,1489.0,2
2026-08-25,12723,Telangana Sf Exp,MTJ,Mathura Jn,15,05:05,05:10,156,161,2,1543.0,2
2026-08-25,12723,Telangana Sf Exp,BVH,Ballabgarh,16,07:06,07:08,137,138,3,1647.0,2
2026-08-25,12723,Telangana Sf Exp,NZM,H Nizamuddin,17,07:33,07:35,160,163,2,1676.0,2
2026-08-25,12723,Telangana Sf Exp,NDLS,New Delhi,18,08:00,,160,,5,1683.0,2
2026-08-25,12842,Coromandel Exp,OGL,Ongole,2,10:58,11:00,40,43,1,292.0,1
2026-08-25,12842,Coromandel Exp,BZA,Vijayawada Jn,3,13:05,13:15,40,43,1,431.0,1
2026-08-25,12842,Coromandel Exp,EE,Eluru,4,14:09,14:10,53,56,2,490.0,1
2026-08-25,12842,Coromandel Exp,TDD,Tadepalligudem,5,14:49,14:50,48,51,2,538.0,1
2026-08-25,12842,Coromandel Exp,RJY,Rajahmundry,6,15:38,15:40,62,68,3,580.0,1
2026-08-25,12842,Coromandel Exp,VSKP,Visakhapatnam,7,19:25,19:45,31,39,5,780.0,1
2026-08-25,12842,Coromandel Exp,BAM,Brahmapur,8,23:48,23:50,38,41,1,1057.0,1
2026-08-25,12842,Coromandel Exp,KUR,Khurda Road JN,9,01:20,01:30,61,63,1,1204.0,2
2026-08-25,12842,Coromandel Exp,BBS,Bhubaneswar,10,01:55,02:00,64,65,1,1223.0,2
2026-08-25,12842,Coromandel Exp,CTC,Cuttack,11,02:30,02:35,67,69,1,1250.0,2
2026-08-25,12842,Coromandel Exp,JJKR,Jajpur K Road,12,03:23,03:25,94,96,2,1322.0,2
2026-08-25,12842,Coromandel Exp,BHC,Bhadrak,13,05:10,05:12,,17,3,1366.0,2
2026-08-25,12842,Coromandel Exp,BLS,Balasore,14,05:48,05:53,18,19,3,1428.0,2
2026-08-25,12842,Coromandel Exp,KGP,Kharagpur Jn,15,07:35,07:40,20,24,6,1546.0,2
2026-08-25,12842,Coromandel Exp,SRC,Santragachi Jn,16,09:48,09:50,31,36,6,1654.0,2
2026-08-25,12792,Secunderabad Ex,ARA,Ara Jn,2,12:40,12:42,13,14,2,40.0,1
2026-08-25,12792,Secunderabad Ex,BXR,Buxar,3,13:31,13:33,13,15,2,109.0,1
2026-08-25,12792,Secunderabad Ex,DLN,Dildarnagar Jn,4,14:00,14:02,20,20,3,145.0,1
2026-08-25,12792,Secunderabad Ex,DDU,Dd Upadhyaya Jn,5,15:45,15:50,,3,4,203.0,1
2026-08-25,12792,Secunderabad Ex,BSB,Varanasi Jn,6,16:50,17:00,1,10,1,219.0,1
2026-08-25,12792,Secunderabad Ex,BHLP,Bhulanpur,7,17:13,17:14,8,10,1,225.0,1
2026-08-25,12792,Secunderabad Ex,GYN,Gyanpur Road,8,17:58,18:00,13,14,2,279.0,1
2026-08-25,12792,Secunderabad Ex,PRYJ,Prayagraj Jn.,10,19:40,20:00,6,25,8,344.0,1
2026-08-25,12792,Secunderabad Ex,STA,Satna,11,23:15,23:20,12,19,1,521.0,1
2026-08-25,12792,Secunderabad Ex,MYR,Maihar,12,23:48,23:50,23,25,2,557.0,1
2026-08-25,12792,Secunderabad Ex,KTE,Katni,13,00:25,00:30,32,34,5,620.0,2
2026-08-25,12792,Secunderabad Ex,JBP,Jabalpur,14,01:45,01:55,31,35,1,710.0,2
2026-08-25,12792,Secunderabad Ex,ET,Itarsi Jn,15,05:40,05:50,14,20,7,956.0,2
2026-08-25,12792,Secunderabad Ex,GDYA,Ghoradongri,16,06:49,06:50,21,29,3,1026.0,2
2026-08-25,12792,Secunderabad Ex,BZU,Betul,17,07:28,07:30,39,42,1,1062.0,2
2026-08-25,12792,Secunderabad Ex,NGP,Nagpur,18,11:00,11:05,16,29,3,1253.0,2
2026-08-25,12792,Secunderabad Ex,SEGM,Sevagram,19,12:03,12:05,41,43,4,1329.0,2
2026-08-25,12792,Secunderabad Ex,CD,Chandrapur,20,13:38,13:40,63,66,1,1450.0,2
2026-08-25,12792,Secunderabad Ex,BPQ,Balharshah,21,14:55,15:00,7,14,1,1464.0,2
2026-08-25,12792,Secunderabad Ex,SKZR,Sirpur Kagazngr,22,15:51,15:52,39,44,3,1533.0,2
2026-08-25,12792,Secunderabad Ex,BPA,Bellampalli,23,16:20,16:21,61,64,2,1572.0,2
2026-08-25,12792,Secunderabad Ex,MCI,Manchiryal,24,16:34,16:35,74,77,2,1592.0,2
2026-08-25,12792,Secunderabad Ex,RDM,Ramagundam,25,16:44,16:45,83,85,2,1605.0,2
2026-08-25,12792,Secunderabad Ex,PDPL,Peddapalli Jn,26,16:59,17:00,88,90,2,1623.0,2
2026-08-25,12792,Secunderabad Ex,KZJ,Kazipet Jn,28,18:23,18:25,87,90,2,1698.0,2
2026-08-25,12792,Secunderabad Ex,SC,Secunderabad Jn,29,21:30,,42,,8,1830.0,2
2026-08-25,22691,Rajdhani Exp,SSPN,Sai P Nilayam,2,22:13,22:15,31,35,2,159.0,1
2026-08-25,22691,Rajdhani Exp,GTL,Guntakal Jn,3,00:40,00:45,22,30,1,293.0,2
2026-08-25,22691,Rajdhani Exp,RC,Raichur,4,02:28,02:30,23,28,2,414.0,2
2026-08-25,22691,Rajdhani Exp,SEM,Seram,6,04:30,04:31,28,32,2,559.0,2
2026-08-25,22691,Rajdhani Exp,SC,Secunderabad Jn,7,07:00,07:10,26,33,1,705.0,2
2026-08-25,22691,Rajdhani Exp,KZJ,Kazipet Jn,8,08:48,08:50,49,52,1,837.0,2
2026-08-25,22691,Rajdhani Exp,BPQ,Balharshah,9,12:10,12:15,46,51,4,1071.0,2
2026-08-25,22691,Rajdhani Exp,NGP,Nagpur,10,14:55,15:00,76,83,1,1282.0,2
2026-08-25,22691,Rajdhani Exp,ET,Itarsi Jn,11,19:18,19:20,69,72,1,1579.0,2
2026-08-25,22691,Rajdhani Exp,BPL,Bhopal  Jn,12,20:55,21:05,64,69,3,1678.0,2
2026-08-25,22691,Rajdhani Exp,VGLJ,V Lakshmibai Jhansi Jhs,13,00:16,00:21,73,77,5,1969.0,3
2026-08-25,22691,Rajdhani Exp,GWL,Gwalior,14,01:19,01:21,89,91,2,2066.0,3
2026-08-25,22691,Rajdhani Exp,AGC,Agra Cantt,15,02:55,02:57,78,81,2,2184.0,3
2026-08-25,22691,Rajdhani Exp,NZM,H Nizamuddin,16,05:30,,79,,8,2371.0,3
2026-08-25,12615,Grand Trunk Exp,GDR,Gudur Jn,2,20:28,20:30,6,14,2,142.0,1
2026-08-25,12615,Grand Trunk Exp,NLR,Nellore,3,20:58,21:00,19,22,2,181.0,1
2026-08-25,12615,Grand Trunk Exp,OGL,Ongole,4,22:28,22:30,18,20,1,297.0,1
2026-08-25,12615,Grand Trunk Exp,CLX,Chirala,5,23:13,23:15,12,14,4,346.0,1
2026-08-25,12615,Grand Trunk Exp,TEL,Tenali Jn,6,00:08,00:10,7,11,4,403.0,2
2026-08-25,12615,Grand Trunk Exp,BZA,Vijayawada Jn,7,00:45,00:55,11,13,8,435.0,2
2026-08-25,12615,Grand Trunk Exp,KMT,Khammam,8,02:29,02:30,20,22,2,535.0,2
2026-08-25,12615,Grand Trunk Exp,WL,Warangal,9,03:58,04:00,26,33,2,642.0,2
2026-08-25,12615,Grand Trunk Exp,RDM,Ramagundam,10,05:29,05:30,24,26,1,743.0,2
2026-08-25,12615,Grand Trunk Exp,MCI,Manchiryal,11,05:49,05:50,26,27,1,757.0,2
2026-08-25,12615,Grand Trunk Exp,SKZR,Sirpur Kagazngr,12,06:44,06:45,37,39,1,815.0,2
2026-08-25,12615,Grand Trunk Exp,BPQ,Balharshah,13,08:05,08:10,23,25,4,885.0,2
2026-08-25,12615,Grand Trunk Exp,CD,Chandrapur,14,08:25,08:27,26,29,2,898.0,2
2026-08-25,12615,Grand Trunk Exp,HGT,Hinganghat,15,09:29,09:30,46,48,1,983.0,2
2026-08-25,12615,Grand Trunk Exp,SEGM,Sevagram,16,10:03,10:05,45,48,3,1020.0,2
2026-08-25,12615,Grand Trunk Exp,NGP,Nagpur,17,11:25,11:30,33,40,1,1096.0,2
2026-08-25,12615,Grand Trunk Exp,PAR,Pandhurna,19,12:49,12:50,45,46,3,1200.0,2
2026-08-25,12615,Grand Trunk Exp,AMLA,Amla Jn,20,13:48,13:50,47,47,3,1263.0,2
2026-08-25,12615,Grand Trunk Exp,BZU,Betul,21,14:08,14:10,47,51,2,1286.0,2
2026-08-25,12615,Grand Trunk Exp,GDYA,Ghoradongri,22,14:49,14:50,54,56,1,1323.0,2
2026-08-25,12615,Grand Trunk Exp,ET,Itarsi Jn,23,16:40,16:50,7,14,3,1393.0,2
2026-08-25,12615,Grand Trunk Exp,NDPM,Narmadapuram,24,17:08,17:10,18,20,1,1411.0,2
2026-08-25,12615,Grand Trunk Exp,RKMP,Rani Kamalapati,25,18:18,18:20,13,17,3,1485.0,2
2026-08-25,12615,Grand Trunk Exp,BPL,Bhopal  Jn,26,18:40,18:45,13,17,2,1491.0,2
2026-08-25,12615,Grand Trunk Exp,BHS,Vidisha,27,19:20,19:22,23,26,1,1544.0,2
2026-08-25,12615,Grand Trunk Exp,BAQ,Ganj Basoda,28,19:53,19:55,28,31,1,1584.0,2
2026-08-25,12615,Grand Trunk Exp,BINA,Bina Jn,29,20:50,20:55,12,18,4,1630.0,2
2026-08-25,12615,Grand Trunk Exp,VGLJ,V Lakshmibai Jhansi Jhs,30,22:50,22:55,12,18,5,1782.0,2
2026-08-25,12615,Grand Trunk Exp,GWL,Gwalior,31,23:55,23:57,35,39,3,1879.0,2
2026-08-25,12615,Grand Trunk Exp,MRA,Morena,32,00:26,00:28,41,43,2,1918.0,3
2026-08-25,12615,Grand Trunk Exp,DHO,Dhaulpur,33,01:13,01:15,18,22,3,1945.0,3
2026-08-25,12615,Grand Trunk Exp,AGC,Agra Cantt,34,01:48,01:53,27,31,2,1998.0,3
2026-08-25,12615,Grand Trunk Exp,MTJ,Mathura Jn,36,02:35,02:40,44,45,2,2051.0,3
2026-08-25,12615,Grand Trunk Exp,FDB,Faridabad,37,04:16,04:18,17,21,2,2164.0,3
2026-08-25,12615,Grand Trunk Exp,NZM,H Nizamuddin,38,04:40,04:42,25,30,3,2185.0,3
2026-08-25,12615,Grand Trunk Exp,NDLS,New Delhi,39,05:10,,28,,4,2192.0,3
2026-08-25,19019,Bdts Hw Exp,BVI,Borivali,2,00:45,00:48,8,8,6,19.0,1
2026-08-25,19019,Bdts Hw Exp,BSR,Vasai Road,3,01:05,01:07,4,7,4,37.0,1
2026-08-25,19019,Bdts Hw Exp,PLG,Palghar,4,01:40,01:45,14,12,1,76.0,1
2026-08-25,19019,Bdts Hw Exp,DRD,Dahanu Road,5,02:08,02:10,13,14,1,109.0,1
2026-08-25,19019,Bdts Hw Exp,VAPI,Vapi,6,02:33,02:35,17,19,1,159.0,1
2026-08-25,19019,Bdts Hw Exp,BL,Valsad,7,03:10,03:15,16,16,2,183.0,1
2026-08-25,19019,Bdts Hw Exp,BIM,Bilimora Jn,8,03:28,03:30,18,20,1,202.0,1
2026-08-25,19019,Bdts Hw Exp,NVS,Navsari,9,03:45,03:47,18,18,1,223.0,1
2026-08-25,19019,Bdts Hw Exp,ST,Surat,10,04:30,04:35,9,10,1,252.0,1
2026-08-25,19019,Bdts Hw Exp,KSB,Kosamba Jn,11,04:58,05:00,8,9,1,283.0,1
2026-08-25,19019,Bdts Hw Exp,AKV,Ankleshwar Jn,12,05:14,05:16,13,13,1,302.0,1
2026-08-25,19019,Bdts Hw Exp,BH,Bharuch Jn,13,05:29,05:31,10,11,3,311.0,1
2026-08-25,19019,Bdts Hw Exp,MYG,Miyagam Karjan,14,06:00,06:02,12,14,1,351.0,1
2026-08-25,19019,Bdts Hw Exp,BRC,Vadodara Jn,15,06:35,06:43,6,7,3,381.0,1
2026-08-25,19019,Bdts Hw Exp,SMLA,Samlaya Jn,16,07:07,07:08,13,14,1,408.0,1
2026-08-25,19019,Bdts Hw Exp,DRL,Derol,18,07:35,07:36,11,11,1,432.0,1
2026-08-25,19019,Bdts Hw Exp,GDA,Godhra Jn,20,08:03,08:08,8,9,3,455.0,1
2026-08-25,19019,Bdts Hw Exp,SAT,Sant Road,21,08:23,08:25,12,12,3,475.0,1
2026-08-25,19019,Bdts Hw Exp,PPD,Piplod Jn,22,08:35,08:37,14,15,1,487.0,1
2026-08-25,19019,Bdts Hw Exp,LMK,Limkheda,23,08:46,08:47,14,16,1,495.0,1
2026-08-25,19019,Bdts Hw Exp,MAM,Mangal Mahudi,24,08:57,08:58,15,16,1,505.0,1
2026-08-25,19019,Bdts Hw Exp,DHD,Dahod,25,09:18,09:20,17,19,3,529.0,1
2026-08-25,19019,Bdts Hw Exp,BIO,Bordi,26,09:35,09:36,14,15,1,540.0,1
2026-08-25,19019,Bdts Hw Exp,ANAS,Anas,27,09:45,09:46,12,14,3,548.0,1
2026-08-25,19019,Bdts Hw Exp,MGN,Meghnagar,28,09:58,10:00,14,15,1,562.0,1
2026-08-25,19019,Bdts Hw Exp,THDR,Thandla Rd,29,10:10,10:11,14,16,1,570.0,1
2026-08-25,19019,Bdts Hw Exp,PCN,Panch Pipila,30,10:25,10:26,14,16,2,584.0,1
2026-08-25,19019,Bdts Hw Exp,BMI,Bamnia,31,10:40,10:42,14,16,2,597.0,1
2026-08-25,19019,Bdts Hw Exp,BOG,Bhairongarh,32,10:50,10:51,15,15,2,604.0,1
2026-08-25,19019,Bdts Hw Exp,BILD,Bildi,33,11:08,11:09,15,16,1,622.0,1
2026-08-25,19019,Bdts Hw Exp,MRN,Morwani,34,11:19,11:20,17,18,1,632.0,1
2026-08-25,19019,Bdts Hw Exp,RTM,Ratlam Jn,35,11:50,12:00,2,8,5,642.0,1
2026-08-25,19019,Bdts Hw Exp,BOD,Bangrod,36,12:15,12:16,7,8,3,652.0,1
2026-08-25,19019,Bdts Hw Exp,RNH,Runkhera,37,12:25,12:26,11,12,1,660.0,1
2026-08-25,19019,Bdts Hw Exp,KUH,Khachrod,38,12:34,12:39,13,12,2,670.0,1
2026-08-25,19019,Bdts Hw Exp,NAD,Nagda Jn,39,13:05,13:10,,4,1,684.0,1
2026-08-25,19019,Bdts Hw Exp,MEP,Mahidpur Road,40,13:28,13:30,3,9,2,701.0,1
2026-08-25,19019,Bdts Hw Exp,VMA,Vikramgarh Alot,41,13:56,13:58,1,8,2,724.0,1
2026-08-25,19019,Bdts Hw Exp,CMU,Chau Mahla,42,14:16,14:18,11,12,1,746.0,1
2026-08-25,19019,Bdts Hw Exp,SVA,Suwasra,43,14:33,14:35,10,12,2,761.0,1
2026-08-25,19019,Bdts Hw Exp,SGZ,Shamgarh,44,14:48,14:50,12,13,2,775.0,1
2026-08-25,19019,Bdts Hw Exp,GOH,Garot,45,15:00,15:02,12,14,2,786.0,1
2026-08-25,19019,Bdts Hw Exp,BWM,Bhawani Mandi,46,15:20,15:25,16,15,1,808.0,1
2026-08-25,19019,Bdts Hw Exp,JHW,Jhalawar Road,47,15:38,15:40,14,15,2,825.0,1
2026-08-25,19019,Bdts Hw Exp,RMA,Ramganj Mandi,48,16:00,16:05,6,8,1,836.0,1
2026-08-25,19019,Bdts Hw Exp,MKX,Morak,49,16:15,16:17,6,8,1,847.0,1
2026-08-25,19019,Bdts Hw Exp,DARA,Dara,50,16:33,16:35,7,8,2,861.0,1
2026-08-25,19019,Bdts Hw Exp,KOTA,Kota Jn,52,17:45,17:55,13,14,1,909.0,1
2026-08-25,19019,Bdts Hw Exp,KPTN,Keshorai Patan,53,18:08,18:10,18,30,1,922.0,1
2026-08-25,19019,Bdts Hw Exp,KPZ,KAPREN,54,18:28,18:30,31,40,1,942.0,1
2026-08-25,19019,Bdts Hw Exp,LKE,Lakheri,55,18:53,18:55,48,50,3,969.0,1
2026-08-25,19019,Bdts Hw Exp,IDG,Indargarh,56,19:08,19:10,51,53,1,980.0,1
2026-08-25,19019,Bdts Hw Exp,SWM,Sawai Madhopur,57,19:50,19:55,28,27,1,1017.0,1
2026-08-25,19019,Bdts Hw Exp,MLZ,Malarna,58,20:16,20:18,27,28,2,1047.0,1
2026-08-25,19019,Bdts Hw Exp,NNW,Nrynpur Tatwar,59,20:33,20:35,30,31,2,1063.0,1
2026-08-25,19019,Bdts Hw Exp,GGC,Gangapur City,60,20:55,21:05,26,24,1,1080.0,1
2026-08-25,19019,Bdts Hw Exp,SMVJ,Shri Mahaveerji,61,21:30,21:32,25,26,2,1114.0,1
2026-08-25,19019,Bdts Hw Exp,HAN,Hindaun City,62,21:45,21:50,26,24,2,1124.0,1
2026-08-25,19019,Bdts Hw Exp,FSP,Fateh Singhpura,63,22:01,22:03,25,27,2,1138.0,1
2026-08-25,19019,Bdts Hw Exp,BXN,Bayana Jn,64,22:23,22:25,20,22,1,1157.0,1
2026-08-25,19019,Bdts Hw Exp,BTE,Bharatpur Jn,65,23:05,23:10,5,8,4,1199.0,1
2026-08-25,19019,Bdts Hw Exp,MTJ,Mathura Jn,66,00:10,00:15,,2,7,1233.0,2
2026-08-25,19019,Bdts Hw Exp,KSV,Kosi Kalan,67,00:45,00:47,6,8,3,1274.0,2
2026-08-25,19019,Bdts Hw Exp,FDB,Faridabad,68,01:58,02:00,5,13,2,1345.0,2
2026-08-25,19019,Bdts Hw Exp,NZM,H Nizamuddin,69,02:35,02:50,19,26,1,1366.0,2
2026-08-25,19019,Bdts Hw Exp,GZB,Ghaziabad,70,03:26,03:28,31,32,1,1389.0,2
2026-08-25,19019,Bdts Hw Exp,MTC,Meerut City,71,04:02,04:07,43,43,3,1436.0,2
2026-08-25,19019,Bdts Hw Exp,MOZ,Muzaffarnagar,72,04:48,04:50,41,43,1,1492.0,2
2026-08-25,19019,Bdts Hw Exp,TPZ,Tapri,73,05:41,05:43,28,29,1,1543.0,2
2026-08-25,19019,Bdts Hw Exp,RK,Roorkee,74,06:28,06:33,23,27,1,1575.0,2
2026-08-25,19019,Bdts Hw Exp,JWP,Jwalapur,75,07:24,07:26,26,29,1,1612.0,2
2026-08-25,19019,Bdts Hw Exp,HW,Haridwar Jn,76,07:50,,20,,3,1616.0,2
2026-08-25,15018,Gkp Ltt Exp,CC,Chauri Chaura,2,06:18,06:20,38,40,1,25.0,1
2026-08-25,15018,Gkp Ltt Exp,DEOS,Deoria Sadar,3,06:43,06:48,38,40,1,50.0,1
2026-08-25,15018,Gkp Ltt Exp,BTT,Bhatni Jn,4,07:08,07:10,38,43,1,71.0,1
2026-08-25,15018,Gkp Ltt Exp,SRU,Salempur Jn,5,07:25,07:27,59,63,1,81.0,1
2026-08-25,15018,Gkp Ltt Exp,LRD,Lar Road,6,07:39,07:41,63,69,1,91.0,1
2026-08-25,15018,Gkp Ltt Exp,BLTR,Belthara Road,7,07:55,07:57,71,75,1,104.0,1
2026-08-25,15018,Gkp Ltt Exp,IAA,Indara Jn,8,08:18,08:20,81,84,4,131.0,1
2026-08-25,15018,Gkp Ltt Exp,MAU,Mau Jn,9,08:30,08:35,80,86,1,139.0,1
2026-08-25,15018,Gkp Ltt Exp,DLR,Dullahapur,10,08:58,09:00,74,78,1,160.0,1
2026-08-25,15018,Gkp Ltt Exp,JKN,Jakhanian,11,09:13,09:15,72,76,1,168.0,1
2026-08-25,15018,Gkp Ltt Exp,SDT,Sadat,12,09:25,09:27,74,76,2,178.0,1
2026-08-25,15018,Gkp Ltt Exp,ARJ,Aunrihar Jn,13,09:52,09:54,81,80,5,196.0,1
2026-08-25,15018,Gkp Ltt Exp,BSB,Varanasi Jn,15,11:10,11:20,115,116,5,231.0,1
2026-08-25,15018,Gkp Ltt Exp,SRJ,Shankargarh,32,17:10,17:11,232,235,1,414.0,1
2026-08-25,15018,Gkp Ltt Exp,DBR,Dabhaura,33,17:39,17:40,245,248,1,447.0,1
2026-08-25,15018,Gkp Ltt Exp,MKP,Manikpur,34,18:10,18:15,241,244,1,469.0,1
2026-08-25,15018,Gkp Ltt Exp,JTW,Jaitwar,35,18:53,18:55,251,255,1,527.0,1
2026-08-25,15018,Gkp Ltt Exp,STA,Satna,36,19:15,19:20,266,270,1,547.0,1
2026-08-25,15018,Gkp Ltt Exp,MYR,Maihar,37,19:43,19:45,275,279,2,582.0,1
2026-08-25,15018,Gkp Ltt Exp,KTE,Katni,38,20:45,20:50,301,307,3,645.0,1
2026-08-25,15018,Gkp Ltt Exp,SHR,Sihora Road,39,21:28,21:30,315,317,2,697.0,1
2026-08-25,15018,Gkp Ltt Exp,JBP,Jabalpur,40,22:05,22:15,326,331,1,736.0,1
2026-08-25,15018,Gkp Ltt Exp,SRID,Shridham,42,22:58,23:00,333,335,3,789.0,1
2026-08-25,15018,Gkp Ltt Exp,NU,Narsinghpur,43,23:38,23:40,328,331,2,820.0,1
2026-08-25,15018,Gkp Ltt Exp,KY,Kareli,44,00:03,00:05,329,332,2,836.0,2
2026-08-25,15018,Gkp Ltt Exp,GAR,Gadarwara,45,00:33,00:35,326,328,2,864.0,2
2026-08-25,15018,Gkp Ltt Exp,PPI,Pipariya,46,01:03,01:05,337,344,2,914.0,2
2026-08-25,15018,Gkp Ltt Exp,SGP,Sohagpur,47,01:23,01:25,344,346,2,931.0,2
2026-08-25,15018,Gkp Ltt Exp,ET,Itarsi Jn,48,02:50,03:00,332,333,6,981.0,2
2026-08-25,15018,Gkp Ltt Exp,BPF,Banapura,49,03:28,03:30,352,358,1,1014.0,2
2026-08-25,15018,Gkp Ltt Exp,TBN,Timarni,50,03:48,03:50,365,367,1,1042.0,2
2026-08-25,15018,Gkp Ltt Exp,HD,Harda,51,04:02,04:04,367,369,3,1057.0,2
2026-08-25,15018,Gkp Ltt Exp,KKN,Khirkiya,52,04:23,04:25,372,376,2,1088.0,2
2026-08-25,15018,Gkp Ltt Exp,CAER,Chhanera,53,04:52,04:54,379,385,2,1119.0,2
2026-08-25,15018,Gkp Ltt Exp,TLV,Talvadya,54,06:58,07:00,380,392,1,1149.0,2
2026-08-25,15018,Gkp Ltt Exp,KNW,Khandwa,55,07:33,07:35,298,298,2,1164.0,2
2026-08-25,15018,Gkp Ltt Exp,NPNR,Nepanagar,56,08:00,08:01,315,319,2,1207.0,2
2026-08-25,15018,Gkp Ltt Exp,BAU,Burhanpur,57,08:25,08:27,314,317,1,1233.0,2
2026-08-25,15018,Gkp Ltt Exp,RV,Raver,58,08:43,08:45,320,323,2,1254.0,2
2026-08-25,15018,Gkp Ltt Exp,BSL,Bhusaval Jn,59,09:25,09:30,322,334,4,1288.0,2
2026-08-25,15018,Gkp Ltt Exp,JL,Jalgaon Jn,60,09:53,09:55,336,338,2,1312.0,2
2026-08-25,15018,Gkp Ltt Exp,PC,Pachora Jn,61,10:25,10:27,343,346,2,1360.0,2
2026-08-25,15018,Gkp Ltt Exp,CSN,Chalisgaon Jn,62,11:03,11:05,355,358,3,1405.0,2
2026-08-25,15018,Gkp Ltt Exp,NGN,Nandgaon,63,11:34,11:35,364,368,2,1447.0,2
2026-08-25,15018,Gkp Ltt Exp,MMR,Manmad Jn,64,12:08,12:10,355,362,3,1472.0,2
2026-08-25,15018,Gkp Ltt Exp,LS,Lasalgaon,65,12:28,12:30,363,365,2,1497.0,2
2026-08-25,15018,Gkp Ltt Exp,NK,Nashik Road,66,13:15,13:20,363,366,3,1545.0,2
2026-08-25,15018,Gkp Ltt Exp,IGP,Igatpuri,67,14:32,14:37,341,350,3,1596.0,2
2026-08-25,15018,Gkp Ltt Exp,KYN,Kalyan Jn,68,16:17,16:20,367,367,5,1679.0,2
2026-08-25,15018,Gkp Ltt Exp,TNA,Thane,69,16:42,16:45,370,371,8,1699.0,2
2026-08-25,15018,Gkp Ltt Exp,LTT,Lokmanyatilak T,70,17:30,,367,,2,1716.0,2
2026-08-25,12163,Ltt Mas Exp,TNA,Thane,2,18:42,18:45,28,29,7,18.0,1
2026-08-25,12163,Ltt Mas Exp,KYN,Kalyan Jn,3,19:07,19:10,42,47,6,38.0,1
2026-08-25,12163,Ltt Mas Exp,PUNE,Pune Jn,5,22:05,22:10,60,65,3,176.0,1
2026-08-25,12163,Ltt Mas Exp,SUR,Solapur Jn,6,01:45,01:50,47,51,1,440.0,2
2026-08-25,12163,Ltt Mas Exp,KLBG,Kalaburagi,7,03:10,03:13,59,63,2,553.0,2
2026-08-25,12163,Ltt Mas Exp,WADI,Wadi,8,04:13,04:15,51,53,2,589.0,2
2026-08-25,12163,Ltt Mas Exp,YG,Yadgir,9,04:38,04:40,47,50,1,628.0,2
2026-08-25,12163,Ltt Mas Exp,SADP,Saidapur,10,04:59,05:00,51,53,1,651.0,2
2026-08-25,12163,Ltt Mas Exp,RC,Raichur,11,05:53,05:55,55,57,1,697.0,2
2026-08-25,12163,Ltt Mas Exp,MALM,Manthralayam Rd,12,06:18,06:20,59,62,1,725.0,2
2026-08-25,12163,Ltt Mas Exp,AD,Adoni,13,06:53,06:55,56,59,1,766.0,2
2026-08-25,12163,Ltt Mas Exp,GTL,Guntakal Jn,14,08:00,08:10,46,52,1,818.0,2
2026-08-25,12163,Ltt Mas Exp,GY,Gooty,15,08:33,08:35,48,53,1,846.0,2
2026-08-25,12163,Ltt Mas Exp,TU,Tadipatri,16,09:18,09:20,52,53,1,894.0,2
2026-08-25,12163,Ltt Mas Exp,YA,Yerraguntla,17,10:03,10:05,49,51,1,963.0,2
2026-08-25,12163,Ltt Mas Exp,HX,Cuddapah,18,10:43,10:45,50,54,1,1002.0,2
2026-08-25,12163,Ltt Mas Exp,RJP,Razampeta,19,11:23,11:25,59,62,1,1053.0,2
2026-08-25,12163,Ltt Mas Exp,RU,Renigunta Jn,21,12:55,13:00,36,50,5,1127.0,2
2026-08-25,12163,Ltt Mas Exp,PUT,Puttur,22,13:28,13:30,46,47,3,1153.0,2
2026-08-25,12163,Ltt Mas Exp,TRT,Tiruttani,23,13:58,14:00,46,47,3,1185.0,2
2026-08-25,12163,Ltt Mas Exp,AJJ,Arakkonam Jn,24,14:18,14:20,55,58,7,1200.0,2
2026-08-25,12163,Ltt Mas Exp,PER,Perambur,25,14:58,15:00,59,59,1,1263.0,2
2026-08-25,12163,Ltt Mas Exp,MAS,Mgr Chennai Ctl,26,16:10,,29,,10,1268.0,2
2026-08-25,15017,Ltt Gkp Express,TNA,Thane,2,06:58,07:00,19,21,7,18.0,1
2026-08-25,15017,Ltt Gkp Express,KYN,Kalyan Jn,3,07:17,07:20,32,37,4,38.0,1
2026-08-25,15017,Ltt Gkp Express,IGP,Igatpuri,4,09:02,09:07,47,48,2,121.0,1
2026-08-25,15017,Ltt Gkp Express,NK,Nashik Road,5,09:57,10:00,42,47,2,172.0,1
2026-08-25,15017,Ltt Gkp Express,LS,Lasalgaon,6,10:38,10:40,44,46,3,220.0,1
2026-08-25,15017,Ltt Gkp Express,MMR,Manmad Jn,7,11:13,11:15,32,36,2,245.0,1
2026-08-25,15017,Ltt Gkp Express,NGN,Nandgaon,8,11:29,11:30,40,40,1,270.0,1
2026-08-25,15017,Ltt Gkp Express,CSN,Chalisgaon Jn,9,11:53,11:55,50,54,2,312.0,1
2026-08-25,15017,Ltt Gkp Express,PC,Pachora Jn,10,12:28,12:30,59,62,1,357.0,1
2026-08-25,15017,Ltt Gkp Express,JL,Jalgaon Jn,11,13:08,13:10,60,63,1,405.0,1
2026-08-25,15017,Ltt Gkp Express,BSL,Bhusaval Jn,12,13:55,14:00,40,43,5,429.0,1
2026-08-25,15017,Ltt Gkp Express,RV,Raver,13,14:28,14:30,58,63,3,463.0,1
2026-08-25,15017,Ltt Gkp Express,BAU,Burhanpur,14,14:43,14:45,64,66,2,483.0,1
2026-08-25,15017,Ltt Gkp Express,NPNR,Nepanagar,15,15:14,15:15,56,62,1,510.0,1
2026-08-25,15017,Ltt Gkp Express,KNW,Khandwa,16,16:28,16:30,33,34,2,552.0,1
2026-08-25,15017,Ltt Gkp Express,TLV,Talvadya,17,16:50,16:52,20,32,2,568.0,1
2026-08-25,15017,Ltt Gkp Express,CAER,Chhanera,18,17:18,17:20,36,50,1,598.0,1
2026-08-25,15017,Ltt Gkp Express,KKN,Khirkiya,19,17:58,18:00,39,52,1,628.0,1
2026-08-25,15017,Ltt Gkp Express,HD,Harda,20,18:46,18:48,54,57,2,660.0,1
2026-08-25,15017,Ltt Gkp Express,TBN,Timarni,21,19:01,19:02,66,73,2,674.0,1
2026-08-25,15017,Ltt Gkp Express,BPF,Banapura,22,19:33,19:35,35,43,2,702.0,1
2026-08-25,15017,Ltt Gkp Express,ET,Itarsi Jn,23,20:40,20:50,18,27,5,736.0,1
2026-08-25,15017,Ltt Gkp Express,SGP,Sohagpur,24,21:28,21:30,29,31,1,785.0,1
2026-08-25,15017,Ltt Gkp Express,PPI,Pipariya,25,21:46,21:48,27,31,1,803.0,1
2026-08-25,15017,Ltt Gkp Express,GAR,Gadarwara,26,22:20,22:22,34,37,1,853.0,1
2026-08-25,15017,Ltt Gkp Express,KY,Kareli,27,22:43,22:45,37,40,1,881.0,1
2026-08-25,15017,Ltt Gkp Express,NU,Narsinghpur,28,22:58,23:00,40,43,1,897.0,1
2026-08-25,15017,Ltt Gkp Express,SRID,Shridham,29,23:23,23:25,43,45,2,928.0,1
2026-08-25,15017,Ltt Gkp Express,MML,Madan Mahal,30,00:18,00:20,28,37,3,977.0,2
2026-08-25,15017,Ltt Gkp Express,JBP,Jabalpur,31,00:30,00:40,34,42,5,981.0,2
2026-08-25,15017,Ltt Gkp Express,SHR,Sihora Road,32,01:08,01:10,34,37,1,1019.0,2
2026-08-25,15017,Ltt Gkp Express,KTE,Katni,33,01:55,02:00,40,47,2,1072.0,2
2026-08-25,15017,Ltt Gkp Express,MYR,Maihar,34,02:48,02:50,48,52,1,1135.0,2
2026-08-25,15017,Ltt Gkp Express,STA,Satna,35,03:25,03:30,40,43,2,1170.0,2
2026-08-25,15017,Ltt Gkp Express,JTW,Jaitwar,36,03:48,03:50,46,48,2,1190.0,2
2026-08-25,15017,Ltt Gkp Express,MKP,Manikpur,37,05:20,05:25,14,27,2,1247.0,2
2026-08-25,15017,Ltt Gkp Express,DBR,Dabhaura,38,05:44,05:45,24,28,2,1270.0,2
2026-08-25,15017,Ltt Gkp Express,SRJ,Shankargarh,39,06:09,06:10,40,45,2,1303.0,2
2026-08-25,15017,Ltt Gkp Express,BSB,Varanasi Jn,55,13:00,13:10,86,96,5,1482.0,2
2026-08-25,15017,Ltt Gkp Express,ARJ,Aunrihar Jn,57,13:58,14:00,206,209,5,1517.0,2
2026-08-25,15017,Ltt Gkp Express,SDT,Sadat,58,14:18,14:20,208,212,1,1536.0,2
2026-08-25,15017,Ltt Gkp Express,JKN,Jakhanian,59,14:32,14:34,212,216,1,1546.0,2
2026-08-25,15017,Ltt Gkp Express,DLR,Dullahapur,60,14:45,14:47,212,221,1,1554.0,2
2026-08-25,15017,Ltt Gkp Express,MAU,Mau Jn,61,15:15,15:20,220,224,1,1575.0,2
2026-08-25,15017,Ltt Gkp Express,IAA,Indara Jn,62,15:30,15:32,228,232,2,1583.0,2
2026-08-25,15017,Ltt Gkp Express,BLTR,Belthara Road,63,16:07,16:09,230,236,1,1610.0,2
2026-08-25,15017,Ltt Gkp Express,LRD,Lar Road,64,16:25,16:27,233,238,1,1623.0,2
2026-08-25,15017,Ltt Gkp Express,SRU,Salempur Jn,65,16:38,16:40,237,241,2,1633.0,2
2026-08-25,15017,Ltt Gkp Express,BTT,Bhatni Jn,66,16:58,17:03,243,249,2,1643.0,2
2026-08-25,15017,Ltt Gkp Express,DEOS,Deoria Sadar,67,17:23,17:28,250,252,2,1664.0,2
2026-08-25,15017,Ltt Gkp Express,CC,Chauri Chaura,68,17:52,17:54,253,257,1,1689.0,2
2026-08-25,15017,Ltt Gkp Express,GKP,Gorakhpur Jn,69,18:55,,284,,1,1713.0,2
2026-08-25,12810,Hwh Csmt Mail,KGP,Kharagpur Jn,2,21:05,21:10,81,83,4,116.0,1
2026-08-25,12810,Hwh Csmt Mail,TATA,Tatanagar Jn,3,23:02,23:07,98,101,3,250.0,1
2026-08-25,12810,Hwh Csmt Mail,CKP,Chakradharpur,4,23:55,00:02,139,139,1,312.0,2
2026-08-25,12810,Hwh Csmt Mail,ROU,Rourkela,5,01:27,01:35,145,146,3,413.0,2
2026-08-25,12810,Hwh Csmt Mail,JSG,Jharsuguda Jn,6,03:20,03:25,125,129,1,515.0,2
2026-08-25,12810,Hwh Csmt Mail,BRJN,Brajrajnagar,7,03:43,03:45,130,129,1,526.0,2
2026-08-25,12810,Hwh Csmt Mail,BPH,Belpahar,8,03:54,03:56,129,133,2,536.0,2
2026-08-25,12810,Hwh Csmt Mail,RIG,Raigarh,9,04:30,04:35,125,127,2,587.0,2
2026-08-25,12810,Hwh Csmt Mail,KHS,Kharsia,10,05:00,05:02,132,134,1,621.0,2
2026-08-25,12810,Hwh Csmt Mail,SKT,Sakti,11,05:13,05:15,144,148,2,637.0,2
2026-08-25,12810,Hwh Csmt Mail,CPH,Champa Jn,12,05:38,05:40,145,149,2,667.0,2
2026-08-25,12810,Hwh Csmt Mail,BSP,Bilaspur Jn,13,06:50,07:05,136,141,3,719.0,2
2026-08-25,12810,Hwh Csmt Mail,BYT,Bhatapara,14,07:43,07:45,145,147,3,765.0,2
2026-08-25,12810,Hwh Csmt Mail,R,Raipur Jn,15,08:40,08:45,147,153,1,829.0,2
2026-08-25,12810,Hwh Csmt Mail,DURG,Durg,16,09:35,09:40,141,145,2,866.0,2
2026-08-25,12810,Hwh Csmt Mail,RJN,Raj Nandgaon,17,10:01,10:03,150,154,2,897.0,2
2026-08-25,12810,Hwh Csmt Mail,DGG,Dongargarh,18,10:28,10:30,154,156,2,928.0,2
2026-08-25,12810,Hwh Csmt Mail,G,Gondia Jn,19,11:38,11:40,151,155,3,1001.0,2
2026-08-25,12810,Hwh Csmt Mail,TMR,Tumsar Road,20,12:14,12:16,153,155,3,1051.0,2
2026-08-25,12810,Hwh Csmt Mail,BRD,Bhandara Road,21,12:30,12:32,156,160,1,1069.0,2
2026-08-25,12810,Hwh Csmt Mail,NGP,Nagpur,22,13:55,14:00,137,150,3,1131.0,2
2026-08-25,12810,Hwh Csmt Mail,SEGM,Sevagram,23,14:59,15:00,155,158,4,1208.0,2
2026-08-25,12810,Hwh Csmt Mail,WR,Wardha Jn,24,15:04,15:06,159,164,2,1210.0,2
2026-08-25,12810,Hwh Csmt Mail,PLO,Pulgaon Jn,25,15:29,15:30,169,172,1,1240.0,2
2026-08-25,12810,Hwh Csmt Mail,DMN,Dhamangaon,26,15:42,15:43,177,181,1,1260.0,2
2026-08-25,12810,Hwh Csmt Mail,BD,Badnera Jn,27,17:22,17:25,126,127,1,1305.0,2
2026-08-25,12810,Hwh Csmt Mail,MZR,Murtajapur,28,17:53,17:55,130,134,1,1346.0,2
2026-08-25,12810,Hwh Csmt Mail,AK,Akola Jn,29,18:25,18:30,135,135,1,1384.0,2
2026-08-25,12810,Hwh Csmt Mail,SEG,Shegaon,30,18:58,19:00,139,142,1,1421.0,2
2026-08-25,12810,Hwh Csmt Mail,JM,Jalamb Jn,31,19:09,19:10,143,145,1,1434.0,2
2026-08-25,12810,Hwh Csmt Mail,NN,Nandura,32,19:20,19:22,145,149,1,1446.0,2
2026-08-25,12810,Hwh Csmt Mail,MKU,Malkapur,33,19:48,19:50,142,145,1,1474.0,2
2026-08-25,12810,Hwh Csmt Mail,BSL,Bhusaval Jn,34,20:40,20:45,150,160,4,1524.0,2
2026-08-25,12810,Hwh Csmt Mail,JL,Jalgaon Jn,35,21:10,21:12,158,161,2,1549.0,2
2026-08-25,12810,Hwh Csmt Mail,CSN,Chalisgaon Jn,36,22:15,22:17,182,194,3,1641.0,2
2026-08-25,12810,Hwh Csmt Mail,MMR,Manmad Jn,37,23:18,23:20,200,203,3,1708.0,2
2026-08-25,12810,Hwh Csmt Mail,NK,Nashik Road,38,00:20,00:25,202,206,3,1782.0,3
2026-08-25,12810,Hwh Csmt Mail,KYN,Kalyan Jn,41,03:07,03:10,253,254,5,1915.0,3
2026-08-25,12810,Hwh Csmt Mail,DR,Dadar,42,03:52,03:55,303,,12,1960.0,3
2026-08-25,12312,Netaji Express,CNDM,Chandi Mandir,2,00:13,00:15,15,15,1,15.0,2
2026-08-25,12312,Netaji Express,CDG,Chandigarh,3,00:28,01:25,17,12,2,24.0,2
2026-08-25,12312,Netaji Express,UMB,Ambala Cant Jn,4,02:10,02:20,12,13,2,69.0,2
2026-08-25,12312,Netaji Express,KKDE,Kurukshetra Jn,5,02:49,02:51,20,22,2,111.0,2
2026-08-25,12312,Netaji Express,KUN,Karnal,6,03:14,03:16,27,28,1,144.0,2
2026-08-25,12312,Netaji Express,PNP,Panipat Jn,7,03:38,03:40,36,37,1,179.0,2
2026-08-25,12312,Netaji Express,SMK,Samalkha,8,03:54,03:56,39,40,1,196.0,2
2026-08-25,12312,Netaji Express,GNU,Ganaur,9,04:07,04:09,41,42,1,208.0,2
2026-08-25,12312,Netaji Express,SNP,Sonipat,10,04:22,04:24,44,47,1,224.0,2
2026-08-25,12312,Netaji Express,ANDI,Adrsh Ngr Delhi,11,04:42,04:44,66,70,1,258.0,2
2026-08-25,12312,Netaji Express,SZM,Subzi Mandi,12,05:28,05:30,37,40,2,264.0,2
2026-08-25,12312,Netaji Express,DLI,Old Delhi,13,06:00,06:15,25,33,16,267.0,2
2026-08-25,12312,Netaji Express,GZB,Ghaziabad,14,07:00,07:02,31,32,2,287.0,2
2026-08-25,12312,Netaji Express,KRJ,Khurja Jn,15,07:58,08:00,31,33,3,350.0,2
2026-08-25,12312,Netaji Express,ALJN,Aligarh Jn,16,08:30,08:35,35,35,3,393.0,2
2026-08-25,12312,Netaji Express,HRS,Hathras Jn,17,08:55,08:57,37,37,1,424.0,2
2026-08-25,12312,Netaji Express,TDL,Tundla Jn,18,09:45,09:50,21,27,5,472.0,2
2026-08-25,12312,Netaji Express,FZD,Firozabad,19,10:08,10:10,26,28,2,488.0,2
2026-08-25,12312,Netaji Express,SKB,Shikohabad Jn,20,10:33,10:35,22,26,2,508.0,2
2026-08-25,12312,Netaji Express,ETW,Etawah Jn,21,11:15,11:20,30,30,3,563.0,2
2026-08-25,12312,Netaji Express,PHD,Phaphund,22,12:06,12:07,28,40,1,620.0,2
2026-08-25,12312,Netaji Express,CNB,Kanpur Central,23,13:45,13:55,41,47,6,703.0,2
2026-08-25,12312,Netaji Express,FTP,Fatehpur,24,15:05,15:07,47,50,2,781.0,2
2026-08-25,12312,Netaji Express,PRYJ,Prayagraj Jn.,25,17:05,17:10,48,54,4,897.0,2
2026-08-25,12312,Netaji Express,MZP,Mirzapur,26,18:25,18:27,58,59,2,987.0,2
2026-08-25,12312,Netaji Express,DDU,Dd Upadhyaya Jn,27,20:28,20:35,20,31,1,1050.0,2
2026-08-25,12312,Netaji Express,BBU,Bhabua Road,28,21:18,21:20,37,39,3,1105.0,2
2026-08-25,12312,Netaji Express,SSM,Sasaram,29,21:50,21:52,42,42,3,1152.0,2
2026-08-25,12312,Netaji Express,DOS,Dehri On Sone,30,22:08,22:10,44,45,4,1170.0,2
2026-08-25,12312,Netaji Express,AUBR,Anugraha N Road,31,22:25,22:27,46,46,3,1186.0,2
2026-08-25,12312,Netaji Express,GAYA,Gaya Jn,32,23:30,23:35,49,51,3,1255.0,2
2026-08-25,12312,Netaji Express,KQR,Koderma Jn,33,00:54,00:56,51,51,3,1331.0,3
2026-08-25,12312,Netaji Express,HZD,Hazaribagh Rd,34,01:27,01:29,58,59,3,1380.0,3
2026-08-25,12312,Netaji Express,PNME,Parasnath,35,01:57,01:59,52,53,2,1407.0,3
2026-08-25,12312,Netaji Express,GMO,Nsc Bose J Gomo,36,02:18,02:23,50,52,2,1425.0,3
2026-08-25,12312,Netaji Express,DHN,Dhanbad Jn,37,03:17,03:22,28,35,1,1454.0,3
2026-08-25,12312,Netaji Express,ASN,Asansol Jn,38,04:16,04:21,30,33,6,1513.0,3
2026-08-25,12312,Netaji Express,DGR,Durgapur,39,04:53,04:55,44,45,4,1555.0,3
2026-08-25,12312,Netaji Express,BWN,Barddhaman Jn,40,06:14,06:16,30,33,5,1619.0,3
2026-08-25,12312,Netaji Express,HWH,Howrah Jn,41,08:05,,30,,12,1713.0,3
2026-08-25,12311,Netaji Express,BWN,Barddhaman Jn,2,22:53,22:55,12,14,1,93.0,1
2026-08-25,12311,Netaji Express,DGR,Durgapur,3,23:51,23:53,3,6,3,156.0,1
2026-08-25,12311,Netaji Express,ASN,Asansol Jn,4,00:22,00:27,13,14,4,199.0,2
2026-08-25,12311,Netaji Express,DHN,Dhanbad Jn,5,01:45,01:50,3,9,3,257.0,2
2026-08-25,12311,Netaji Express,GMO,Nsc Bose J Gomo,6,02:13,02:18,10,11,3,287.0,2
2026-08-25,12311,Netaji Express,PNME,Parasnath,7,02:31,02:33,12,13,3,305.0,2
2026-08-25,12311,Netaji Express,HZD,Hazaribagh Rd,8,02:53,02:55,13,13,2,332.0,2
2026-08-25,12311,Netaji Express,KQR,Koderma Jn,9,03:26,03:28,18,21,4,380.0,2
2026-08-25,12311,Netaji Express,GAYA,Gaya Jn,10,05:05,05:10,8,9,1,456.0,2
2026-08-25,12311,Netaji Express,AUBR,Anugraha N Road,11,05:49,05:51,14,16,2,525.0,2
2026-08-25,12311,Netaji Express,DOS,Dehri On Sone,12,06:08,06:10,21,23,3,541.0,2
2026-08-25,12311,Netaji Express,SSM,Sasaram,13,06:27,06:29,22,24,2,559.0,2
2026-08-25,12311,Netaji Express,BBU,Bhabua Road,14,06:55,06:57,27,28,2,607.0,2
2026-08-25,12311,Netaji Express,DDU,Dd Upadhyaya Jn,15,08:03,08:10,14,13,8,662.0,2
2026-08-25,12311,Netaji Express,MZP,Mirzapur,16,09:08,09:10,21,24,3,725.0,2
2026-08-25,12311,Netaji Express,PRYJ,Prayagraj Jn.,17,10:30,10:40,10,12,1,814.0,2
2026-08-25,12311,Netaji Express,FTP,Fatehpur,18,12:10,12:12,31,36,4,931.0,2
2026-08-25,12311,Netaji Express,CNB,Kanpur Central,19,13:30,13:40,21,25,1,1009.0,2
2026-08-25,12311,Netaji Express,PHD,Phaphund,20,14:40,14:41,41,45,3,1092.0,2
2026-08-25,12311,Netaji Express,ETW,Etawah Jn,21,15:28,15:33,39,40,1,1148.0,2
2026-08-25,12311,Netaji Express,SKB,Shikohabad Jn,22,16:10,16:12,47,49,3,1203.0,2
2026-08-25,12311,Netaji Express,FZD,Firozabad,23,16:30,16:32,46,49,3,1223.0,2
2026-08-25,12311,Netaji Express,TDL,Tundla Jn,24,17:05,17:10,30,34,4,1240.0,2
2026-08-25,12311,Netaji Express,HRS,Hathras Jn,25,17:45,17:47,38,40,2,1288.0,2
2026-08-25,12311,Netaji Express,ALJN,Aligarh Jn,26,18:05,18:10,44,47,4,1318.0,2
2026-08-25,12311,Netaji Express,KRJ,Khurja Jn,27,18:40,18:42,49,50,2,1361.0,2
2026-08-25,12311,Netaji Express,GZB,Ghaziabad,28,20:03,20:05,33,39,3,1424.0,2
2026-08-25,12311,Netaji Express,DLI,Old Delhi,29,20:55,21:10,32,43,5,1444.0,2
2026-08-25,12311,Netaji Express,SZM,Subzi Mandi,30,21:21,21:23,43,44,1,1447.0,2
2026-08-25,12311,Netaji Express,SNP,Sonipat,31,21:52,21:54,50,51,2,1488.0,2
2026-08-25,12311,Netaji Express,GNU,Ganaur,32,22:07,22:09,50,53,2,1504.0,2
2026-08-25,12311,Netaji Express,SMK,Samalkha,33,22:20,22:22,51,54,2,1516.0,2
2026-08-25,12311,Netaji Express,PNP,Panipat Jn,34,22:35,22:37,55,57,3,1533.0,2
2026-08-25,12311,Netaji Express,KUN,Karnal,35,23:01,23:03,63,69,2,1567.0,2
2026-08-25,12311,Netaji Express,KKDE,Kurukshetra Jn,36,23:26,23:28,74,76,1,1600.0,2
2026-08-25,12311,Netaji Express,UMB,Ambala Cant Jn,37,00:45,00:55,42,48,4,1642.0,3
2026-08-25,12311,Netaji Express,CDG,Chandigarh,38,01:35,02:25,53,43,4,1687.0,3
2026-08-25,12311,Netaji Express,CNDM,Chandi Mandir,39,02:33,02:35,46,47,1,1696.0,3
2026-08-25,12311,Netaji Express,KLK,Kalka,40,03:00,,41,,2,1712.0,3
2026-08-25,12394,Sampooran K Exp,CNB,Kanpur Central,2,22:22,22:30,19,29,4,441.0,1
2026-08-25,12394,Sampooran K Exp,MZP,Mirzapur,3,01:43,01:45,30,33,2,726.0,2
2026-08-25,12394,Sampooran K Exp,DDU,Dd Upadhyaya Jn,4,03:18,03:25,10,16,3,788.0,2
2026-08-25,12394,Sampooran K Exp,ARA,Ara Jn,5,05:13,05:15,21,25,1,951.0,2
2026-08-25,12394,Sampooran K Exp,PNBE,Patna Jn,7,06:38,06:45,21,30,5,1000.0,2
2026-08-25,12394,Sampooran K Exp,RJPB,Rajendranagar T,8,07:15,,12,,2,1003.0,2
2026-08-25,12635,Vaigai Sf Exp,VM,Villupuram Jn,4,15:30,15:35,12,14,5,159.0,1
2026-08-25,12635,Vaigai Sf Exp,VRI,Vridhachalam Jn,5,16:14,16:16,21,24,3,213.0,1
2026-08-25,12635,Vaigai Sf Exp,ALU,Ariyalur,6,16:49,16:50,26,33,2,267.0,1
2026-08-25,12635,Vaigai Sf Exp,SRGM,Srirangam,7,17:30,17:32,37,39,4,325.0,1
2026-08-25,12635,Vaigai Sf Exp,TPJ,Tiruchchirapali,8,18:05,18:10,14,17,4,336.0,1
2026-08-25,12635,Vaigai Sf Exp,MPA,Manaparai,9,18:39,18:40,14,16,2,373.0,1
2026-08-25,12635,Vaigai Sf Exp,DG,Dindigul Jn,10,19:17,19:20,13,15,4,431.0,1
2026-08-25,12635,Vaigai Sf Exp,SDN,Sholavandan,11,19:49,19:50,14,15,1,475.0,1
2026-08-25,12164,Mas Ltt Sf Exp,AJJ,Arakkonam Jn,2,19:23,19:25,33,35,4,69.0,1
2026-08-25,12164,Mas Ltt Sf Exp,TRT,Tiruttani,3,19:38,19:40,34,36,1,83.0,1
2026-08-25,12164,Mas Ltt Sf Exp,PUT,Puttur,4,20:08,20:10,39,40,1,115.0,1
2026-08-25,12164,Mas Ltt Sf Exp,RU,Renigunta Jn,5,20:45,20:50,29,43,1,141.0,1
2026-08-25,12164,Mas Ltt Sf Exp,KOU,Koduru,6,21:24,21:25,43,45,2,182.0,1
2026-08-25,12164,Mas Ltt Sf Exp,RJP,Razampeta,7,21:49,21:50,50,52,2,216.0,1
2026-08-25,12164,Mas Ltt Sf Exp,HX,Cuddapah,8,22:33,22:35,41,46,3,266.0,1
2026-08-25,12164,Mas Ltt Sf Exp,YA,Yerraguntla,9,22:59,23:00,47,49,2,305.0,1
2026-08-25,12164,Mas Ltt Sf Exp,TU,Tadipatri,10,23:54,23:55,42,43,2,375.0,1
2026-08-25,12164,Mas Ltt Sf Exp,GY,Gooty,11,00:54,00:55,40,44,2,423.0,2
2026-08-25,12164,Mas Ltt Sf Exp,GTL,Guntakal Jn,12,01:25,01:35,43,53,6,451.0,2
2026-08-25,12164,Mas Ltt Sf Exp,AD,Adoni,13,02:19,02:20,44,46,3,503.0,2
2026-08-25,12164,Mas Ltt Sf Exp,MALM,Manthralayam Rd,14,02:49,02:50,43,44,2,544.0,2
2026-08-25,12164,Mas Ltt Sf Exp,RC,Raichur,15,03:28,03:30,41,43,2,572.0,2
2026-08-25,12164,Mas Ltt Sf Exp,SADP,Saidapur,16,04:09,04:10,55,57,2,617.0,2
2026-08-25,12164,Mas Ltt Sf Exp,YG,Yadgir,17,04:28,04:30,59,61,2,641.0,2
2026-08-25,12164,Mas Ltt Sf Exp,WADI,Wadi,18,05:30,05:32,27,35,3,679.0,2
2026-08-25,12164,Mas Ltt Sf Exp,KLBG,Kalaburagi,19,06:12,06:15,37,40,3,716.0,2
2026-08-25,12164,Mas Ltt Sf Exp,SUR,Solapur Jn,20,07:40,07:45,51,54,3,829.0,2
2026-08-25,12164,Mas Ltt Sf Exp,PUNE,Pune Jn,21,11:40,11:45,47,54,1,1092.0,2
2026-08-25,12164,Mas Ltt Sf Exp,KYN,Kalyan Jn,23,14:17,14:20,69,70,5,1231.0,2
2026-08-25,12164,Mas Ltt Sf Exp,TNA,Thane,24,14:37,14:40,75,74,8,1251.0,2
2026-08-25,12164,Mas Ltt Sf Exp,LTT,Lokmanyatilak T,25,15:55,,32,,4,1268.0,2
2026-08-25,12760,Charminar Sf Ex,SC,Secunderabad Jn,2,18:20,18:25,16,18,1,11.0,1
2026-08-25,12760,Charminar Sf Ex,KZJ,Kazipet Jn,3,20:18,20:20,40,43,2,142.0,1
2026-08-25,12760,Charminar Sf Ex,WL,Warangal,4,20:43,20:45,51,53,1,153.0,1
2026-08-25,12760,Charminar Sf Ex,MABD,Mahbubabad,5,21:34,21:35,53,54,1,214.0,1
2026-08-25,12760,Charminar Sf Ex,DKJ,Dornakal Jn,6,21:54,21:55,61,60,3,238.0,1
2026-08-25,12760,Charminar Sf Ex,KMT,Khammam,7,22:14,22:15,56,58,1,261.0,1
2026-08-25,12760,Charminar Sf Ex,BZA,Vijayawada Jn,8,00:00,00:10,16,18,5,362.0,2
2026-08-25,12760,Charminar Sf Ex,TEL,Tenali Jn,9,00:33,00:35,21,24,3,394.0,2
2026-08-25,12760,Charminar Sf Ex,CLX,Chirala,10,01:18,01:20,26,27,3,451.0,2
2026-08-25,12760,Charminar Sf Ex,OGL,Ongole,11,01:58,02:00,20,21,3,500.0,2
2026-08-25,12760,Charminar Sf Ex,KVZ,Kavali,12,02:48,02:50,24,26,3,566.0,2
2026-08-25,12760,Charminar Sf Ex,NLR,Nellore,13,03:33,03:35,26,27,3,616.0,2
2026-08-25,12760,Charminar Sf Ex,GDR,Gudur Jn,14,04:18,04:20,24,26,1,655.0,2
2026-08-25,12760,Charminar Sf Ex,NYP,Nayudupeta,15,04:43,04:45,29,29,2,682.0,2
2026-08-25,12760,Charminar Sf Ex,SPE,Sullurupeta,16,05:03,05:05,30,30,2,710.0,2
2026-08-25,13201,Rgd Ltt Exp,DNR,Danapur,8,23:52,23:54,33,34,5,109.0,1
2026-08-25,13201,Rgd Ltt Exp,SDE,Sadisopur,9,00:05,00:07,36,36,2,121.0,2
2026-08-25,13201,Rgd Ltt Exp,BTA,Bihta,10,00:13,00:15,38,40,2,126.0,2
2026-08-25,13201,Rgd Ltt Exp,ARA,Ara Jn,11,00:33,00:38,40,40,2,148.0,2
2026-08-25,13201,Rgd Ltt Exp,BEA,Bihiya,12,00:50,00:52,43,43,2,169.0,2
2026-08-25,13201,Rgd Ltt Exp,RPR,Raghunathpur,13,01:04,01:06,46,46,2,184.0,2
2026-08-25,13201,Rgd Ltt Exp,BXR,Buxar,14,01:42,01:47,30,32,2,217.0,2
2026-08-25,13201,Rgd Ltt Exp,GMR,Gahmar,16,02:05,02:07,34,34,2,237.0,2
2026-08-25,13201,Rgd Ltt Exp,DLN,Dildarnagar Jn,17,02:19,02:21,34,34,3,253.0,2
2026-08-25,13201,Rgd Ltt Exp,ZNA,Zamania,18,02:31,02:33,37,38,2,266.0,2
2026-08-25,13201,Rgd Ltt Exp,DDU,Dd Upadhyaya Jn,19,04:08,04:15,6,15,7,311.0,2
2026-08-25,13201,Rgd Ltt Exp,KYT,Kailahat,20,04:50,04:51,14,18,2,333.0,2
2026-08-25,13201,Rgd Ltt Exp,CAR,Chunar,21,05:03,05:05,19,22,4,342.0,2
2026-08-25,13201,Rgd Ltt Exp,MZP,Mirzapur,22,05:40,05:45,11,18,3,374.0,2
2026-08-25,13201,Rgd Ltt Exp,BDL,Vindhyachal,23,05:55,05:57,16,20,3,381.0,2
2026-08-25,13201,Rgd Ltt Exp,MNF,Manda Road,24,06:20,06:21,29,32,3,408.0,2
2026-08-25,13201,Rgd Ltt Exp,MJA,Meja Road,25,06:39,06:40,27,29,3,425.0,2
2026-08-25,13201,Rgd Ltt Exp,PCOI,Prayagrajcheoki,26,07:10,07:15,21,28,3,454.0,2
2026-08-25,13201,Rgd Ltt Exp,SRJ,Shankargarh,27,07:54,07:55,41,44,1,491.0,2
2026-08-25,13201,Rgd Ltt Exp,DBR,Dabhaura,28,08:48,08:49,22,26,1,524.0,2
2026-08-25,13201,Rgd Ltt Exp,MKP,Manikpur,29,09:15,09:20,10,17,1,546.0,2
2026-08-25,13201,Rgd Ltt Exp,MJG,Majhagawan,30,09:48,09:50,27,33,1,583.0,2
2026-08-25,13201,Rgd Ltt Exp,JTW,Jaitwar,31,10:08,10:10,48,54,1,604.0,2
2026-08-25,13201,Rgd Ltt Exp,STA,Satna,32,11:20,11:25,4,15,2,624.0,2
2026-08-25,13201,Rgd Ltt Exp,MYR,Maihar,33,11:48,11:50,19,23,2,659.0,2
2026-08-25,13201,Rgd Ltt Exp,KTE,Katni,34,12:50,12:55,35,40,5,722.0,2
2026-08-25,13201,Rgd Ltt Exp,SHR,Sihora Road,35,13:43,13:45,43,45,2,774.0,2
2026-08-25,13201,Rgd Ltt Exp,JBP,Jabalpur,36,14:30,14:40,31,35,2,813.0,2
2026-08-25,13201,Rgd Ltt Exp,MML,Madan Mahal,37,14:53,14:55,32,35,2,816.0,2
2026-08-25,13201,Rgd Ltt Exp,SRID,Shridham,38,15:33,15:35,33,36,3,866.0,2
2026-08-25,13201,Rgd Ltt Exp,NU,Narsinghpur,39,16:03,16:05,38,40,2,897.0,2
2026-08-25,13201,Rgd Ltt Exp,KY,Kareli,40,16:18,16:20,43,46,2,913.0,2
2026-08-25,13201,Rgd Ltt Exp,GAR,Gadarwara,41,16:38,16:40,52,54,2,941.0,2
2026-08-25,13201,Rgd Ltt Exp,SCKR,Salichauka Road,42,16:50,16:52,55,56,1,955.0,2
2026-08-25,13201,Rgd Ltt Exp,BKH,Bankhedi,43,17:06,17:08,53,54,1,972.0,2
2026-08-25,13201,Rgd Ltt Exp,PPI,Pipariya,44,17:23,17:25,58,59,2,991.0,2
2026-08-25,13201,Rgd Ltt Exp,SGP,Sohagpur,45,17:38,17:40,60,63,2,1008.0,2
2026-08-25,13201,Rgd Ltt Exp,ET,Itarsi Jn,46,19:30,19:40,36,42,7,1058.0,2
2026-08-25,13201,Rgd Ltt Exp,BPF,Banapura,47,20:04,20:06,57,62,1,1091.0,2
2026-08-25,13201,Rgd Ltt Exp,TBN,Timarni,48,20:23,20:25,56,58,1,1119.0,2
2026-08-25,13201,Rgd Ltt Exp,HD,Harda,49,20:38,20:40,59,60,3,1133.0,2
2026-08-25,13201,Rgd Ltt Exp,KKN,Khirkiya,50,21:00,21:02,59,61,2,1165.0,2
2026-08-25,13201,Rgd Ltt Exp,CAER,Chhanera,51,21:23,21:25,66,70,2,1196.0,2
2026-08-25,13201,Rgd Ltt Exp,TLV,Talvadya,52,22:28,22:30,56,59,1,1226.0,2
2026-08-25,13201,Rgd Ltt Exp,KNW,Khandwa,53,23:07,23:10,6,21,1,1241.0,2
2026-08-25,13201,Rgd Ltt Exp,NPNR,Nepanagar,54,23:34,23:35,36,39,2,1284.0,2
2026-08-25,13201,Rgd Ltt Exp,BAU,Burhanpur,55,00:03,00:05,28,29,1,1310.0,3
2026-08-25,13201,Rgd Ltt Exp,RV,Raver,56,00:20,00:22,26,28,2,1330.0,3
2026-08-25,13201,Rgd Ltt Exp,BSL,Bhusaval Jn,57,01:05,01:10,25,34,4,1365.0,3
2026-08-25,13201,Rgd Ltt Exp,JL,Jalgaon Jn,58,01:38,01:40,31,35,2,1389.0,3
2026-08-25,13201,Rgd Ltt Exp,CSN,Chalisgaon Jn,59,02:55,02:57,32,36,3,1481.0,3
2026-08-25,13201,Rgd Ltt Exp,NGN,Nandgaon,60,03:29,03:30,42,45,2,1524.0,3
2026-08-25,13201,Rgd Ltt Exp,MMR,Manmad Jn,61,04:02,04:05,39,45,3,1549.0,3
2026-08-25,13201,Rgd Ltt Exp,NR,Niphad,62,04:39,04:40,48,50,2,1590.0,3
2026-08-25,13201,Rgd Ltt Exp,NK,Nashik Road,63,05:20,05:25,49,54,4,1622.0,3
2026-08-25,13201,Rgd Ltt Exp,DVL,Devlali,64,05:34,05:35,49,52,2,1627.0,3
2026-08-25,13201,Rgd Ltt Exp,KSRA,Kasara,65,08:00,08:02,17,27,2,1688.0,3
2026-08-25,13201,Rgd Ltt Exp,KYN,Kalyan Jn,66,09:02,09:05,17,26,5,1756.0,3
2026-08-25,13201,Rgd Ltt Exp,TNA,Thane,67,09:30,09:32,20,27,8,1776.0,3
2026-08-25,13201,Rgd Ltt Exp,LTT,Lokmanyatilak T,68,10:50,,24,,5,1793.0,3
2026-08-25,19020,Hw Bdts Exp,JWP,Jwalapur,2,13:37,13:39,12,12,3,4.0,1
2026-08-25,19020,Hw Bdts Exp,RK,Roorkee,3,14:43,14:48,19,27,3,42.0,1
2026-08-25,19020,Hw Bdts Exp,TPZ,Tapri,4,15:34,15:36,20,21,1,74.0,1
2026-08-25,19020,Hw Bdts Exp,MOZ,Muzaffarnagar,5,16:11,16:13,24,27,2,125.0,1
2026-08-25,19020,Hw Bdts Exp,MTC,Meerut City,6,16:57,17:02,25,28,1,181.0,1
2026-08-25,19020,Hw Bdts Exp,GZB,Ghaziabad,7,18:00,18:02,21,28,4,228.0,1
2026-08-25,19020,Hw Bdts Exp,NZM,H Nizamuddin,8,18:40,18:55,27,35,2,251.0,1
2026-08-25,19020,Hw Bdts Exp,FDB,Faridabad,9,19:15,19:17,41,43,3,271.0,1
2026-08-25,19020,Hw Bdts Exp,KSV,Kosi Kalan,10,20:23,20:25,34,40,5,343.0,1
2026-08-25,19020,Hw Bdts Exp,MTJ,Mathura Jn,11,21:10,21:15,29,36,4,384.0,1
2026-08-25,19020,Hw Bdts Exp,BTE,Bharatpur Jn,12,21:45,21:50,32,34,3,418.0,1
2026-08-25,19020,Hw Bdts Exp,BXN,Bayana Jn,13,22:18,22:20,37,39,2,459.0,1
2026-08-25,19020,Hw Bdts Exp,FSP,Fateh Singhpura,14,22:35,22:36,40,41,1,479.0,1
2026-08-25,19020,Hw Bdts Exp,HAN,Hindaun City,15,22:50,22:55,40,41,1,492.0,1
2026-08-25,19020,Hw Bdts Exp,SMVJ,Shri Mahaveerji,16,23:05,23:07,42,44,1,502.0,1
2026-08-25,19020,Hw Bdts Exp,GGC,Gangapur City,17,23:35,23:40,38,43,2,537.0,1
2026-08-25,19020,Hw Bdts Exp,NNW,Nrynpur Tatwar,18,23:55,23:57,46,48,1,553.0,1
2026-08-25,19020,Hw Bdts Exp,MLZ,Malarna,19,00:13,00:15,49,51,1,570.0,2
2026-08-25,19020,Hw Bdts Exp,SWM,Sawai Madhopur,20,00:50,00:55,37,38,2,600.0,2
2026-08-25,19020,Hw Bdts Exp,IDG,Indargarh,21,01:23,01:25,36,40,2,637.0,2
2026-08-25,19020,Hw Bdts Exp,LKE,Lakheri,22,01:38,01:40,36,37,1,647.0,2
2026-08-25,19020,Hw Bdts Exp,KPZ,KAPREN,23,02:00,02:02,30,33,1,675.0,2
2026-08-25,19020,Hw Bdts Exp,KPTN,Keshorai Patan,24,02:18,02:20,33,36,1,695.0,2
2026-08-25,19020,Hw Bdts Exp,KOTA,Kota Jn,25,03:00,03:10,27,30,2,708.0,2
2026-08-25,19020,Hw Bdts Exp,DARA,Dara,27,03:58,04:00,35,40,1,756.0,2
2026-08-25,19020,Hw Bdts Exp,MKX,Morak,28,04:28,04:30,26,37,1,770.0,2
2026-08-25,19020,Hw Bdts Exp,RMA,Ramganj Mandi,29,04:48,04:50,31,34,1,780.0,2
2026-08-25,19020,Hw Bdts Exp,JHW,Jhalawar Road,30,05:00,05:02,33,35,1,792.0,2
2026-08-25,19020,Hw Bdts Exp,BWM,Bhawani Mandi,31,05:16,05:18,38,40,1,808.0,2
2026-08-25,19020,Hw Bdts Exp,GOH,Garot,32,05:35,05:37,39,41,1,831.0,2
2026-08-25,19020,Hw Bdts Exp,SGZ,Shamgarh,33,05:48,05:50,38,39,1,842.0,2
2026-08-25,19020,Hw Bdts Exp,SVA,Suwasra,34,06:03,06:05,39,41,1,855.0,2
2026-08-25,19020,Hw Bdts Exp,CMU,Chau Mahla,35,06:23,06:25,36,38,2,871.0,2
2026-08-25,19020,Hw Bdts Exp,VMA,Vikramgarh Alot,36,06:48,06:50,27,29,1,893.0,2
2026-08-25,19020,Hw Bdts Exp,MEP,Mahidpur Road,37,07:18,07:20,23,28,1,916.0,2
2026-08-25,19020,Hw Bdts Exp,NAD,Nagda Jn,38,07:55,08:00,9,17,2,933.0,2
2026-08-25,19020,Hw Bdts Exp,KUH,Khachrod,39,08:08,08:13,22,24,1,947.0,2
2026-08-25,19020,Hw Bdts Exp,RNH,Runkhera,40,08:33,08:34,14,16,2,957.0,2
2026-08-25,19020,Hw Bdts Exp,BOD,Bangrod,41,08:42,08:43,16,18,3,965.0,2
2026-08-25,19020,Hw Bdts Exp,RTM,Ratlam Jn,42,09:05,09:15,12,17,4,974.0,2
2026-08-25,19020,Hw Bdts Exp,BOG,Bhairongarh,43,09:50,09:51,19,21,2,1013.0,2
2026-08-25,19020,Hw Bdts Exp,BMI,Bamnia,44,09:58,10:00,22,24,1,1019.0,2
2026-08-25,19020,Hw Bdts Exp,PCN,Panch Pipila,45,10:14,10:15,28,30,2,1033.0,2
2026-08-25,19020,Hw Bdts Exp,THDR,Thandla Rd,46,10:29,10:30,26,28,2,1047.0,2
2026-08-25,19020,Hw Bdts Exp,MGN,Meghnagar,47,10:42,10:44,23,24,2,1055.0,2
2026-08-25,19020,Hw Bdts Exp,ANAS,Anas,48,10:57,10:58,21,24,1,1069.0,2
2026-08-25,19020,Hw Bdts Exp,BIO,Bordi,49,11:07,11:08,21,23,1,1077.0,2
2026-08-25,19020,Hw Bdts Exp,DHD,Dahod,50,11:18,11:20,19,23,1,1088.0,2
2026-08-25,19020,Hw Bdts Exp,LMK,Limkheda,51,11:54,11:55,17,20,3,1122.0,2
2026-08-25,19020,Hw Bdts Exp,PPD,Piplod Jn,52,12:05,12:07,17,18,2,1130.0,2
2026-08-25,19020,Hw Bdts Exp,SAT,Sant Road,53,12:17,12:19,18,19,3,1142.0,2
2026-08-25,19020,Hw Bdts Exp,GDA,Godhra Jn,54,12:49,12:51,4,10,1,1162.0,2
2026-08-25,19020,Hw Bdts Exp,DRL,Derol,56,13:11,13:12,11,12,2,1185.0,2
2026-08-25,19020,Hw Bdts Exp,SMLA,Samlaya Jn,58,13:35,13:36,17,20,2,1209.0,2
2026-08-25,19020,Hw Bdts Exp,BRC,Vadodara Jn,59,14:25,14:35,12,18,2,1236.0,2
2026-08-25,19020,Hw Bdts Exp,MYG,Miyagam Karjan,60,15:12,15:14,8,13,2,1266.0,2
2026-08-25,19020,Hw Bdts Exp,BH,Bharuch Jn,61,15:50,15:52,15,18,4,1306.0,2
2026-08-25,19020,Hw Bdts Exp,AKV,Ankleshwar Jn,62,16:01,16:03,21,22,2,1315.0,2
2026-08-25,19020,Hw Bdts Exp,KSB,Kosamba Jn,63,16:18,16:20,20,22,2,1334.0,2
2026-08-25,19020,Hw Bdts Exp,ST,Surat,64,17:17,17:22,10,14,2,1365.0,2
2026-08-25,19020,Hw Bdts Exp,NVS,Navsari,65,17:48,17:50,5,10,2,1394.0,2
2026-08-25,19020,Hw Bdts Exp,BIM,Bilimora Jn,66,18:08,18:10,9,11,2,1415.0,2
2026-08-25,19020,Hw Bdts Exp,BL,Valsad,67,18:30,18:35,7,12,3,1433.0,2
2026-08-25,19020,Hw Bdts Exp,VAPI,Vapi,68,19:03,19:05,6,11,2,1457.0,2
2026-08-25,19020,Hw Bdts Exp,PLG,Palghar,69,20:17,20:20,,10,2,1541.0,2
2026-08-25,19020,Hw Bdts Exp,VR,Virar,70,20:53,20:55,10,11,5,1572.0,2
2026-08-25,19020,Hw Bdts Exp,BVI,Borivali,71,21:27,21:30,4,7,7,1598.0,2
2026-08-25,16525,Cape Sbc Express,NCJ,Nagercoil Jn,2,10:25,10:30,38,37,2,16.0,1
2026-08-25,16525,Cape Sbc Express,ERL,Eraniel,3,10:49,10:50,42,43,1,34.0,1
2026-08-25,16525,Cape Sbc Express,KZT,Kulitthurai,4,11:04,11:05,46,46,2,49.0,1
2026-08-25,16525,Cape Sbc Express,PASA,Parashshala,5,11:14,11:15,47,49,1,57.0,1
2026-08-25,16525,Cape Sbc Express,NYY,Neyyattinkara,6,11:29,11:30,52,52,2,70.0,1
2026-08-25,16525,Cape Sbc Express,TVC,Trivandrum Cntl,7,12:35,12:40,30,31,5,87.0,1
2026-08-25,16525,Cape Sbc Express,KZK,Kazhakuttam,8,12:55,12:56,32,32,2,100.0,1
2026-08-25,16525,Cape Sbc Express,CRY,Chirayinkeezh,9,13:07,13:08,34,35,2,116.0,1
2026-08-25,16525,Cape Sbc Express,KVU,Kadakavur,10,13:12,13:13,34,34,2,119.0,1
2026-08-25,16525,Cape Sbc Express,VAK,Varkalasivagiri,11,13:25,13:26,34,36,1,128.0,1
2026-08-25,16525,Cape Sbc Express,PVU,Paravur,12,13:36,13:37,37,38,2,139.0,1
2026-08-25,16525,Cape Sbc Express,QLN,Kollam Jn,13,13:52,13:55,35,38,2,152.0,1
2026-08-25,16525,Cape Sbc Express,STKT,Sasthankotta,14,14:14,14:15,37,40,2,171.0,1
2026-08-25,16525,Cape Sbc Express,KPY,Karunagapalli,15,14:25,14:26,39,41,1,179.0,1
2026-08-25,16525,Cape Sbc Express,KYJ,Kayankulam Jn,16,14:44,14:46,33,38,2,192.0,1
2026-08-25,16525,Cape Sbc Express,MVLK,Mavelikara,17,14:55,14:56,41,44,2,200.0,1
2026-08-25,16525,Cape Sbc Express,CNGR,Chengannur,18,15:08,15:10,36,38,3,213.0,1
2026-08-25,16525,Cape Sbc Express,TRVL,Tiruvalla,19,15:20,15:21,37,39,2,222.0,1
2026-08-25,16525,Cape Sbc Express,CGY,Changanaseri,20,15:30,15:31,38,41,2,230.0,1
2026-08-25,16525,Cape Sbc Express,KTYM,Kottayam,21,15:55,16:00,30,31,1,247.0,1
2026-08-25,16525,Cape Sbc Express,PVRD,Piravam Road,22,16:29,16:30,30,32,3,278.0,1
2026-08-25,16525,Cape Sbc Express,TRTR,Triupunittura,23,16:50,16:51,25,29,1,297.0,1
2026-08-25,16525,Cape Sbc Express,ERN,Ernakulam Town,24,17:35,17:40,23,29,1,310.0,1
2026-08-25,16525,Cape Sbc Express,AWY,Aluva,25,18:00,18:02,28,31,3,326.0,1
2026-08-25,16525,Cape Sbc Express,AFK,Angamali,26,18:12,18:13,31,33,2,336.0,1
2026-08-25,16525,Cape Sbc Express,CKI,Chalakudi,27,18:27,18:28,31,34,2,351.0,1
2026-08-25,16525,Cape Sbc Express,IJK,Irinjalakuda,28,18:37,18:38,36,40,1,357.0,1
2026-08-25,16525,Cape Sbc Express,PUK,Pudukad,29,18:49,18:50,40,43,2,368.0,1
2026-08-25,16525,Cape Sbc Express,TCR,Thrisur,30,19:05,19:08,42,44,2,381.0,1
2026-08-25,16525,Cape Sbc Express,WKI,Wadakancheri,31,19:29,19:30,43,49,2,398.0,1
2026-08-25,16525,Cape Sbc Express,OTP,Ottappalam,32,20:34,20:35,6,13,1,427.0,1
2026-08-25,16525,Cape Sbc Express,PGT,Palakkad Jn,33,21:02,21:05,9,20,4,458.0,1
2026-08-25,16525,Cape Sbc Express,CBE,Coimbatore Jn,34,22:54,22:57,6,14,3,513.0,1
2026-08-25,16525,Cape Sbc Express,TUP,Tiruppur,35,23:43,23:45,15,19,2,563.0,1
2026-08-25,16525,Cape Sbc Express,ED,Erode Jn,36,00:40,00:45,33,42,1,613.0,2
2026-08-25,16525,Cape Sbc Express,SA,Salem Jn,37,01:37,01:40,42,43,5,676.0,2
2026-08-25,16525,Cape Sbc Express,TPT,Tirupattur Jn,38,03:09,03:10,29,38,2,788.0,2
2026-08-25,16525,Cape Sbc Express,KPN,Kuppam,39,04:28,04:30,42,46,2,840.0,2
2026-08-25,16525,Cape Sbc Express,BWT,Bangarapet,40,05:07,05:09,43,47,3,874.0,2
2026-08-25,16525,Cape Sbc Express,MLO,Malur,41,05:29,05:30,57,60,3,901.0,2
2026-08-25,16525,Cape Sbc Express,WFD,Whitefield,42,05:59,06:01,61,65,4,921.0,2
2026-08-25,16525,Cape Sbc Express,KJM,Krishnarajapurm,43,06:10,06:12,65,65,4,930.0,2
2026-08-25,16525,Cape Sbc Express,BNCE,Bengaluru East,44,06:22,06:23,69,72,1,937.0,2
2026-08-25,16525,Cape Sbc Express,BNC,Bengaluru Cant,45,06:29,06:31,74,74,1,940.0,2
2026-08-25,16525,Cape Sbc Express,SBC,KSR Bengaluru,46,07:00,,14,,2,944.0,2
2026-08-25,12786,Kacheguda Exp,MYA,Mandya,3,15:45,15:46,8,9,3,51.0,1
2026-08-25,12786,Kacheguda Exp,RMGM,Ramanagaram,4,16:23,16:24,8,10,2,100.0,1
2026-08-25,12786,Kacheguda Exp,KGI,Kengeri,5,16:49,16:50,15,19,2,132.0,1
2026-08-25,12786,Kacheguda Exp,SBC,KSR Bengaluru,6,17:45,18:00,15,18,5,144.0,1
2026-08-25,12786,Kacheguda Exp,BNC,Bengaluru Cant,7,18:11,18:12,20,20,2,148.0,1
2026-08-25,12786,Kacheguda Exp,YNK,Yelhanka Jn,8,18:41,18:43,30,34,1,171.0,1
2026-08-25,12786,Kacheguda Exp,DBU,Dodballapur,9,19:01,19:02,38,41,2,192.0,1
2026-08-25,12786,Kacheguda Exp,GBD,Gauribidanur,10,19:33,19:35,40,40,3,231.0,1
2026-08-25,12786,Kacheguda Exp,HUP,Hindupur,11,19:54,19:55,40,43,2,254.0,1
2026-08-25,12786,Kacheguda Exp,PKD,Penukonda,12,20:23,20:24,44,46,2,291.0,1
2026-08-25,12786,Kacheguda Exp,DMM,Dharmavaram Jn,13,21:45,21:50,9,18,1,333.0,1
2026-08-25,12786,Kacheguda Exp,ATP,Anantapur,14,22:18,22:20,18,20,1,366.0,1
2026-08-25,12786,Kacheguda Exp,GY,Gooty,15,23:13,23:15,18,23,2,423.0,1
2026-08-25,12786,Kacheguda Exp,DHNE,Dhone,16,00:20,00:25,8,15,1,479.0,2
2026-08-25,12786,Kacheguda Exp,KRNT,Kurnool City,17,01:18,01:20,35,38,2,532.0,2
2026-08-25,12786,Kacheguda Exp,GWD,Gadwal,18,02:09,02:10,27,29,1,588.0,2
2026-08-25,12786,Kacheguda Exp,MBNR,Mahbubnagar,19,03:18,03:20,34,34,2,663.0,2
2026-08-25,12786,Kacheguda Exp,JCL,Jadcherla,20,03:39,03:40,32,32,1,680.0,2
2026-08-25,12786,Kacheguda Exp,KCG,Kacheguda,21,05:40,,4,,4,768.0,2
2026-08-25,12759,Charminar Sf Exp,SPE,Sullurupeta,3,19:48,19:50,14,15,1,111.0,1
2026-08-25,12759,Charminar Sf Exp,NYP,Nayudupeta,4,20:13,20:15,13,15,1,138.0,1
2026-08-25,12759,Charminar Sf Exp,GDR,Gudur Jn,5,20:38,20:40,11,19,2,166.0,1
2026-08-25,12759,Charminar Sf Exp,NLR,Nellore,6,21:13,21:15,25,26,1,204.0,1
2026-08-25,12759,Charminar Sf Exp,KVZ,Kavali,7,21:48,21:50,28,28,4,255.0,1
2026-08-25,12759,Charminar Sf Exp,OGL,Ongole,8,22:43,22:45,26,26,1,320.0,1
2026-08-25,12759,Charminar Sf Exp,CLX,Chirala,9,23:28,23:30,19,20,4,370.0,1
2026-08-25,12759,Charminar Sf Exp,TEL,Tenali Jn,10,00:13,00:15,13,15,4,427.0,2
2026-08-25,12759,Charminar Sf Exp,BZA,Vijayawada Jn,11,01:00,01:10,10,13,10,459.0,2
2026-08-25,12759,Charminar Sf Exp,KMT,Khammam,12,02:39,02:40,54,55,2,560.0,2
2026-08-25,12759,Charminar Sf Exp,MABD,Mahbubabad,14,03:19,03:20,54,56,2,607.0,2
2026-08-25,12759,Charminar Sf Exp,WL,Warangal,15,04:18,04:20,56,63,4,667.0,2
2026-08-25,12759,Charminar Sf Exp,KZJ,Kazipet Jn,16,04:38,04:40,68,71,3,679.0,2
2026-08-25,12759,Charminar Sf Exp,SC,Secunderabad Jn,17,06:50,06:55,50,49,8,809.0,2
2026-08-25,12785,Kcg Ap Sf Exp,JCL,Jadcherla,2,20:09,20:10,18,19,2,88.0,1
2026-08-25,12785,Kcg Ap Sf Exp,MBNR,Mahbubnagar,3,20:23,20:25,20,21,1,106.0,1
2026-08-25,12785,Kcg Ap Sf Exp,GWD,Gadwal,4,21:34,21:35,42,44,1,181.0,1
2026-08-25,12785,Kcg Ap Sf Exp,KRNT,Kurnool City,5,22:18,22:20,32,33,2,237.0,1
2026-08-25,12785,Kcg Ap Sf Exp,DHNE,Dhone,6,23:35,23:40,18,21,2,290.0,1
2026-08-25,12785,Kcg Ap Sf Exp,GY,Gooty,7,00:43,00:45,16,19,1,345.0,2
2026-08-25,12785,Kcg Ap Sf Exp,ATP,Anantapur,8,01:43,01:45,15,17,4,402.0,2
2026-08-25,12785,Kcg Ap Sf Exp,DMM,Dharmavaram Jn,9,02:20,02:25,7,15,1,436.0,2
2026-08-25,12785,Kcg Ap Sf Exp,PKD,Penukonda,10,02:55,02:56,27,28,1,477.0,2
2026-08-25,12785,Kcg Ap Sf Exp,HUP,Hindupur,11,03:21,03:23,33,35,3,515.0,2
2026-08-25,12785,Kcg Ap Sf Exp,GBD,Gauribidanur,12,03:40,03:41,35,36,2,538.0,2
2026-08-25,12785,Kcg Ap Sf Exp,DBU,Dodballapur,13,04:28,04:29,37,38,3,577.0,2
2026-08-25,12785,Kcg Ap Sf Exp,YNK,Yelhanka Jn,14,04:53,04:55,36,40,1,598.0,2
2026-08-25,12785,Kcg Ap Sf Exp,BNCE,Bengaluru East,15,05:23,05:24,42,43,1,618.0,2
2026-08-25,12785,Kcg Ap Sf Exp,BNC,Bengaluru Cant,16,05:31,05:33,47,50,1,620.0,2
2026-08-25,12785,Kcg Ap Sf Exp,SBC,KSR Bengaluru,17,06:10,06:20,11,27,5,625.0,2
2026-08-25,12785,Kcg Ap Sf Exp,KGI,Kengeri,18,06:39,06:40,31,34,3,637.0,2
2026-08-25,12785,Kcg Ap Sf Exp,RMGM,Ramanagaram,19,07:05,07:06,36,37,3,669.0,2
2026-08-25,12785,Kcg Ap Sf Exp,MYA,Mandya,20,07:45,07:46,34,36,2,718.0,2
2026-08-25,12785,Kcg Ap Sf Exp,MYS,Mysuru Jn,21,09:30,09:40,10,,5,763.0,2
2026-08-25,12471,Swaraj Express,BVI,Borivali,2,11:19,11:22,9,13,8,19.0,1
2026-08-25,12471,Swaraj Express,PLG,Palghar,3,12:06,12:08,19,19,1,76.0,1
2026-08-25,12471,Swaraj Express,VAPI,Vapi,4,12:58,13:00,19,21,1,159.0,1
2026-08-25,12471,Swaraj Express,ST,Surat,5,14:19,14:24,10,10,1,252.0,1
2026-08-25,12471,Swaraj Express,BH,Bharuch Jn,6,15:02,15:04,17,18,3,311.0,1
2026-08-25,12471,Swaraj Express,BRC,Vadodara Jn,7,15:56,16:06,14,14,2,381.0,1
2026-08-25,12471,Swaraj Express,GDA,Godhra Jn,8,17:12,17:14,3,8,3,455.0,1
2026-08-25,12471,Swaraj Express,DHD,Dahod,9,18:00,18:02,14,16,3,529.0,1
2026-08-25,12471,Swaraj Express,MGN,Meghnagar,10,18:26,18:28,15,15,1,562.0,1
2026-08-25,12471,Swaraj Express,BMI,Bamnia,11,19:00,19:02,14,14,2,597.0,1
2026-08-25,12471,Swaraj Express,RTM,Ratlam Jn,12,19:45,19:55,13,15,5,642.0,1
2026-08-25,12471,Swaraj Express,NAD,Nagda Jn,13,20:43,20:48,1,4,1,684.0,1
2026-08-25,12471,Swaraj Express,VMA,Vikramgarh Alot,14,21:13,21:15,6,7,2,724.0,1
2026-08-25,12471,Swaraj Express,BWM,Bhawani Mandi,15,22:03,22:05,15,17,2,808.0,1
2026-08-25,12471,Swaraj Express,KOTA,Kota Jn,16,23:15,23:25,16,16,1,909.0,1
2026-08-25,12471,Swaraj Express,SWM,Sawai Madhopur,17,00:33,00:35,27,28,1,1017.0,2
2026-08-25,12471,Swaraj Express,GGC,Gangapur City,18,01:13,01:15,30,31,1,1080.0,2
2026-08-25,12471,Swaraj Express,MTJ,Mathura Jn,19,03:10,03:15,17,22,4,1233.0,2
2026-08-25,12471,Swaraj Express,NZM,H Nizamuddin,20,05:03,05:05,22,28,2,1366.0,2
2026-08-25,12471,Swaraj Express,NDLS,New Delhi,21,05:25,05:40,40,52,8,1373.0,2
2026-08-25,12471,Swaraj Express,PNP,Panipat Jn,22,07:13,07:15,42,42,3,1463.0,2
2026-08-25,12471,Swaraj Express,UMB,Ambala Cant Jn,23,08:47,08:52,43,49,7,1572.0,2
2026-08-25,12471,Swaraj Express,LDH,Ludhiana Jn,24,10:18,10:25,63,71,2,1685.0,2
2026-08-25,12471,Swaraj Express,PGW,Phagwara Jn,25,10:54,10:56,82,84,2,1721.0,2
2026-08-25,12471,Swaraj Express,JRC,Jalandhar Cant,26,11:13,11:16,83,86,1,1737.0,2
2026-08-25,12471,Swaraj Express,PTKC,PATHANKOT CANTT,27,13:00,13:03,86,90,2,1850.0,2
2026-08-25,12471,Swaraj Express,JAT,Jammu Tawi,29,14:50,14:55,114,122,1,1950.0,2
2026-08-25,12471,Swaraj Express,MCTM,Martyr Captain Tushar Mahajan,30,16:33,16:35,112,113,1,2003.0,2
2026-08-25,12471,Swaraj Express,SVDK,Shri Mata Vaishno Devi Katra,31,17:50,,102,,2,2028.0,2
2026-08-25,18237,Chattisgarh Exp,URGA,Urga,2,11:43,11:44,9,8,4,9.0,1
2026-08-25,18237,Chattisgarh Exp,SRBA,Saragbundia,3,11:51,11:52,10,11,1,15.0,1
2026-08-25,18237,Chattisgarh Exp,MWRN,MADWARANI,4,12:00,12:01,11,11,1,21.0,1
2026-08-25,18237,Chattisgarh Exp,KTHD,KOTHARI ROAD,5,12:07,12:08,11,12,2,26.0,1
2026-08-25,18237,Chattisgarh Exp,BPRH,BALPUR HALT,6,12:14,12:15,11,11,2,30.0,1
2026-08-25,18237,Chattisgarh Exp,CPH,Champa Jn,7,12:31,12:36,9,10,3,40.0,1
2026-08-25,18237,Chattisgarh Exp,NIA,Janjgir Naila,8,12:45,12:47,13,13,3,51.0,1
2026-08-25,18237,Chattisgarh Exp,AKT,Akaltara,9,12:59,13:01,13,13,3,66.0,1
2026-08-25,18237,Chattisgarh Exp,JRMG,Jairamnagar,10,13:12,13:14,13,14,3,79.0,1
2026-08-25,18237,Chattisgarh Exp,BSP,Bilaspur Jn,11,14:00,14:15,,6,4,93.0,1
2026-08-25,18237,Chattisgarh Exp,BYL,Belha,12,14:33,14:35,6,7,2,109.0,1
2026-08-25,18237,Chattisgarh Exp,BYT,Bhatapara,13,14:58,15:00,11,12,3,139.0,1
2026-08-25,18237,Chattisgarh Exp,TLD,Tilda Neora,15,15:26,15:28,15,17,1,165.0,1
2026-08-25,18237,Chattisgarh Exp,R,Raipur Jn,16,16:05,16:15,19,18,1,203.0,1
2026-08-25,18237,Chattisgarh Exp,BPHB,Bhilai Pwr Hs,17,16:50,16:52,12,14,2,231.0,1
2026-08-25,18237,Chattisgarh Exp,DURG,Durg,18,17:15,17:20,,9,2,240.0,1
2026-08-25,18237,Chattisgarh Exp,RJN,Raj Nandgaon,19,17:40,17:42,20,21,1,271.0,1
2026-08-25,18237,Chattisgarh Exp,DGG,Dongargarh,20,18:08,18:10,26,29,4,302.0,1
2026-08-25,18237,Chattisgarh Exp,SKS,Salekasa,21,18:41,18:43,34,36,3,338.0,1
2026-08-25,18237,Chattisgarh Exp,AGN,Amgaon,22,18:56,18:58,35,36,3,353.0,1
2026-08-25,18237,Chattisgarh Exp,G,Gondia Jn,23,19:20,19:25,19,22,3,375.0,1
2026-08-25,18237,Chattisgarh Exp,TRO,Tirora,24,19:46,19:48,25,26,2,405.0,1
2026-08-25,18237,Chattisgarh Exp,TMR,Tumsar Road,25,20:06,20:08,24,26,3,425.0,1
2026-08-25,18237,Chattisgarh Exp,BRD,Bhandara Road,26,20:23,20:25,26,28,1,443.0,1
2026-08-25,18237,Chattisgarh Exp,KP,Kamptee,27,21:03,21:05,27,28,2,491.0,1
2026-08-25,18237,Chattisgarh Exp,NGP,Nagpur,28,22:00,22:20,12,27,3,505.0,1
2026-08-25,18237,Chattisgarh Exp,NRKR,Narkher,30,23:28,23:30,33,36,1,591.0,1
2026-08-25,18237,Chattisgarh Exp,PAR,Pandhurna,31,23:43,23:45,39,42,3,609.0,1
2026-08-25,18237,Chattisgarh Exp,MTY,Multai,32,00:24,00:25,52,54,1,649.0,2
2026-08-25,18237,Chattisgarh Exp,AMLA,Amla Jn,33,00:39,00:42,62,62,3,673.0,2
2026-08-25,18237,Chattisgarh Exp,BZU,Betul,34,01:00,01:02,64,67,2,695.0,2
2026-08-25,18237,Chattisgarh Exp,GDYA,Ghoradongri,35,01:37,01:38,81,83,1,732.0,2
2026-08-25,18237,Chattisgarh Exp,ET,Itarsi Jn,36,04:10,04:20,18,23,1,802.0,2
2026-08-25,18237,Chattisgarh Exp,NDPM,Narmadapuram,37,04:37,04:39,26,27,1,820.0,2
2026-08-25,18237,Chattisgarh Exp,ODG,Obaidulla Ganj,38,05:22,05:24,25,27,2,865.0,2
2026-08-25,18237,Chattisgarh Exp,RKMP,Rani Kamalapati,39,05:58,06:00,18,24,1,894.0,2
2026-08-25,18237,Chattisgarh Exp,BPL,Bhopal  Jn,40,06:10,06:15,29,33,3,900.0,2
2026-08-25,18237,Chattisgarh Exp,BHS,Vidisha,41,06:50,06:52,44,47,1,954.0,2
2026-08-25,18237,Chattisgarh Exp,BAQ,Ganj Basoda,42,07:15,07:17,57,58,1,993.0,2
2026-08-25,18237,Chattisgarh Exp,MABA,Mandi Bamora,43,07:46,07:48,55,60,1,1021.0,2
2026-08-25,18237,Chattisgarh Exp,BINA,Bina Jn,44,09:15,09:20,7,16,4,1039.0,2
2026-08-25,18237,Chattisgarh Exp,DUA,Dhaura,45,09:45,09:47,23,25,2,1073.0,2
2026-08-25,18237,Chattisgarh Exp,LAR,Lalitpur Jn,46,10:06,10:08,27,30,3,1101.0,2
2026-08-25,18237,Chattisgarh Exp,TBT,Talbahat,47,10:32,10:34,36,40,4,1141.0,2
2026-08-25,18237,Chattisgarh Exp,BZY,Basai,48,10:46,10:47,38,41,3,1154.0,2
2026-08-25,18237,Chattisgarh Exp,BAB,Babina,49,10:58,10:59,43,44,2,1166.0,2
2026-08-25,18237,Chattisgarh Exp,VGLJ,V Lakshmibai Jhansi Jhs,50,11:52,12:00,20,23,4,1191.0,2
2026-08-25,18237,Chattisgarh Exp,DAA,Datia,51,12:20,12:22,30,35,1,1216.0,2
2026-08-25,18237,Chattisgarh Exp,DBA,Dabra,53,13:07,13:09,25,29,1,1246.0,2
2026-08-25,18237,Chattisgarh Exp,GWL,Gwalior,54,13:45,13:47,45,49,2,1288.0,2
2026-08-25,18237,Chattisgarh Exp,MRA,Morena,55,14:16,14:18,61,64,2,1327.0,2
2026-08-25,18237,Chattisgarh Exp,DHO,Dhaulpur,56,15:30,15:32,9,21,1,1354.0,2
2026-08-25,18237,Chattisgarh Exp,AGC,Agra Cantt,57,16:15,16:20,30,34,2,1407.0,2
2026-08-25,18237,Chattisgarh Exp,RKM,Raja Ki Mandi,58,16:28,16:30,34,35,1,1411.0,2
2026-08-25,18237,Chattisgarh Exp,MTJ,Mathura Jn,59,17:00,17:05,35,38,2,1461.0,2
2026-08-25,18237,Chattisgarh Exp,CHJ,Chata,60,17:26,17:28,40,43,2,1492.0,2
2026-08-25,18237,Chattisgarh Exp,KSV,Kosi Kalan,61,17:38,17:40,42,45,4,1502.0,2
2026-08-25,18237,Chattisgarh Exp,PWL,Palwal,62,18:48,18:50,8,19,4,1544.0,2
2026-08-25,18237,Chattisgarh Exp,BVH,Ballabgarh,63,19:06,19:08,20,25,3,1565.0,2
2026-08-25,18237,Chattisgarh Exp,FDB,Faridabad,64,19:17,19:19,24,25,2,1573.0,2
2026-08-25,18237,Chattisgarh Exp,NZM,H Nizamuddin,65,19:50,20:05,28,32,2,1594.0,2
2026-08-25,18237,Chattisgarh Exp,SBB,Sahibabad,66,20:31,20:33,36,40,2,1610.0,2
2026-08-25,18237,Chattisgarh Exp,GZB,Ghaziabad,67,20:44,20:46,46,48,1,1617.0,2
2026-08-25,18237,Chattisgarh Exp,MUD,Muradnagar,68,21:04,21:06,55,57,1,1635.0,2
2026-08-25,18237,Chattisgarh Exp,MDNR,Modinagar,69,21:15,21:17,59,61,1,1645.0,2
2026-08-25,18237,Chattisgarh Exp,MTC,Meerut City,70,21:35,21:40,63,62,3,1664.0,2
2026-08-25,18237,Chattisgarh Exp,MUT,Meerut Cant,71,21:46,21:48,62,64,3,1669.0,2
2026-08-25,18237,Chattisgarh Exp,KAT,Khatauli,72,22:11,22:13,63,64,2,1697.0,2
2026-08-25,18237,Chattisgarh Exp,MOZ,Muzaffarnagar,73,22:29,22:31,65,67,1,1720.0,2
2026-08-25,18237,Chattisgarh Exp,DBD,Deoband,74,22:49,22:51,68,69,2,1744.0,2
2026-08-25,18237,Chattisgarh Exp,SRE,Saharanpur,75,00:00,00:05,37,41,5,1778.0,3
2026-08-25,18237,Chattisgarh Exp,YJUD,Yamunanagar Jud,76,00:32,00:34,41,41,3,1808.0,3
2026-08-25,18237,Chattisgarh Exp,JUDW,Jagadhri Wshop,77,00:39,00:41,43,44,2,1813.0,3
2026-08-25,18237,Chattisgarh Exp,RAA,Barara,78,00:57,00:59,43,44,2,1834.0,3
2026-08-25,18237,Chattisgarh Exp,UMB,Ambala Cant Jn,79,01:35,01:40,32,38,4,1859.0,3
2026-08-25,18237,Chattisgarh Exp,UBC,Ambala City,80,01:50,01:52,43,43,3,1867.0,3
2026-08-25,18237,Chattisgarh Exp,RPJ,Rajpura Jn,81,02:05,02:07,46,49,1,1887.0,3
2026-08-25,18237,Chattisgarh Exp,SIR,Sirhind Jn,82,02:26,02:28,46,47,1,1912.0,3
2026-08-25,18237,Chattisgarh Exp,GVG,Mandigovindgarh,83,02:34,02:36,51,51,1,1922.0,3
2026-08-25,18237,Chattisgarh Exp,KNN,Khanna,84,02:43,02:45,52,54,1,1930.0,3
2026-08-25,18237,Chattisgarh Exp,LDH,Ludhiana Jn,85,03:33,03:43,59,68,4,1973.0,3
2026-08-25,18237,Chattisgarh Exp,PHR,Phillaur Jn,86,03:57,03:59,73,73,2,1986.0,3
2026-08-25,18237,Chattisgarh Exp,PGW,Phagwara Jn,87,04:16,04:18,75,77,2,2008.0,3
2026-08-25,18237,Chattisgarh Exp,JRC,Jalandhar Cant,88,04:35,04:37,77,79,1,2025.0,3
2026-08-25,18237,Chattisgarh Exp,JUC,Jalandhar City,89,04:50,04:55,73,75,1,2030.0,3
2026-08-25,18237,Chattisgarh Exp,BEAS,Beas,90,05:26,05:28,76,77,1,2066.0,3
2026-08-25,18237,Chattisgarh Exp,JNL,Jandiala,91,05:46,05:48,54,56,2,2089.0,3
2026-08-25,18237,Chattisgarh Exp,ASR,Amritsar Jn,92,06:55,,41,,5,2108.0,3
2026-08-25,12314,Sealdah Rajdhni,CNB,Kanpur Central,2,21:10,21:15,4,12,5,440.0,1
2026-08-25,12314,Sealdah Rajdhni,DDU,Dd Upadhyaya Jn,3,01:23,01:30,14,18,2,787.0,2
2026-08-25,12314,Sealdah Rajdhni,GAYA,Gaya Jn,4,03:42,03:45,24,24,2,990.0,2
2026-08-25,12314,Sealdah Rajdhni,DHN,Dhanbad Jn,5,06:18,06:23,17,20,1,1189.0,2
2026-08-25,12314,Sealdah Rajdhni,ASN,Asansol Jn,6,07:01,07:03,19,19,5,1247.0,2
2026-08-25,12314,Sealdah Rajdhni,DGR,Durgapur,7,07:31,07:33,28,29,4,1289.0,2
2026-08-25,12314,Sealdah Rajdhni,SDAH,Sealdah,8,10:10,,17,,12,1454.0,2
2026-08-25,12695,Mas Tvc Sf Exp,AJJ,Arakkonam Jn,2,16:18,16:20,10,12,4,69.0,1
2026-08-25,12695,Mas Tvc Sf Exp,KPD,Katpadi Jn,3,17:08,17:10,16,20,1,130.0,1
2026-08-25,12695,Mas Tvc Sf Exp,VN,Vaniyambadi,4,17:58,18:00,28,31,3,198.0,1
2026-08-25,12695,Mas Tvc Sf Exp,JTJ,Jolarpettai,5,18:20,18:25,19,18,1,214.0,1
2026-08-25,12695,Mas Tvc Sf Exp,SA,Salem Jn,7,19:57,20:00,13,17,4,334.0,1
2026-08-25,12695,Mas Tvc Sf Exp,ED,Erode Jn,8,21:00,21:10,28,29,2,396.0,1
2026-08-25,12695,Mas Tvc Sf Exp,TUP,Tiruppur,9,21:53,21:55,33,37,1,446.0,1
2026-08-25,12695,Mas Tvc Sf Exp,CBE,Coimbatore Jn,10,23:12,23:15,8,14,2,497.0,1
2026-08-25,12695,Mas Tvc Sf Exp,PGT,Palakkad Jn,11,00:27,00:30,16,24,3,551.0,2
2026-08-25,12695,Mas Tvc Sf Exp,TCR,Thrisur,12,01:35,01:38,26,28,1,628.0,2
2026-08-25,12695,Mas Tvc Sf Exp,ERN,Ernakulam Town,13,02:45,02:50,34,38,2,700.0,2
2026-08-25,12695,Mas Tvc Sf Exp,KTYM,Kottayam,14,03:50,03:53,28,32,2,762.0,2
2026-08-25,12695,Mas Tvc Sf Exp,CGY,Changanaseri,15,04:11,04:12,29,31,3,780.0,2
2026-08-25,12695,Mas Tvc Sf Exp,TRVL,Tiruvalla,16,04:21,04:22,29,32,3,788.0,2
2026-08-25,12695,Mas Tvc Sf Exp,CNGR,Chengannur,17,04:32,04:34,30,31,1,797.0,2
2026-08-25,12695,Mas Tvc Sf Exp,MVLK,Mavelikara,18,04:46,04:47,28,30,3,809.0,2
2026-08-25,12695,Mas Tvc Sf Exp,KYJ,Kayankulam Jn,19,04:58,05:00,25,29,4,817.0,2
2026-08-25,12695,Mas Tvc Sf Exp,QLN,Kollam Jn,20,05:47,05:50,24,27,1,858.0,2
2026-08-25,12695,Mas Tvc Sf Exp,VAK,Varkalasivagiri,21,06:13,06:14,25,27,2,881.0,2
2026-08-25,12562,Swtantrta S Exp,ALJN,Aligarh Jn,2,22:58,23:00,13,15,3,132.0,1
2026-08-25,12562,Swtantrta S Exp,CNB,Kanpur Central,3,02:35,02:40,14,21,4,441.0,2
2026-08-25,12562,Swtantrta S Exp,PRYJ,Prayagraj Jn.,4,05:15,05:25,,10,8,636.0,2
2026-08-25,12562,Swtantrta S Exp,GYN,Gyanpur Road,5,06:38,06:40,8,10,1,700.0,2
2026-08-25,12562,Swtantrta S Exp,BSB,Varanasi Jn,6,08:05,08:15,,8,1,760.0,2
2026-08-25,12562,Swtantrta S Exp,ARJ,Aunrihar Jn,7,08:50,08:52,17,21,3,795.0,2
2026-08-25,12562,Swtantrta S Exp,GCT,Ghazipur City,8,09:30,09:35,19,20,2,835.0,2
2026-08-25,12562,Swtantrta S Exp,BUI,Ballia,9,10:45,10:50,10,13,2,901.0,2
2026-08-25,12562,Swtantrta S Exp,SIP,Suraimanpur,10,11:28,11:30,5,10,2,937.0,2
2026-08-25,12562,Swtantrta S Exp,CPR,Chhapra,11,12:45,12:55,,12,3,966.0,2
2026-08-25,12562,Swtantrta S Exp,SEE,Sonpur Jn,12,13:48,13:50,16,19,3,1019.0,2
2026-08-25,12562,Swtantrta S Exp,HJP,Hajipur Jn,13,14:02,14:07,18,20,4,1025.0,2
2026-08-25,12562,Swtantrta S Exp,MFP,Muzaffarpur Jn,14,15:15,15:20,20,27,1,1079.0,2
2026-08-25,12562,Swtantrta S Exp,SPJ,Samastipur Jn,15,16:30,16:55,7,25,3,1130.0,2
2026-08-25,12562,Swtantrta S Exp,DBG,Darbhanga Jn,17,17:55,18:00,21,29,3,1168.0,2
2026-08-25,12562,Swtantrta S Exp,SKI,Sakri Jn,18,18:18,18:20,34,37,1,1187.0,2
2026-08-25,12562,Swtantrta S Exp,MBI,Madhubani,19,18:33,18:35,38,39,2,1204.0,2
2026-08-25,12562,Swtantrta S Exp,JYG,Jaynagar,20,19:25,,17,,1,1236.0,2
2026-08-25,18238,Chhatisgarh Exp,JNL,Jandiala,2,16:09,16:11,18,17,3,19.0,1
2026-08-25,18238,Chhatisgarh Exp,BEAS,Beas,3,16:28,16:30,19,20,1,42.0,1
2026-08-25,18238,Chhatisgarh Exp,JUC,Jalandhar City,4,17:08,17:16,18,19,1,79.0,1
2026-08-25,18238,Chhatisgarh Exp,JRC,Jalandhar Cant,5,17:39,17:41,20,26,1,83.0,1
2026-08-25,18238,Chhatisgarh Exp,PGW,Phagwara Jn,6,17:53,17:55,28,30,1,100.0,1
2026-08-25,18238,Chhatisgarh Exp,PHR,Phillaur Jn,7,18:13,18:15,31,32,1,122.0,1
2026-08-25,18238,Chhatisgarh Exp,LDH,Ludhiana Jn,8,18:35,18:43,30,32,3,135.0,1
2026-08-25,18238,Chhatisgarh Exp,SNL,Sanahwal,9,19:28,19:30,10,19,2,151.0,1
2026-08-25,18238,Chhatisgarh Exp,DOA,Doraha,10,19:36,19:38,22,25,2,158.0,1
2026-08-25,18238,Chhatisgarh Exp,CHA,Chawapall,11,19:46,19:48,26,31,2,167.0,1
2026-08-25,18238,Chhatisgarh Exp,KNN,Khanna,12,19:56,19:58,31,38,2,178.0,1
2026-08-25,18238,Chhatisgarh Exp,GVG,Mandigovindgarh,13,20:05,20:07,24,26,2,186.0,1
2026-08-25,18238,Chhatisgarh Exp,SIR,Sirhind Jn,14,20:30,20:32,28,29,2,196.0,1
2026-08-25,18238,Chhatisgarh Exp,RPJ,Rajpura Jn,15,20:52,20:54,32,36,2,221.0,1
2026-08-25,18238,Chhatisgarh Exp,UBC,Ambala City,16,21:12,21:14,33,34,1,242.0,1
2026-08-25,18238,Chhatisgarh Exp,UMB,Ambala Cant Jn,17,21:35,21:40,38,44,2,249.0,1
2026-08-25,18238,Chhatisgarh Exp,RAA,Barara,18,22:23,22:25,40,41,1,274.0,1
2026-08-25,18238,Chhatisgarh Exp,JUDW,Jagadhri Wshop,19,22:41,22:43,45,46,1,295.0,1
2026-08-25,18238,Chhatisgarh Exp,YJUD,Yamunanagar Jud,20,22:49,22:51,47,48,2,300.0,1
2026-08-25,18238,Chhatisgarh Exp,SRE,Saharanpur,21,00:30,00:35,7,10,3,330.0,2
2026-08-25,18238,Chhatisgarh Exp,DBD,Deoband,22,01:05,01:07,18,19,1,365.0,2
2026-08-25,18238,Chhatisgarh Exp,MOZ,Muzaffarnagar,23,01:25,01:27,17,18,2,388.0,2
2026-08-25,18238,Chhatisgarh Exp,KAT,Khatauli,24,01:43,01:45,22,22,1,411.0,2
2026-08-25,18238,Chhatisgarh Exp,DRLA,Daurala,25,01:58,02:00,25,25,2,427.0,2
2026-08-25,18238,Chhatisgarh Exp,MUT,Meerut Cant,26,02:11,02:13,23,25,1,440.0,2
2026-08-25,18238,Chhatisgarh Exp,MTC,Meerut City,27,02:24,02:29,21,19,2,444.0,2
2026-08-25,18238,Chhatisgarh Exp,MDNR,Modinagar,28,02:42,02:44,23,24,2,464.0,2
2026-08-25,18238,Chhatisgarh Exp,GUH,Guldhar,29,02:57,02:59,27,29,2,481.0,2
2026-08-25,18238,Chhatisgarh Exp,GZB,Ghaziabad,30,03:20,03:22,27,31,2,491.0,2
2026-08-25,18238,Chhatisgarh Exp,SBB,Sahibabad,31,03:39,03:41,27,29,2,498.0,2
2026-08-25,18238,Chhatisgarh Exp,NZM,H Nizamuddin,32,04:10,04:25,28,31,2,519.0,2
2026-08-25,18238,Chhatisgarh Exp,BVH,Ballabgarh,33,04:51,04:53,41,44,4,548.0,2
2026-08-25,18238,Chhatisgarh Exp,PWL,Palwal,34,05:18,05:20,35,37,5,569.0,2
2026-08-25,18238,Chhatisgarh Exp,KSV,Kosi Kalan,35,05:48,05:50,52,59,5,611.0,2
2026-08-25,18238,Chhatisgarh Exp,CHJ,Chata,36,06:00,06:02,58,66,1,621.0,2
2026-08-25,18238,Chhatisgarh Exp,MTJ,Mathura Jn,37,06:25,06:30,43,46,1,652.0,2
2026-08-25,18238,Chhatisgarh Exp,RKM,Raja Ki Mandi,38,07:08,07:10,52,54,2,702.0,2
2026-08-25,18238,Chhatisgarh Exp,AGC,Agra Cantt,39,07:15,07:20,25,34,2,705.0,2
2026-08-25,18238,Chhatisgarh Exp,DHO,Dhaulpur,40,09:05,09:10,8,18,2,758.0,2
2026-08-25,18238,Chhatisgarh Exp,MRA,Morena,41,09:21,09:23,19,23,1,785.0,2
2026-08-25,18238,Chhatisgarh Exp,GWL,Gwalior,42,10:52,10:54,28,31,1,824.0,2
2026-08-25,18238,Chhatisgarh Exp,DBA,Dabra,43,11:28,11:30,35,41,2,867.0,2
2026-08-25,18238,Chhatisgarh Exp,DAA,Datia,45,12:13,12:15,26,38,2,898.0,2
2026-08-25,18238,Chhatisgarh Exp,VGLJ,V Lakshmibai Jhansi Jhs,46,12:50,12:55,13,20,2,922.0,2
2026-08-25,18238,Chhatisgarh Exp,BAB,Babina,47,13:16,13:18,24,28,1,946.0,2
2026-08-25,18238,Chhatisgarh Exp,BZY,Basai,48,13:39,13:40,29,33,1,958.0,2
2026-08-25,18238,Chhatisgarh Exp,TBT,Talbahat,49,13:58,14:00,31,33,1,971.0,2
2026-08-25,18238,Chhatisgarh Exp,LAR,Lalitpur Jn,50,14:28,14:30,38,40,2,1011.0,2
2026-08-25,18238,Chhatisgarh Exp,DUA,Dhaura,51,14:53,14:55,42,44,2,1039.0,2
2026-08-25,18238,Chhatisgarh Exp,BINA,Bina Jn,52,15:55,16:00,41,43,3,1074.0,2
2026-08-25,18238,Chhatisgarh Exp,MABA,Mandi Bamora,53,16:13,16:15,41,43,3,1091.0,2
2026-08-25,18238,Chhatisgarh Exp,BAQ,Ganj Basoda,54,16:37,16:39,45,48,3,1119.0,2
2026-08-25,18238,Chhatisgarh Exp,BHS,Vidisha,55,17:03,17:05,50,52,3,1159.0,2
2026-08-25,18238,Chhatisgarh Exp,BPL,Bhopal  Jn,56,17:55,18:00,45,48,1,1212.0,2
2026-08-25,18238,Chhatisgarh Exp,RKMP,Rani Kamalapati,57,18:12,18:14,47,51,4,1218.0,2
2026-08-25,18238,Chhatisgarh Exp,ODG,Obaidulla Ganj,58,18:33,18:35,56,58,1,1248.0,2
2026-08-25,18238,Chhatisgarh Exp,NDPM,Narmadapuram,59,19:17,19:19,56,58,2,1286.0,2
2026-08-25,18238,Chhatisgarh Exp,ET,Itarsi Jn,60,20:20,20:30,27,32,3,1304.0,2
2026-08-25,18238,Chhatisgarh Exp,GDYA,Ghoradongri,61,21:27,21:28,32,36,2,1374.0,2
2026-08-25,18238,Chhatisgarh Exp,BZU,Betul,62,22:02,22:04,44,45,1,1411.0,2
2026-08-25,18238,Chhatisgarh Exp,AMLA,Amla Jn,63,22:25,22:27,45,47,2,1433.0,2
2026-08-25,18238,Chhatisgarh Exp,MTY,Multai,64,22:43,22:44,50,52,2,1456.0,2
2026-08-25,18238,Chhatisgarh Exp,PAR,Pandhurna,65,23:23,23:25,55,55,2,1497.0,2
2026-08-25,18238,Chhatisgarh Exp,NRKR,Narkher,66,23:39,23:40,58,60,2,1515.0,2
2026-08-25,18238,Chhatisgarh Exp,NGP,Nagpur,68,02:10,02:25,1,23,6,1599.0,3
2026-08-25,18238,Chhatisgarh Exp,KP,Kamptee,69,02:51,02:53,22,23,1,1614.0,3
2026-08-25,18238,Chhatisgarh Exp,BRD,Bhandara Road,70,03:25,03:27,29,30,2,1662.0,3
2026-08-25,18238,Chhatisgarh Exp,TMR,Tumsar Road,71,03:43,03:45,28,28,2,1680.0,3
2026-08-25,18238,Chhatisgarh Exp,TRO,Tirora,72,04:10,04:12,22,26,1,1700.0,3
2026-08-25,18238,Chhatisgarh Exp,G,Gondia Jn,73,04:35,04:40,29,33,4,1730.0,3
2026-08-25,18238,Chhatisgarh Exp,AGN,Amgaon,74,04:56,04:58,32,33,2,1752.0,3
2026-08-25,18238,Chhatisgarh Exp,SKS,Salekasa,75,05:13,05:15,34,35,2,1767.0,3
2026-08-25,18238,Chhatisgarh Exp,DGG,Dongargarh,76,05:55,06:00,37,36,2,1803.0,3
2026-08-25,18238,Chhatisgarh Exp,RJN,Raj Nandgaon,77,06:20,06:25,35,35,1,1834.0,3
2026-08-25,18238,Chhatisgarh Exp,DURG,Durg,78,07:25,07:35,23,26,4,1865.0,3
2026-08-25,18238,Chhatisgarh Exp,BPHB,Bhilai Pwr Hs,79,07:51,07:53,23,24,1,1875.0,3
2026-08-25,18238,Chhatisgarh Exp,R,Raipur Jn,80,08:25,08:35,38,38,5,1901.0,3
2026-08-25,18238,Chhatisgarh Exp,TLD,Tilda Neora,81,09:08,09:10,45,46,2,1939.0,3
2026-08-25,18238,Chhatisgarh Exp,BYT,Bhatapara,83,09:33,09:35,47,50,4,1965.0,3
2026-08-25,18238,Chhatisgarh Exp,BYL,Belha,84,10:08,10:10,36,36,3,1996.0,3
2026-08-25,18238,Chhatisgarh Exp,BSP,Bilaspur Jn,85,10:55,,28,,8,2017.0,3
2026-08-25,12472,Swaraj Express,MCTM,Martyr Captain Tushar Mahajan,2,10:24,10:26,20,20,3,25.0,1
2026-08-25,12472,Swaraj Express,JAT,Jammu Tawi,3,11:25,11:35,29,34,3,78.0,1
2026-08-25,12472,Swaraj Express,PTKC,PATHANKOT CANTT,5,13:20,13:25,21,26,1,178.0,1
2026-08-25,12472,Swaraj Express,JRC,Jalandhar Cant,6,15:25,15:30,5,11,2,291.0,1
2026-08-25,12472,Swaraj Express,PGW,Phagwara Jn,7,15:42,15:44,13,16,1,307.0,1
2026-08-25,12472,Swaraj Express,LDH,Ludhiana Jn,8,16:20,16:30,14,18,1,343.0,1
2026-08-25,12472,Swaraj Express,UMB,Ambala Cant Jn,9,18:25,18:35,,6,3,456.0,1
2026-08-25,12472,Swaraj Express,PNP,Panipat Jn,10,19:40,19:42,19,21,2,565.0,1
2026-08-25,12472,Swaraj Express,SZM,Subzi Mandi,11,20:40,20:42,23,27,2,651.0,1
2026-08-25,12472,Swaraj Express,NDLS,New Delhi,12,21:25,21:40,8,10,8,655.0,1
2026-08-25,12472,Swaraj Express,MTJ,Mathura Jn,13,23:20,23:25,28,32,3,795.0,1
2026-08-25,12472,Swaraj Express,GGC,Gangapur City,14,00:53,00:55,33,35,2,948.0,2
2026-08-25,12472,Swaraj Express,SWM,Sawai Madhopur,15,01:33,01:35,40,41,2,1011.0,2
2026-08-25,12472,Swaraj Express,KOTA,Kota Jn,16,02:40,02:50,41,42,2,1119.0,2
2026-08-25,12472,Swaraj Express,BWM,Bhawani Mandi,17,03:53,03:55,44,45,1,1220.0,2
2026-08-25,12472,Swaraj Express,VMA,Vikramgarh Alot,18,05:03,05:05,31,33,1,1304.0,2
2026-08-25,12472,Swaraj Express,NAD,Nagda Jn,19,05:50,05:55,22,25,3,1344.0,2
2026-08-25,12472,Swaraj Express,RTM,Ratlam Jn,20,06:30,06:40,23,25,4,1386.0,2
2026-08-25,12472,Swaraj Express,BMI,Bamnia,21,07:20,07:22,23,26,2,1431.0,2
2026-08-25,12472,Swaraj Express,MGN,Meghnagar,22,07:47,07:49,31,32,2,1466.0,2
2026-08-25,12472,Swaraj Express,DHD,Dahod,23,08:13,08:15,32,36,1,1499.0,2
2026-08-25,12472,Swaraj Express,GDA,Godhra Jn,24,09:30,09:32,11,19,1,1573.0,2
2026-08-25,12472,Swaraj Express,BRC,Vadodara Jn,25,10:25,10:35,23,23,3,1647.0,2
2026-08-25,12472,Swaraj Express,BH,Bharuch Jn,26,11:33,11:35,19,23,4,1717.0,2
2026-08-25,12472,Swaraj Express,ST,Surat,27,12:25,12:30,16,22,2,1776.0,2
2026-08-25,12472,Swaraj Express,VAPI,Vapi,28,13:33,13:35,27,29,2,1869.0,2
2026-08-25,12472,Swaraj Express,PLG,Palghar,29,14:23,14:25,32,35,2,1952.0,2
2026-08-25,12472,Swaraj Express,BVI,Borivali,30,15:17,15:20,33,34,9,2009.0,2
2026-08-25,12472,Swaraj Express,BDTS,Bandra Terminus,31,16:10,,15,,3,2028.0,2
2026-08-25,12915,Ashram Express,MSH,Mahesana Jn,2,20:30,20:35,12,16,4,63.0,1
2026-08-25,12915,Ashram Express,UJA,Unjha,3,20:48,20:50,28,27,1,84.0,1
2026-08-25,12915,Ashram Express,PNU,Palanpur Jn,4,21:55,21:57,6,12,2,128.0,1
2026-08-25,12915,Ashram Express,ABR,Abu Road,5,22:30,22:40,17,17,1,181.0,1
2026-08-25,12915,Ashram Express,FA,Falna,6,23:47,23:49,16,19,2,280.0,1
2026-08-25,12915,Ashram Express,BER,Beawar,7,01:34,01:36,12,14,2,434.0,2
2026-08-25,12915,Ashram Express,AII,Ajmer Jn,8,02:25,02:35,8,12,1,486.0,2
2026-08-25,12915,Ashram Express,JP,Jaipur,9,04:20,04:30,18,21,2,621.0,2
2026-08-25,12915,Ashram Express,GADJ,Gandhinagar Jpr,10,04:41,04:44,18,20,1,626.0,2
2026-08-25,12915,Ashram Express,DO,Dausa,11,05:21,05:23,22,23,2,682.0,2
2026-08-25,12915,Ashram Express,BKI,Bandikui Jn,12,05:45,05:47,22,26,1,711.0,2
2026-08-25,12915,Ashram Express,RHG,Rajgarh,13,06:08,06:10,24,25,2,736.0,2
2026-08-25,12915,Ashram Express,AWR,Alwar,14,06:38,06:41,24,25,1,771.0,2
2026-08-25,12915,Ashram Express,KRH,Khairthal,15,07:01,07:03,26,28,1,798.0,2
2026-08-25,12915,Ashram Express,RE,Rewari,16,08:00,08:02,8,20,3,846.0,2
2026-08-25,12915,Ashram Express,PTRD,Pataudi Road,17,08:22,08:24,15,16,2,867.0,2
2026-08-25,12915,Ashram Express,GGN,Gurgaon,18,08:47,08:49,23,24,2,897.0,2
2026-08-25,12915,Ashram Express,DLI,Old Delhi,19,10:00,,28,,3,928.0,2
2026-08-25,12393,S Kranti Sup Ex,PNBE,Patna Jn,2,19:33,19:40,5,6,4,3.0,1
2026-08-25,12393,S Kranti Sup Ex,ARA,Ara Jn,4,20:20,20:22,9,11,2,52.0,1
2026-08-25,12393,S Kranti Sup Ex,DDU,Dd Upadhyaya Jn,5,22:23,22:30,6,7,3,215.0,1
2026-08-25,12393,S Kranti Sup Ex,MZP,Mirzapur,6,23:21,23:23,10,13,3,277.0,1
2026-08-25,12393,S Kranti Sup Ex,CNB,Kanpur Central,7,02:25,02:30,21,28,2,562.0,2
2026-08-25,12393,S Kranti Sup Ex,NDLS,New Delhi,8,07:55,,17,,16,1003.0,2
2026-08-25,12636,Vaigai Sf Exp,SDN,Sholavandan,2,07:04,07:05,4,5,2,22.0,1
2026-08-25,12636,Vaigai Sf Exp,DG,Dindigul Jn,3,07:40,07:45,3,4,3,66.0,1
2026-08-25,12636,Vaigai Sf Exp,MPA,Manaparai,4,08:19,08:20,1,3,3,124.0,1
2026-08-25,12636,Vaigai Sf Exp,TPJ,Tiruchchirapali,5,08:55,09:00,,4,1,161.0,1
2026-08-25,12636,Vaigai Sf Exp,SRGM,Srirangam,6,09:20,09:22,5,5,3,173.0,1
2026-08-25,12636,Vaigai Sf Exp,ALU,Ariyalur,7,09:59,10:00,11,13,3,231.0,1
2026-08-25,12636,Vaigai Sf Exp,VRI,Vridhachalam Jn,8,10:36,10:38,13,14,2,284.0,1
2026-08-25,12636,Vaigai Sf Exp,VM,Villupuram Jn,9,11:20,11:25,4,7,3,338.0,1
2026-08-25,12636,Vaigai Sf Exp,CGL,Chengalpattu,10,12:43,12:45,7,8,4,441.0,1
2026-08-25,12636,Vaigai Sf Exp,TBM,Tambaram,11,13:13,13:15,10,12,5,472.0,1
2026-08-25,12636,Vaigai Sf Exp,MBM,Mambalam,12,13:33,13:35,12,12,3,490.0,1
2026-08-25,12561,Swatantra S Exp,MBI,Madhubani,2,17:44,17:46,4,6,2,32.0,1
2026-08-25,12561,Swatantra S Exp,SKI,Sakri Jn,3,18:01,18:03,,10,1,49.0,1
2026-08-25,12561,Swatantra S Exp,DBG,Darbhanga Jn,4,19:00,19:05,,7,5,68.0,1
2026-08-25,12561,Swatantra S Exp,SPJ,Samastipur Jn,6,20:15,20:40,,4,1,106.0,1
2026-08-25,12561,Swatantra S Exp,MFP,Muzaffarpur Jn,7,21:50,21:55,12,14,3,158.0,1
2026-08-25,12561,Swatantra S Exp,HJP,Hajipur Jn,8,22:50,22:55,11,14,3,211.0,1
2026-08-25,12561,Swatantra S Exp,SEE,Sonpur Jn,9,23:06,23:08,18,20,4,217.0,1
2026-08-25,12561,Swatantra S Exp,CPR,Chhapra,10,00:35,00:45,3,9,1,271.0,2
2026-08-25,12561,Swatantra S Exp,SIP,Suraimanpur,11,01:16,01:18,11,12,1,299.0,2
2026-08-25,12561,Swatantra S Exp,BUI,Ballia,12,01:50,01:55,10,11,1,336.0,2
2026-08-25,12561,Swatantra S Exp,GCT,Ghazipur City,13,02:50,02:55,12,12,1,401.0,2
2026-08-25,12561,Swatantra S Exp,ARJ,Aunrihar Jn,14,03:40,03:42,2,8,1,441.0,2
2026-08-25,12561,Swatantra S Exp,BSB,Varanasi Jn,15,04:39,04:49,,5,1,476.0,2
2026-08-25,12561,Swatantra S Exp,GYN,Gyanpur Road,16,05:43,05:45,13,13,2,536.0,2
2026-08-25,12561,Swatantra S Exp,PRYJ,Prayagraj Jn.,17,07:00,07:10,,10,7,600.0,2
2026-08-25,12561,Swatantra S Exp,CNB,Kanpur Central,18,09:35,09:40,21,29,2,795.0,2
2026-08-25,12561,Swatantra S Exp,ALJN,Aligarh Jn,19,13:08,13:10,26,31,5,1104.0,2
2026-08-25,12561,Swatantra S Exp,GZB,Ghaziabad,20,14:53,14:55,19,23,5,1210.0,2
2026-08-25,12561,Swatantra S Exp,NDLS,New Delhi,21,15:45,,26,,12,1236.0,2
2026-08-25,12553,Vaishali Exp,MNE,Mansi Jn,6,07:38,07:40,5,8,1,124.0,1
2026-08-25,12553,Vaishali Exp,KGG,Khagaria Jn,7,07:50,07:52,10,11,1,133.0,1
2026-08-25,12553,Vaishali Exp,BGS,Begu Sarai,8,08:22,08:24,23,24,1,173.0,1
2026-08-25,12553,Vaishali Exp,BJU,Barauni Jn,9,08:50,09:00,16,17,4,189.0,1
2026-08-25,12553,Vaishali Exp,DSS,Dalsingh Sarai,10,09:30,09:32,19,22,1,216.0,1
2026-08-25,12553,Vaishali Exp,SPJ,Samastipur Jn,11,09:52,09:57,25,25,6,239.0,1
2026-08-25,12553,Vaishali Exp,MFP,Muzaffarpur Jn,12,10:55,11:00,27,29,2,291.0,1
2026-08-25,12553,Vaishali Exp,HJP,Hajipur Jn,13,11:55,12:00,23,25,3,345.0,1
2026-08-25,12553,Vaishali Exp,SEE,Sonpur Jn,14,12:08,12:10,28,31,4,351.0,1
2026-08-25,12553,Vaishali Exp,CPR,Chhapra,15,13:40,13:45,,9,1,405.0,1
2026-08-25,12553,Vaishali Exp,SV,Siwan Jn,16,14:35,14:40,14,15,3,466.0,1
2026-08-25,12553,Vaishali Exp,DEOS,Deoria Sadar,17,15:33,15:35,15,19,2,535.0,1
2026-08-25,12553,Vaishali Exp,GKP,Gorakhpur Jn,18,16:50,17:00,12,15,1,585.0,1
2026-08-25,12553,Vaishali Exp,KLD,Khalilabad,19,17:34,17:36,17,19,1,618.0,1
2026-08-25,12553,Vaishali Exp,BST,Basti,20,17:58,18:01,25,26,1,648.0,1
2026-08-25,12553,Vaishali Exp,GD,Gonda Jn,21,19:10,19:15,30,34,1,736.0,1
2026-08-25,12553,Vaishali Exp,BBK,Barabanki Jn,22,20:56,20:58,43,47,3,826.0,1
2026-08-25,12553,Vaishali Exp,BNZ,Badshahnagar,23,21:36,21:39,41,45,2,850.0,1
2026-08-25,12553,Vaishali Exp,ASH,Aishbagh,24,22:00,22:10,53,57,3,859.0,1
2026-08-25,12553,Vaishali Exp,CNB,Kanpur Central,25,23:40,23:45,69,75,5,930.0,1
2026-08-25,12553,Vaishali Exp,ETW,Etawah Jn,26,01:14,01:16,84,88,2,1069.0,2
2026-08-25,12553,Vaishali Exp,TDL,Tundla Jn,27,02:38,02:40,69,75,4,1161.0,2
2026-08-25,12553,Vaishali Exp,ALJN,Aligarh Jn,28,03:50,03:52,68,70,5,1239.0,2
2026-08-25,12553,Vaishali Exp,GZB,Ghaziabad,29,05:43,05:45,57,60,5,1345.0,2
2026-08-25,12553,Vaishali Exp,NDLS,New Delhi,30,06:30,,63,,9,1370.0,2
2026-08-25,16526,Kanyakumari Exp,BNC,Bengaluru Cant,2,20:21,20:22,9,9,2,5.0,1
2026-08-25,16526,Kanyakumari Exp,KJM,Krishnarajapurm,3,20:34,20:36,15,17,2,15.0,1
2026-08-25,16526,Kanyakumari Exp,WFD,Whitefield,4,20:45,20:46,20,21,2,24.0,1
2026-08-25,16526,Kanyakumari Exp,MLO,Malur,5,21:01,21:02,22,23,2,44.0,1
2026-08-25,16526,Kanyakumari Exp,BWT,Bangarapet,6,21:22,21:24,26,28,4,71.0,1
2026-08-25,16526,Kanyakumari Exp,KPN,Kuppam,7,21:49,21:50,30,31,1,105.0,1
2026-08-25,16526,Kanyakumari Exp,TPT,Tirupattur Jn,8,22:54,22:55,20,23,1,156.0,1
2026-08-25,16526,Kanyakumari Exp,SA,Salem Jn,9,00:22,00:25,13,14,4,269.0,2
2026-08-25,16526,Kanyakumari Exp,ED,Erode Jn,10,01:20,01:25,20,21,2,331.0,2
2026-08-25,16526,Kanyakumari Exp,CBE,Coimbatore Jn,12,02:57,03:00,8,12,1,432.0,2
2026-08-25,16526,Kanyakumari Exp,PGT,Palakkad Jn,13,04:15,04:20,8,16,3,487.0,2
2026-08-25,16526,Kanyakumari Exp,OTP,Ottappalam,14,04:44,04:45,19,20,2,518.0,2
2026-08-25,16526,Kanyakumari Exp,WKI,Wadakancheri,15,05:19,05:20,18,20,1,547.0,2
2026-08-25,16526,Kanyakumari Exp,TCR,Thrisur,16,05:40,05:43,17,18,1,564.0,2
2026-08-25,16526,Kanyakumari Exp,PUK,Pudukad,17,05:57,05:58,18,20,1,577.0,2
2026-08-25,16526,Kanyakumari Exp,IJK,Irinjalakuda,18,06:10,06:11,21,22,2,587.0,2
2026-08-25,16526,Kanyakumari Exp,CKI,Chalakudi,19,06:17,06:18,23,23,1,594.0,2
2026-08-25,16526,Kanyakumari Exp,AFK,Angamali,20,06:35,06:36,24,26,1,609.0,2
2026-08-25,16526,Kanyakumari Exp,AWY,Aluva,21,06:48,06:50,24,26,1,618.0,2
2026-08-25,16526,Kanyakumari Exp,ERN,Ernakulam Town,22,07:10,07:15,29,31,2,635.0,2
2026-08-25,16526,Kanyakumari Exp,TRTR,Triupunittura,23,07:33,07:34,27,29,2,647.0,2
2026-08-25,16526,Kanyakumari Exp,PVRD,Piravam Road,24,07:53,07:54,24,25,2,666.0,2
2026-08-25,16526,Kanyakumari Exp,KTYM,Kottayam,25,08:22,08:25,16,18,2,697.0,2
2026-08-25,16526,Kanyakumari Exp,CGY,Changanaseri,26,08:40,08:41,24,25,3,715.0,2
2026-08-25,16526,Kanyakumari Exp,TRVL,Tiruvalla,27,08:50,08:51,24,25,3,723.0,2
2026-08-25,16526,Kanyakumari Exp,CNGR,Chengannur,28,09:00,09:02,24,25,1,732.0,2
2026-08-25,16526,Kanyakumari Exp,MVLK,Mavelikara,29,09:13,09:14,23,23,3,744.0,2
2026-08-25,16526,Kanyakumari Exp,KYJ,Kayankulam Jn,30,09:24,09:26,18,20,4,752.0,2
2026-08-25,16526,Kanyakumari Exp,KPY,Karunagapalli,31,09:40,09:41,18,19,2,766.0,2
2026-08-25,16526,Kanyakumari Exp,STKT,Sasthankotta,32,09:50,09:51,17,19,1,773.0,2
2026-08-25,16526,Kanyakumari Exp,QLN,Kollam Jn,33,10:10,10:13,17,20,1,793.0,2
2026-08-25,16526,Kanyakumari Exp,PVU,Paravur,34,10:25,10:26,20,22,3,805.0,2
2026-08-25,16526,Kanyakumari Exp,VAK,Varkalasivagiri,35,10:37,10:38,23,24,2,817.0,2
2026-08-25,16526,Kanyakumari Exp,KVU,Kadakavur,36,10:48,10:49,24,24,3,826.0,2
2026-08-25,16526,Kanyakumari Exp,CRY,Chirayinkeezh,37,10:54,10:55,23,25,1,829.0,2
2026-08-25,16526,Kanyakumari Exp,KZK,Kazhakuttam,38,11:10,11:11,27,28,1,844.0,2
2026-08-25,16526,Kanyakumari Exp,TVP,Trivandrum Pett,39,11:24,11:25,29,29,1,855.0,2
2026-08-25,16526,Kanyakumari Exp,TVC,Trivandrum Cntl,40,11:50,11:55,18,22,1,858.0,2
2026-08-25,16526,Kanyakumari Exp,NYY,Neyyattinkara,41,12:19,12:20,31,31,2,875.0,2
2026-08-25,16526,Kanyakumari Exp,PASA,Parashshala,42,12:34,12:35,29,30,1,887.0,2
2026-08-25,16526,Kanyakumari Exp,KZT,Kulitthurai,43,12:44,12:45,29,31,2,895.0,2
2026-08-25,16526,Kanyakumari Exp,ERL,Eraniel,44,13:04,13:05,27,38,2,910.0,2
2026-08-25,16526,Kanyakumari Exp,NCJ,Nagercoil Jn,45,13:40,13:43,31,31,3,929.0,2
2026-08-25,12916,Ashram Express,DEC,Delhi Cantt,2,15:28,15:30,2,4,1,14.0,1
2026-08-25,12916,Ashram Express,GGN,Gurgaon,3,15:44,15:46,10,9,1,31.0,1
2026-08-25,12916,Ashram Express,PTRD,Pataudi Road,4,16:09,16:11,11,12,1,61.0,1
2026-08-25,12916,Ashram Express,RE,Rewari,5,16:53,16:55,,7,1,83.0,1
2026-08-25,12916,Ashram Express,KRH,Khairthal,6,17:33,17:35,7,9,2,130.0,1
2026-08-25,12916,Ashram Express,AWR,Alwar,7,17:55,17:58,11,12,2,157.0,1
2026-08-25,12916,Ashram Express,RHG,Rajgarh,8,18:26,18:28,9,10,1,193.0,1
2026-08-25,12916,Ashram Express,BKI,Bandikui Jn,9,18:49,18:51,10,11,3,217.0,1
2026-08-25,12916,Ashram Express,DO,Dausa,10,19:13,19:15,10,11,1,246.0,1
2026-08-25,12916,Ashram Express,GADJ,Gandhinagar Jpr,11,19:53,19:55,22,24,2,302.0,1
2026-08-25,12916,Ashram Express,JP,Jaipur,12,20:15,20:25,15,18,2,308.0,1
2026-08-25,12916,Ashram Express,AII,Ajmer Jn,13,22:20,22:30,19,21,5,442.0,1
2026-08-25,12916,Ashram Express,BER,Beawar,14,23:15,23:17,16,18,1,494.0,1
2026-08-25,12916,Ashram Express,FA,Falna,15,01:00,01:02,16,19,1,648.0,2
2026-08-25,12916,Ashram Express,ABR,Abu Road,16,02:25,02:35,8,12,2,747.0,2
2026-08-25,12916,Ashram Express,PNU,Palanpur Jn,17,03:30,03:32,,7,1,800.0,2
2026-08-25,12916,Ashram Express,UJA,Unjha,18,04:06,04:08,14,15,2,844.0,2
2026-08-25,12916,Ashram Express,MSH,Mahesana Jn,19,04:27,04:29,16,19,5,865.0,2
2026-08-25,12916,Ashram Express,SBIB,Sabarmati Bg,20,05:45,,1,,4,928.0,2
2026-08-25,12951,Ndls Tejas Raj,BVI,Borivali,2,17:20,17:22,11,12,6,30.0,1
2026-08-25,12951,Ndls Tejas Raj,ST,Surat,3,19:43,19:48,11,13,1,263.0,1
2026-08-25,12951,Ndls Tejas Raj,BRC,Vadodara Jn,4,21:06,21:16,15,14,2,392.0,1
2026-08-25,12951,Ndls Tejas Raj,RTM,Ratlam Jn,5,00:25,00:28,6,11,5,653.0,2
2026-08-25,12951,Ndls Tejas Raj,NAD,Nagda Jn,6,01:08,01:10,5,8,1,695.0,2
2026-08-25,12951,Ndls Tejas Raj,KOTA,Kota Jn,7,03:15,03:20,15,16,1,920.0,2
2026-08-25,12951,Ndls Tejas Raj,NDLS,New Delhi,8,08:32,,7,,3,1384.0,2
2026-08-25,12554,Vaishali Exp,GZB,Ghaziabad,2,21:23,21:25,5,8,2,24.0,1
2026-08-25,12554,Vaishali Exp,ALJN,Aligarh Jn,3,22:33,22:35,15,18,3,130.0,1
2026-08-25,12554,Vaishali Exp,TDL,Tundla Jn,4,23:38,23:40,7,13,5,209.0,1
2026-08-25,12554,Vaishali Exp,ETW,Etawah Jn,5,00:38,00:40,10,14,3,300.0,2
2026-08-25,12554,Vaishali Exp,CNB,Kanpur Central,6,02:25,02:30,4,13,9,440.0,2
2026-08-25,12554,Vaishali Exp,ASH,Aishbagh,7,04:05,04:15,32,35,1,511.0,2
2026-08-25,12554,Vaishali Exp,BNZ,Badshahnagar,8,04:37,04:40,34,37,1,520.0,2
2026-08-25,12554,Vaishali Exp,BBK,Barabanki Jn,9,05:21,05:23,32,35,4,544.0,2
2026-08-25,12554,Vaishali Exp,GD,Gonda Jn,10,06:33,06:38,48,51,2,633.0,2
2026-08-25,12554,Vaishali Exp,BST,Basti,11,07:40,07:43,69,72,3,722.0,2
2026-08-25,12554,Vaishali Exp,KLD,Khalilabad,12,08:10,08:12,72,72,2,751.0,2
2026-08-25,12554,Vaishali Exp,GKP,Gorakhpur Jn,13,09:17,09:27,54,58,2,785.0,2
2026-08-25,12554,Vaishali Exp,DEOS,Deoria Sadar,14,10:20,10:25,52,56,3,834.0,2
2026-08-25,12554,Vaishali Exp,SV,Siwan Jn,15,11:25,11:30,58,64,1,904.0,2
2026-08-25,12554,Vaishali Exp,CPR,Chhapra,16,12:35,12:40,57,61,4,965.0,2
2026-08-25,12554,Vaishali Exp,SEE,Sonpur Jn,17,13:36,13:38,64,72,3,1019.0,2
2026-08-25,12554,Vaishali Exp,HJP,Hajipur Jn,18,13:50,13:55,70,71,4,1025.0,2
2026-08-25,12554,Vaishali Exp,MFP,Muzaffarpur Jn,19,14:43,14:48,73,80,1,1078.0,2
2026-08-25,12554,Vaishali Exp,SPJ,Samastipur Jn,20,15:55,16:00,83,85,4,1131.0,2
2026-08-25,12554,Vaishali Exp,DSS,Dalsingh Sarai,21,16:23,16:25,94,96,2,1154.0,2
2026-08-25,12554,Vaishali Exp,BJU,Barauni Jn,22,17:10,17:20,84,83,3,1181.0,2
2026-08-25,12554,Vaishali Exp,BGS,Begu Sarai,23,17:46,17:48,80,83,2,1197.0,2
2026-08-25,12554,Vaishali Exp,KGG,Khagaria Jn,24,18:46,18:48,71,74,2,1237.0,2
2026-08-25,12554,Vaishali Exp,MNE,Mansi Jn,25,19:13,19:15,54,61,2,1245.0,2
2026-08-25,12554,Vaishali Exp,SHC,Saharsa Jn,26,20:20,20:40,58,,1,1288.0,2
2026-08-25,12051,Mao Janshatabdi,DR,Dadar,2,05:18,05:20,27,27,10,9.0,1
2026-08-25,12051,Mao Janshatabdi,TNA,Thane,3,05:43,05:45,32,34,7,34.0,1
2026-08-25,12051,Mao Janshatabdi,PNVL,Panvel,4,06:23,06:25,35,39,6,69.0,1
2026-08-25,12051,Mao Janshatabdi,CHI,Chiplun,5,09:52,09:54,27,34,2,325.0,1
2026-08-25,12051,Mao Janshatabdi,RN,Ratnagiri,6,11:20,11:25,54,60,1,431.0,1
2026-08-25,12051,Mao Janshatabdi,KKW,Kankavali,7,13:40,13:42,70,74,1,587.0,1
2026-08-25,12051,Mao Janshatabdi,KUDL,Kudal,8,14:20,14:22,71,74,1,626.0,1
2026-08-25,12051,Mao Janshatabdi,SWV,Sawantwadi Road,9,14:42,14:44,75,77,1,655.0,1
2026-08-25,12051,Mao Janshatabdi,THVM,Thivim,10,15:30,15:32,84,88,2,701.0,1
2026-08-25,12051,Mao Janshatabdi,MAO,Madgaon,11,16:40,,54,,5,765.0,1
2026-08-25,12558,Sapt Kranti Exp,MB,Moradabad,2,17:05,17:13,39,44,1,154.0,1
2026-08-25,12558,Sapt Kranti Exp,LKO,Lucknow Nr,3,22:30,22:40,76,81,3,480.0,1
2026-08-25,12558,Sapt Kranti Exp,GD,Gonda Jn,4,00:51,00:53,94,98,2,597.0,2
2026-08-25,12558,Sapt Kranti Exp,GKP,Gorakhpur Jn,5,03:37,03:47,85,89,3,750.0,2
2026-08-25,12558,Sapt Kranti Exp,CPJ,Kaptanganj Jn,6,04:38,04:40,83,87,1,789.0,2
2026-08-25,12558,Sapt Kranti Exp,SBZ,Siswa Bazar,7,05:01,05:03,86,88,1,815.0,2
2026-08-25,12558,Sapt Kranti Exp,BUG,Bagaha,8,06:01,06:04,78,79,2,859.0,2
2026-08-25,12558,Sapt Kranti Exp,HIR,Harinagar,9,06:28,06:30,89,90,2,885.0,2
2026-08-25,12558,Sapt Kranti Exp,NKE,Narkatiaganj Jn,10,06:52,06:57,86,91,3,900.0,2
2026-08-25,12558,Sapt Kranti Exp,BTH,Bettiah,12,07:28,07:31,113,115,2,937.0,2
2026-08-25,12558,Sapt Kranti Exp,SGL,Sagauli Jn,13,07:48,07:50,112,113,2,959.0,2
2026-08-25,12558,Sapt Kranti Exp,BMKI,Bapudm Motihari,14,08:32,08:35,101,105,1,980.0,2
2026-08-25,12558,Sapt Kranti Exp,PPA,Pipra,15,08:58,09:00,103,104,1,1002.0,2
2026-08-25,12558,Sapt Kranti Exp,CAA,Chakia,16,09:12,09:14,107,109,1,1012.0,2
2026-08-25,12558,Sapt Kranti Exp,MAI,Mehsi,17,09:26,09:28,106,107,1,1020.0,2
2026-08-25,12558,Sapt Kranti Exp,MTR,Motipur,18,09:46,09:48,110,112,1,1033.0,2
2026-08-25,12558,Sapt Kranti Exp,MFP,Muzaffarpur Jn,19,11:05,,62,,3,1060.0,2
2026-08-25,12556,Gorakhdham Exp,SSA,Sirsa,2,15:20,15:25,43,44,2,76.0,1
2026-08-25,12556,Gorakhdham Exp,BHT,Bhattu,3,15:51,15:53,44,45,1,112.0,1
2026-08-25,12556,Gorakhdham Exp,HSR,Hisar,5,16:35,16:40,39,43,1,158.0,1
2026-08-25,12556,Gorakhdham Exp,BNW,Bhiwani,6,17:40,18:05,36,49,1,218.0,1
2026-08-25,12556,Gorakhdham Exp,KLNK,Kalanaur Kalan,7,18:31,18:33,59,59,2,247.0,1
2026-08-25,12556,Gorakhdham Exp,ROK,Rohtak Jn,8,19:33,19:35,31,36,1,267.0,1
2026-08-25,12556,Gorakhdham Exp,BGZ,Bahadurgarh,9,20:03,20:05,42,44,2,307.0,1
2026-08-25,12556,Gorakhdham Exp,NNO,Nangloi,10,20:16,20:18,45,48,2,320.0,1
2026-08-25,12556,Gorakhdham Exp,SSB,Shakurbasti,11,20:26,20:28,51,52,3,327.0,1
2026-08-25,12556,Gorakhdham Exp,NDLS,New Delhi,12,21:10,21:25,48,51,6,338.0,1
2026-08-25,12556,Gorakhdham Exp,CNB,Kanpur Central,13,02:55,03:05,44,49,9,779.0,2
2026-08-25,12556,Gorakhdham Exp,ON,Unnao Jn,14,03:36,03:38,47,50,3,796.0,2
2026-08-25,12556,Gorakhdham Exp,LKO,Lucknow Nr,15,04:50,05:00,69,72,3,852.0,2
2026-08-25,12556,Gorakhdham Exp,BBK,Barabanki Jn,16,05:48,05:50,67,72,4,881.0,2
2026-08-25,12556,Gorakhdham Exp,GD,Gonda Jn,17,07:00,07:05,98,102,2,969.0,2
2026-08-25,12556,Gorakhdham Exp,MUR,Mankapur Jn,18,07:27,07:29,108,110,1,997.0,2
2026-08-25,12556,Gorakhdham Exp,BV,Babhnan,19,07:53,07:55,112,114,2,1028.0,2
2026-08-25,12556,Gorakhdham Exp,BST,Basti,20,08:19,08:22,126,127,3,1059.0,2
2026-08-25,12556,Gorakhdham Exp,KLD,Khalilabad,21,08:42,08:44,130,131,2,1088.0,2
2026-08-25,12556,Gorakhdham Exp,GKP,Gorakhpur Jn,22,10:00,,107,,8,1123.0,2
2026-08-25,12955,Mmct Jaipur Sf,BVI,Borivali,2,19:32,19:34,16,16,6,30.0,1
2026-08-25,12955,Mmct Jaipur Sf,VAPI,Vapi,3,20:53,20:55,23,27,1,170.0,1
2026-08-25,12955,Mmct Jaipur Sf,ST,Surat,4,22:30,22:35,12,14,1,263.0,1
2026-08-25,12955,Mmct Jaipur Sf,AKV,Ankleshwar Jn,5,23:06,23:08,15,15,1,312.0,1
2026-08-25,12955,Mmct Jaipur Sf,BRC,Vadodara Jn,6,00:08,00:18,16,15,6,392.0,2
2026-08-25,12955,Mmct Jaipur Sf,DHD,Dahod,7,02:14,02:16,14,16,3,540.0,2
2026-08-25,12955,Mmct Jaipur Sf,MGN,Meghnagar,8,02:40,02:42,15,17,1,573.0,2
2026-08-25,12955,Mmct Jaipur Sf,RTM,Ratlam Jn,9,04:05,04:10,2,9,5,653.0,2
2026-08-25,12955,Mmct Jaipur Sf,NAD,Nagda Jn,10,04:58,05:00,,7,1,695.0,2
2026-08-25,12955,Mmct Jaipur Sf,VMA,Vikramgarh Alot,11,05:23,05:25,9,11,2,734.0,2
2026-08-25,12955,Mmct Jaipur Sf,CMU,Chau Mahla,12,05:43,05:45,9,11,1,757.0,2
2026-08-25,12955,Mmct Jaipur Sf,SVA,Suwasra,13,05:58,06:00,11,13,2,772.0,2
2026-08-25,12955,Mmct Jaipur Sf,SGZ,Shamgarh,14,06:10,06:12,14,15,2,786.0,2
2026-08-25,12955,Mmct Jaipur Sf,BWM,Bhawani Mandi,15,06:33,06:35,18,20,2,819.0,2
2026-08-25,12955,Mmct Jaipur Sf,RMA,Ramganj Mandi,16,06:53,06:55,17,19,2,847.0,2
2026-08-25,12955,Mmct Jaipur Sf,KOTA,Kota Jn,17,07:45,07:55,17,16,1,920.0,2
2026-08-25,12955,Mmct Jaipur Sf,SWM,Sawai Madhopur,18,09:20,09:45,10,20,1,1027.0,2
2026-08-25,12955,Mmct Jaipur Sf,DPA,Durgapura,19,11:27,11:30,9,14,1,1151.0,2
2026-08-25,12313,Rajdhani Expres,DGR,Durgapur,2,18:38,18:40,5,6,3,165.0,1
2026-08-25,12313,Rajdhani Expres,ASN,Asansol Jn,3,19:06,19:10,10,11,4,207.0,1
2026-08-25,12313,Rajdhani Expres,DHN,Dhanbad Jn,4,20:20,20:25,,6,2,266.0,1
2026-08-25,12313,Rajdhani Expres,GAYA,Gaya Jn,5,22:57,23:00,1,7,1,464.0,1
2026-08-25,12313,Rajdhani Expres,DDU,Dd Upadhyaya Jn,6,01:13,01:20,10,9,7,667.0,2
2026-08-25,12313,Rajdhani Expres,CNB,Kanpur Central,7,05:15,05:20,13,17,2,1015.0,2
2026-08-25,12313,Rajdhani Expres,NDLS,New Delhi,8,10:50,,2,,13,1455.0,2
2026-08-25,12488,Seemanchal Exp,GZB,Ghaziabad,2,08:37,08:39,5,6,2,13.0,1
2026-08-25,12488,Seemanchal Exp,ALJN,Aligarh Jn,3,09:40,09:42,19,21,3,119.0,1
2026-08-25,12488,Seemanchal Exp,TDL,Tundla Jn,4,10:50,10:52,7,13,5,197.0,1
2026-08-25,12488,Seemanchal Exp,CNB,Kanpur Central,5,14:10,14:15,12,23,6,428.0,1
2026-08-25,12488,Seemanchal Exp,PRYJ,Prayagraj Jn.,6,16:55,17:00,35,40,5,623.0,1
2026-08-25,12488,Seemanchal Exp,MZP,Mirzapur,7,18:15,18:17,38,41,2,713.0,1
2026-08-25,12488,Seemanchal Exp,DDU,Dd Upadhyaya Jn,8,19:48,19:55,30,35,2,775.0,1
2026-08-25,12488,Seemanchal Exp,DLN,Dildarnagar Jn,9,20:38,20:40,37,39,2,833.0,1
2026-08-25,12488,Seemanchal Exp,DNR,Danapur,10,22:50,22:52,34,41,1,978.0,1
2026-08-25,12488,Seemanchal Exp,PPTA,Patliputra,11,23:10,23:20,45,45,4,983.0,1
2026-08-25,12488,Seemanchal Exp,BJU,Barauni Jn,12,01:35,01:45,47,49,1,1092.0,2
2026-08-25,12488,Seemanchal Exp,BGS,Begu Sarai,13,02:01,02:03,53,53,2,1107.0,2
2026-08-25,12488,Seemanchal Exp,KGG,Khagaria Jn,14,02:41,02:43,56,60,2,1148.0,2
2026-08-25,12488,Seemanchal Exp,NNA,Naugachia,15,03:38,03:40,59,60,1,1214.0,2
2026-08-25,12488,Seemanchal Exp,KIR,Katihar Jn,16,05:05,05:15,27,35,1,1271.0,2
2026-08-25,12488,Seemanchal Exp,PRNA,Purnea Jn,17,05:45,05:50,42,43,1,1299.0,2
2026-08-25,12488,Seemanchal Exp,ARQ,ARARIYA COURT,18,06:25,06:30,35,33,2,1337.0,2
2026-08-25,12488,Seemanchal Exp,FBG,FORBESGANJ,20,07:00,07:05,45,45,1,1366.0,2
2026-08-25,12488,Seemanchal Exp,JBN,JOGBANI,21,08:00,,22,,2,1379.0,2
2026-08-25,12557,Sapt Kranti Exp,MTR,Motipur,2,12:07,12:09,39,40,2,27.0,1
2026-08-25,12557,Sapt Kranti Exp,MAI,Mehsi,3,12:22,12:24,39,41,2,40.0,1
2026-08-25,12557,Sapt Kranti Exp,CAA,Chakia,4,12:34,12:36,44,46,1,48.0,1
2026-08-25,12557,Sapt Kranti Exp,PPA,Pipra,5,12:46,12:48,48,49,1,58.0,1
2026-08-25,12557,Sapt Kranti Exp,BMKI,Bapudm Motihari,6,13:04,13:07,57,61,2,80.0,1
2026-08-25,12557,Sapt Kranti Exp,SGL,Sagauli Jn,7,13:34,13:36,56,57,2,101.0,1
2026-08-25,12557,Sapt Kranti Exp,BTH,Bettiah,8,13:56,13:58,63,67,1,123.0,1
2026-08-25,12557,Sapt Kranti Exp,NKE,Narkatiaganj Jn,10,14:45,14:50,57,60,1,160.0,1
2026-08-25,12557,Sapt Kranti Exp,HIR,Harinagar,11,15:10,15:12,61,63,1,175.0,1
2026-08-25,12557,Sapt Kranti Exp,BUG,Bagaha,12,15:48,15:50,73,76,1,201.0,1
2026-08-25,12557,Sapt Kranti Exp,SBZ,Siswa Bazar,13,16:53,16:55,62,67,1,245.0,1
2026-08-25,12557,Sapt Kranti Exp,CPJ,Kaptanganj Jn,14,17:28,17:30,57,62,1,271.0,1
2026-08-25,12557,Sapt Kranti Exp,GKP,Gorakhpur Jn,15,18:30,18:40,60,62,1,310.0,1
2026-08-25,12557,Sapt Kranti Exp,GD,Gonda Jn,16,20:40,20:42,71,78,1,464.0,1
2026-08-25,12557,Sapt Kranti Exp,LKO,Lucknow Nr,17,23:35,23:40,79,88,5,580.0,1
2026-08-25,12557,Sapt Kranti Exp,MB,Moradabad,18,04:42,04:50,136,137,4,906.0,2
2026-08-25,12557,Sapt Kranti Exp,ANVT,Anand Vihar TRM,19,07:40,,154,,2,1060.0,2
2026-08-25,12310,Rjpb Tejas Raj,CNB,Kanpur Central,2,21:50,21:55,8,16,4,441.0,1
2026-08-25,12310,Rjpb Tejas Raj,PRYJ,Prayagraj Jn.,3,00:01,00:03,16,19,4,636.0,2
2026-08-25,12310,Rjpb Tejas Raj,DDU,Dd Upadhyaya Jn,4,01:53,02:00,16,18,2,788.0,2
2026-08-25,12310,Rjpb Tejas Raj,PNBE,Patna Jn,6,04:38,04:45,9,14,1,1000.0,2
2026-08-25,12310,Rjpb Tejas Raj,RJPB,Rajendranagar T,7,05:15,,2,,1,1003.0,2
2026-08-25,12678,Sbc Intercity,AWY,Aluva,2,09:25,09:27,7,7,3,19.0,1
2026-08-25,12678,Sbc Intercity,TCR,Thrisur,3,10:13,10:15,9,9,2,74.0,1
2026-08-25,12678,Sbc Intercity,PGT,Palakkad Jn,4,11:37,11:40,2,6,4,149.0,1
2026-08-25,12678,Sbc Intercity,CBE,Coimbatore Jn,5,12:47,12:50,4,8,3,205.0,1
2026-08-25,12678,Sbc Intercity,TUP,Tiruppur,6,13:33,13:35,13,16,2,255.0,1
2026-08-25,12678,Sbc Intercity,ED,Erode Jn,7,14:15,14:25,10,17,1,305.0,1
2026-08-25,12678,Sbc Intercity,SGE,Sankaridurg,8,14:49,14:50,17,19,2,326.0,1
2026-08-25,12678,Sbc Intercity,SA,Salem Jn,9,15:32,15:35,17,24,5,365.0,1
2026-08-25,12678,Sbc Intercity,DPJ,Dharmapuri,10,16:38,16:40,60,63,2,431.0,1
2026-08-25,12678,Sbc Intercity,HSRA,Hosur,11,18:03,18:05,77,81,1,524.0,1
2026-08-25,12678,Sbc Intercity,CRLM,Carmelaram,12,18:34,18:35,88,90,1,559.0,1
2026-08-25,12678,Sbc Intercity,BNC,Bengaluru Cant,13,20:14,20:15,81,87,1,579.0,1
2026-08-25,12678,Sbc Intercity,SBC,KSR Bengaluru,14,21:00,,72,,6,583.0,1
2026-08-25,12696,Tvc Mas Sf Exp,VAK,Varkalasivagiri,2,17:50,17:51,9,11,1,41.0,1
2026-08-25,12696,Tvc Mas Sf Exp,QLN,Kollam Jn,3,18:12,18:15,9,10,2,65.0,1
2026-08-25,12696,Tvc Mas Sf Exp,KYJ,Kayankulam Jn,4,18:54,18:56,10,15,2,106.0,1
2026-08-25,12696,Tvc Mas Sf Exp,MVLK,Mavelikara,5,19:05,19:06,14,15,2,114.0,1
2026-08-25,12696,Tvc Mas Sf Exp,CNGR,Chengannur,6,19:18,19:20,14,17,3,126.0,1
2026-08-25,12696,Tvc Mas Sf Exp,TRVL,Tiruvalla,7,19:29,19:30,16,19,2,135.0,1
2026-08-25,12696,Tvc Mas Sf Exp,CGY,Changanaseri,8,19:39,19:40,17,20,2,143.0,1
2026-08-25,12696,Tvc Mas Sf Exp,KTYM,Kottayam,9,20:00,20:05,15,14,1,161.0,1
2026-08-25,12696,Tvc Mas Sf Exp,ERN,Ernakulam Town,10,21:25,21:30,6,18,1,223.0,1
2026-08-25,12696,Tvc Mas Sf Exp,TCR,Thrisur,11,22:37,22:40,25,26,2,295.0,1
2026-08-25,12696,Tvc Mas Sf Exp,PGT,Palakkad Jn,12,00:37,00:40,,10,4,372.0,2
2026-08-25,12696,Tvc Mas Sf Exp,CBE,Coimbatore Jn,13,01:57,02:00,15,18,3,426.0,2
2026-08-25,12696,Tvc Mas Sf Exp,TUP,Tiruppur,14,02:43,02:45,18,21,2,476.0,2
2026-08-25,12696,Tvc Mas Sf Exp,ED,Erode Jn,15,03:35,03:40,15,20,1,527.0,2
2026-08-25,12696,Tvc Mas Sf Exp,SA,Salem Jn,16,04:30,04:35,23,25,5,589.0,2
2026-08-25,12696,Tvc Mas Sf Exp,JTJ,Jolarpettai,18,06:33,06:35,6,12,2,709.0,2
2026-08-25,12696,Tvc Mas Sf Exp,VN,Vaniyambadi,19,06:48,06:50,11,13,2,725.0,2
2026-08-25,12696,Tvc Mas Sf Exp,KPD,Katpadi Jn,20,07:40,07:45,13,17,2,793.0,2
2026-08-25,12696,Tvc Mas Sf Exp,AJJ,Arakkonam Jn,21,08:33,08:35,14,18,5,854.0,2
2026-08-25,12398,Mahabodhi Exp,ALJN,Aligarh Jn,2,14:05,14:07,15,20,2,132.0,1
2026-08-25,12398,Mahabodhi Exp,CNB,Kanpur Central,3,17:55,18:00,21,29,5,440.0,1
2026-08-25,12398,Mahabodhi Exp,BRE,Bharwari,4,19:34,19:35,38,39,1,597.0,1
2026-08-25,12398,Mahabodhi Exp,PRYJ,Prayagraj Jn.,5,20:25,20:30,28,36,4,634.0,1
2026-08-25,12398,Mahabodhi Exp,BDL,Vindhyachal,6,21:38,21:40,26,28,2,716.0,1
2026-08-25,12398,Mahabodhi Exp,DDU,Dd Upadhyaya Jn,7,23:18,23:25,7,14,1,786.0,1
2026-08-25,12398,Mahabodhi Exp,BBU,Bhabua Road,9,00:06,00:08,22,23,3,839.0,2
2026-08-25,12398,Mahabodhi Exp,KTQ,Kudra,10,00:24,00:26,27,29,3,861.0,2
2026-08-25,12398,Mahabodhi Exp,SSM,Sasaram,11,00:45,00:47,25,27,3,886.0,2
2026-08-25,12398,Mahabodhi Exp,DOS,Dehri On Sone,12,01:02,01:04,30,30,4,904.0,2
2026-08-25,12398,Mahabodhi Exp,AUBR,Anugraha N Road,13,01:18,01:20,34,36,3,921.0,2
2026-08-25,12398,Mahabodhi Exp,RFJ,Rafiganj,14,01:40,01:42,36,38,3,952.0,2
2026-08-25,12398,Mahabodhi Exp,GRRU,Guraru,15,01:54,01:56,39,40,2,968.0,2
2026-08-25,12398,Mahabodhi Exp,GAYA,Gaya Jn,16,02:55,,10,,6,989.0,2
2026-08-25,12952,Mmct Tejas Raj,KOTA,Kota Jn,2,21:30,21:40,16,17,2,465.0,1
2026-08-25,12952,Mmct Tejas Raj,NAD,Nagda Jn,3,23:57,23:59,13,15,2,690.0,1
2026-08-25,12952,Mmct Tejas Raj,RTM,Ratlam Jn,4,00:30,00:33,15,16,4,731.0,2
2026-08-25,12952,Mmct Tejas Raj,BRC,Vadodara Jn,5,03:40,03:50,9,9,1,993.0,2
2026-08-25,12952,Mmct Tejas Raj,ST,Surat,6,05:13,05:18,9,11,2,1122.0,2
2026-08-25,12952,Mmct Tejas Raj,BVI,Borivali,7,07:38,07:40,21,21,7,1355.0,2
2026-08-25,12952,Mmct Tejas Raj,MMCT,Mumbai Central,8,08:35,,9,,3,1384.0,2
2026-08-25,12303,Poorva Express,BWN,Barddhaman Jn,2,08:55,08:57,8,8,1,95.0,1
2026-08-25,12303,Poorva Express,DGR,Durgapur,3,09:47,09:49,,2,3,158.0,1
2026-08-25,12303,Poorva Express,ASN,Asansol Jn,4,10:21,10:26,6,8,4,200.0,1
2026-08-25,12303,Poorva Express,CRJ,Chittaranjan,5,10:48,10:50,9,10,3,225.0,1
2026-08-25,12303,Poorva Express,JMT,Jamtara,6,11:03,11:05,9,10,1,240.0,1
2026-08-25,12303,Poorva Express,MDP,Madhupur Jn,7,11:30,11:32,12,14,2,282.0,1
2026-08-25,12303,Poorva Express,JSME,Jasidih Jn,8,11:53,11:57,17,18,2,311.0,1
2026-08-25,12303,Poorva Express,JAJ,Jhajha,9,13:05,13:10,,4,3,355.0,1
2026-08-25,12303,Poorva Express,JMU,Jamui,10,13:28,13:30,8,9,1,381.0,1
2026-08-25,12303,Poorva Express,KIUL,Kiul Jn,11,13:56,13:58,10,11,3,409.0,1
2026-08-25,12303,Poorva Express,MKA,Mokameh Jn,12,14:22,14:24,22,23,3,443.0,1
2026-08-25,12303,Poorva Express,BARH,Barh,13,14:41,14:43,30,31,3,468.0,1
2026-08-25,12303,Poorva Express,BKP,Bakhtiyarpur Jn,14,14:57,14:59,38,41,2,486.0,1
2026-08-25,12303,Poorva Express,PNBE,Patna Jn,15,15:43,15:50,38,41,4,532.0,1
2026-08-25,12303,Poorva Express,DNR,Danapur,16,16:04,16:06,44,46,3,541.0,1
2026-08-25,12303,Poorva Express,ARA,Ara Jn,17,16:35,16:40,50,48,2,581.0,1
2026-08-25,12303,Poorva Express,BXR,Buxar,18,17:18,17:20,50,54,2,649.0,1
2026-08-25,12303,Poorva Express,DDU,Dd Upadhyaya Jn,19,19:28,19:35,26,31,7,744.0,1
2026-08-25,12303,Poorva Express,PRYJ,Prayagraj Jn.,20,21:35,21:40,35,39,3,896.0,1
2026-08-25,12303,Poorva Express,CNB,Kanpur Central,21,00:02,00:07,44,51,2,1091.0,2
2026-08-25,12303,Poorva Express,ETW,Etawah Jn,22,01:29,01:31,62,64,2,1230.0,2
2026-08-25,12303,Poorva Express,TDL,Tundla Jn,23,02:48,02:50,47,52,4,1322.0,2
2026-08-25,12303,Poorva Express,ALJN,Aligarh Jn,24,03:38,03:40,59,62,4,1400.0,2
2026-08-25,12303,Poorva Express,NDLS,New Delhi,25,06:05,,44,,12,1531.0,2
2026-08-25,12304,Poorva Express,ALJN,Aligarh Jn,2,19:13,19:15,9,11,3,132.0,1
2026-08-25,12304,Poorva Express,TDL,Tundla Jn,3,20:13,20:15,3,8,5,210.0,1
2026-08-25,12304,Poorva Express,ETW,Etawah Jn,4,21:08,21:10,11,12,3,302.0,1
2026-08-25,12304,Poorva Express,CNB,Kanpur Central,5,22:55,23:05,25,27,4,441.0,1
2026-08-25,12304,Poorva Express,PRYJ,Prayagraj Jn.,6,01:15,01:20,31,33,4,636.0,2
2026-08-25,12304,Poorva Express,DDU,Dd Upadhyaya Jn,7,03:38,03:45,16,22,2,788.0,2
2026-08-25,12304,Poorva Express,BXR,Buxar,8,05:03,05:05,34,34,1,882.0,2
2026-08-25,12304,Poorva Express,ARA,Ara Jn,9,05:45,05:50,37,36,1,951.0,2
2026-08-25,12304,Poorva Express,DNR,Danapur,10,06:22,06:24,41,44,2,990.0,2
2026-08-25,12304,Poorva Express,PNBE,Patna Jn,11,06:48,06:55,40,44,2,1000.0,2
2026-08-25,12304,Poorva Express,BKP,Bakhtiyarpur Jn,12,07:34,07:36,73,74,1,1046.0,2
2026-08-25,12304,Poorva Express,BARH,Barh,13,07:49,07:51,82,85,2,1064.0,2
2026-08-25,12304,Poorva Express,MKA,Mokameh Jn,14,08:10,08:12,79,79,1,1089.0,2
2026-08-25,12304,Poorva Express,KIUL,Kiul Jn,15,09:08,09:10,68,69,5,1123.0,2
2026-08-25,12304,Poorva Express,JMU,Jamui,16,09:39,09:41,68,69,2,1151.0,2
2026-08-25,12304,Poorva Express,JAJ,Jhajha,17,10:55,11:00,5,21,2,1177.0,2
2026-08-25,12304,Poorva Express,JSME,Jasidih Jn,18,11:31,11:35,30,30,1,1221.0,2
2026-08-25,12304,Poorva Express,MDP,Madhupur Jn,19,11:55,11:57,29,31,3,1250.0,2
2026-08-25,12304,Poorva Express,JMT,Jamtara,20,12:27,12:29,29,29,2,1292.0,2
2026-08-25,12304,Poorva Express,CRJ,Chittaranjan,21,12:40,12:42,32,32,2,1307.0,2
2026-08-25,12304,Poorva Express,ASN,Asansol Jn,22,13:16,13:26,28,26,5,1332.0,2
2026-08-25,12304,Poorva Express,DGR,Durgapur,23,13:54,13:56,37,38,4,1374.0,2
2026-08-25,12304,Poorva Express,BWN,Barddhaman Jn,24,15:03,15:05,17,24,5,1437.0,2
2026-08-25,12304,Poorva Express,HWH,Howrah Jn,25,17:00,,4,,14,1531.0,2
2026-08-25,12309,Rjpb Tejas Raj,PNBE,Patna Jn,2,19:23,19:30,4,5,1,3.0,1
2026-08-25,12309,Rjpb Tejas Raj,DDU,Dd Upadhyaya Jn,4,22:13,22:20,2,3,4,215.0,1
2026-08-25,12309,Rjpb Tejas Raj,PRYJ,Prayagraj Jn.,5,00:10,00:12,,5,1,367.0,2
2026-08-25,12309,Rjpb Tejas Raj,CNB,Kanpur Central,6,02:15,02:20,6,7,1,562.0,2
2026-08-25,12309,Rjpb Tejas Raj,NDLS,New Delhi,7,07:40,,4,,7,1003.0,2
2026-08-25,12677,Ernakulam Exp,BNC,Bengaluru Cant,2,06:21,06:22,7,8,2,4.0,1
2026-08-25,12677,Ernakulam Exp,CRLM,Carmelaram,3,06:41,06:42,19,21,2,24.0,1
2026-08-25,12677,Ernakulam Exp,HSRA,Hosur,4,07:11,07:12,29,31,2,59.0,1
2026-08-25,12677,Ernakulam Exp,DPJ,Dharmapuri,5,08:40,08:42,22,24,2,152.0,1
2026-08-25,12677,Ernakulam Exp,SA,Salem Jn,6,10:02,10:05,24,25,4,218.0,1
2026-08-25,12677,Ernakulam Exp,SGE,Sankaridurg,7,10:39,10:40,18,20,1,256.0,1
2026-08-25,12677,Ernakulam Exp,ED,Erode Jn,8,11:05,11:15,16,17,2,277.0,1
2026-08-25,12677,Ernakulam Exp,TUP,Tiruppur,9,11:58,12:00,19,21,1,328.0,1
2026-08-25,12677,Ernakulam Exp,CBE,Coimbatore Jn,10,12:57,13:00,9,12,1,378.0,1
2026-08-25,12677,Ernakulam Exp,PGT,Palakkad Jn,11,14:02,14:05,12,15,3,434.0,1
2026-08-25,12677,Ernakulam Exp,TCR,Thrisur,12,15:27,15:30,16,19,1,509.0,1
2026-08-25,12677,Ernakulam Exp,AWY,Aluva,13,16:13,16:15,21,22,1,564.0,1
2026-08-25,12677,Ernakulam Exp,ERS,Ernakulam Jn,14,17:10,,6,,4,583.0,1
2026-08-25,12480,Suryanagari Exp,BVI,Borivali,2,13:42,13:45,9,13,6,19.0,1
2026-08-25,12480,Suryanagari Exp,VAPI,Vapi,3,15:18,15:20,16,19,1,159.0,1
2026-08-25,12480,Suryanagari Exp,ST,Surat,4,16:40,16:45,9,10,1,252.0,1
2026-08-25,12480,Suryanagari Exp,BRC,Vadodara Jn,5,18:16,18:21,9,10,4,381.0,1
2026-08-25,12480,Suryanagari Exp,ADI,Ahmedabad Jn,6,20:25,20:35,1,10,1,481.0,1
2026-08-25,12480,Suryanagari Exp,MSH,Mahesana Jn,7,21:48,21:50,21,23,4,548.0,1
2026-08-25,12480,Suryanagari Exp,PNU,Palanpur Jn,8,23:23,23:25,,2,2,614.0,1
2026-08-25,12480,Suryanagari Exp,ABR,Abu Road,9,00:01,00:11,11,9,1,666.0,2
2026-08-25,12480,Suryanagari Exp,PDWA,Pindwara,10,00:43,00:45,11,12,1,710.0,2
2026-08-25,12480,Suryanagari Exp,FA,Falna,12,01:35,01:37,10,12,2,765.0,2
2026-08-25,12480,Suryanagari Exp,RANI,Rani,13,01:50,01:52,11,11,1,780.0,2
2026-08-25,12480,Suryanagari Exp,MJ,Marwar Jn,14,02:45,02:50,,4,1,831.0,2
2026-08-25,12480,Suryanagari Exp,PMY,Pali Marwar,15,03:18,03:23,1,4,1,861.0,2
2026-08-25,12480,Suryanagari Exp,LUNI,Luni Jn,16,03:59,04:02,15,17,2,903.0,2
2026-08-25,12480,Suryanagari Exp,JU,Jodhpur Jn,17,05:15,,5,,2,935.0,2
2026-08-25,12711,Pinakini Sf Exp,TEL,Tenali Jn,2,06:33,06:35,8,9,3,32.0,1
2026-08-25,12711,Pinakini Sf Exp,NDO,Nidubrolu,3,06:53,06:55,12,13,3,54.0,1
2026-08-25,12711,Pinakini Sf Exp,BPP,Bapatla,4,07:13,07:15,15,18,2,74.0,1
2026-08-25,12711,Pinakini Sf Exp,CLX,Chirala,5,07:28,07:30,14,15,3,89.0,1
2026-08-25,12711,Pinakini Sf Exp,OGL,Ongole,6,08:13,08:15,15,18,3,139.0,1
2026-08-25,12711,Pinakini Sf Exp,SKM,Singarayakonda,7,08:33,08:35,20,21,2,167.0,1
2026-08-25,12711,Pinakini Sf Exp,KVZ,Kavali,8,08:58,09:00,17,20,3,204.0,1
2026-08-25,12711,Pinakini Sf Exp,BTTR,Bitragunta,9,09:18,09:20,27,28,2,221.0,1
2026-08-25,12711,Pinakini Sf Exp,NLR,Nellore,10,09:48,09:50,32,34,3,255.0,1
2026-08-25,12711,Pinakini Sf Exp,GDR,Gudur Jn,11,10:28,10:30,21,23,1,293.0,1
2026-08-25,12711,Pinakini Sf Exp,NYP,Nayudupeta,12,10:53,10:55,20,22,2,321.0,1
2026-08-25,12711,Pinakini Sf Exp,SPE,Sullurupeta,13,11:13,11:15,22,23,2,348.0,1
2026-08-25,12711,Pinakini Sf Exp,MAS,Mgr Chennai Ctl,14,13:05,,17,,5,431.0,1
2026-08-25,12607,Lalbagh Sf Exp,PER,Perambur,2,15:43,15:45,9,10,2,6.0,1
2026-08-25,12607,Lalbagh Sf Exp,AJJ,Arakkonam Jn,3,16:28,16:30,17,18,4,69.0,1
2026-08-25,12607,Lalbagh Sf Exp,SHU,Sholinghur,4,16:46,16:48,17,19,1,90.0,1
2026-08-25,12607,Lalbagh Sf Exp,WJR,Walajah Road Jn,5,17:03,17:05,19,22,1,105.0,1
2026-08-25,12607,Lalbagh Sf Exp,KPD,Katpadi Jn,6,17:28,17:30,23,27,1,130.0,1
2026-08-25,12607,Lalbagh Sf Exp,AB,Ambur,7,18:08,18:10,28,30,3,182.0,1
2026-08-25,12607,Lalbagh Sf Exp,JTJ,Jolarpettai,8,18:53,18:55,14,22,2,214.0,1
2026-08-25,12607,Lalbagh Sf Exp,KPN,Kuppam,9,19:30,19:31,23,25,2,257.0,1
2026-08-25,12607,Lalbagh Sf Exp,BWT,Bangarapet,10,19:58,19:59,25,29,3,292.0,1
2026-08-25,12607,Lalbagh Sf Exp,KJM,Krishnarajapurm,11,20:44,20:45,40,41,4,348.0,1
2026-08-25,12607,Lalbagh Sf Exp,BNC,Bengaluru Cant,12,21:04,21:05,50,55,1,358.0,1
2026-08-25,12607,Lalbagh Sf Exp,SBC,KSR Bengaluru,13,21:55,,38,,2,362.0,1
2026-08-25,12101,Jnaneshwari Exp,KYN,Kalyan Jn,2,21:12,21:15,65,71,4,38.0,1
2026-08-25,12101,Jnaneshwari Exp,BSL,Bhusaval Jn,3,02:50,02:55,89,94,6,429.0,2
2026-08-25,12101,Jnaneshwari Exp,AK,Akola Jn,4,04:50,04:55,89,89,2,569.0,2
2026-08-25,12101,Jnaneshwari Exp,BD,Badnera Jn,5,06:20,06:23,67,68,2,647.0,2
2026-08-25,12101,Jnaneshwari Exp,NGP,Nagpur,6,09:35,09:40,42,52,6,821.0,2
2026-08-25,12101,Jnaneshwari Exp,G,Gondia Jn,7,11:18,11:20,52,55,4,951.0,2
2026-08-25,12101,Jnaneshwari Exp,RJN,Raj Nandgaon,8,12:40,12:42,54,55,1,1056.0,2
2026-08-25,12101,Jnaneshwari Exp,DURG,Durg,9,13:30,13:35,40,50,4,1087.0,2
2026-08-25,12101,Jnaneshwari Exp,R,Raipur Jn,10,14:10,14:15,57,60,5,1124.0,2
2026-08-25,12101,Jnaneshwari Exp,BSP,Bilaspur Jn,11,16:05,16:20,53,57,1,1234.0,2
2026-08-25,12101,Jnaneshwari Exp,JSG,Jharsuguda Jn,12,19:15,19:17,102,105,2,1438.0,2
2026-08-25,12101,Jnaneshwari Exp,ROU,Rourkela,13,20:42,20:50,135,142,4,1539.0,2
2026-08-25,12101,Jnaneshwari Exp,CKP,Chakradharpur,14,22:15,22:20,149,151,2,1640.0,2
2026-08-25,12101,Jnaneshwari Exp,TATA,Tatanagar Jn,15,23:13,23:20,181,187,4,1703.0,2
2026-08-25,12101,Jnaneshwari Exp,KGP,Kharagpur Jn,16,01:25,01:30,194,194,6,1837.0,3
2026-08-25,12101,Jnaneshwari Exp,SRC,Santragachi Jn,17,03:03,03:05,205,206,2,1945.0,3
2026-08-25,12101,Jnaneshwari Exp,SHM,Shalimar,18,04:35,,194,,1,1950.0,3
2026-08-25,12619,Matsyagandha Exp,MNI,Mangaon,4,17:44,17:46,21,24,2,173.0,1
2026-08-25,12619,Matsyagandha Exp,KHED,Khed,5,19:20,19:22,47,51,1,268.0,1
2026-08-25,12619,Matsyagandha Exp,CHI,Chiplun,6,20:00,20:02,47,52,2,309.0,1
2026-08-25,12619,Matsyagandha Exp,RN,Ratnagiri,7,21:30,21:35,61,73,1,415.0,1
2026-08-25,12619,Matsyagandha Exp,KUDL,Kudal,8,23:48,23:50,114,120,1,610.0,1
2026-08-25,12619,Matsyagandha Exp,MAO,Madgaon,9,02:25,02:35,100,105,3,750.0,2
2026-08-25,12619,Matsyagandha Exp,KAWR,Karwar,10,03:36,03:38,103,106,2,832.0,2
2026-08-25,12619,Matsyagandha Exp,ANKL,Ankola,11,04:04,04:06,104,107,1,871.0,2
2026-08-25,12619,Matsyagandha Exp,GOK,Gokarna Road,12,04:20,04:22,103,104,1,882.0,2
2026-08-25,12619,Matsyagandha Exp,KT,Kumta,13,04:40,04:42,110,112,1,909.0,2
2026-08-25,12619,Matsyagandha Exp,HNA,Honnavar,14,05:00,05:02,107,110,1,928.0,2
2026-08-25,12619,Matsyagandha Exp,MRDW,Murdeshwar,15,05:34,05:36,104,107,1,965.0,2
2026-08-25,12619,Matsyagandha Exp,BTJL,Bhatkal,16,05:50,05:52,106,110,1,985.0,2
2026-08-25,12619,Matsyagandha Exp,BYNR,Mookambika Road,17,06:10,06:12,104,105,1,1007.0,2
2026-08-25,12619,Matsyagandha Exp,KUDA,Kundapura,18,07:00,07:02,93,96,1,1054.0,2
2026-08-25,12619,Matsyagandha Exp,BKJ,Barkur,19,07:16,07:18,96,99,1,1076.0,2
2026-08-25,12619,Matsyagandha Exp,UD,Udupi,20,07:30,07:32,100,103,1,1099.0,2
2026-08-25,12619,Matsyagandha Exp,MULK,Mulki,21,08:18,08:20,87,92,1,1145.0,2
2026-08-25,12619,Matsyagandha Exp,SL,Surathkal,22,08:32,08:34,90,92,1,1158.0,2
2026-08-25,12619,Matsyagandha Exp,MAQ,Mangaluru Cntl,23,10:20,,47,,3,1186.0,2
2026-08-25,12954,Ak Tejas Raj Ex,MTJ,Mathura Jn,2,18:43,18:45,6,9,3,134.0,1
2026-08-25,12954,Ak Tejas Raj Ex,SWM,Sawai Madhopur,3,20:48,20:50,11,13,2,350.0,1
2026-08-25,12954,Ak Tejas Raj Ex,KOTA,Kota Jn,4,22:00,22:10,12,13,2,458.0,1
2026-08-25,12954,Ak Tejas Raj Ex,RTM,Ratlam Jn,5,01:05,01:07,6,10,4,724.0,2
2026-08-25,12954,Ak Tejas Raj Ex,BRC,Vadodara Jn,7,04:29,04:39,5,7,1,986.0,2
2026-08-25,12954,Ak Tejas Raj Ex,BH,Bharuch Jn,8,05:26,05:28,7,8,4,1056.0,2
2026-08-25,12954,Ak Tejas Raj Ex,ST,Surat,9,06:13,06:18,6,8,2,1115.0,2
2026-08-25,12954,Ak Tejas Raj Ex,BL,Valsad,10,07:03,07:05,6,10,3,1183.0,2
2026-08-25,12954,Ak Tejas Raj Ex,VAPI,Vapi,11,07:23,07:25,17,17,2,1207.0,2
2026-08-25,12954,Ak Tejas Raj Ex,BVI,Borivali,12,09:08,09:10,18,20,7,1347.0,2
2026-08-25,12954,Ak Tejas Raj Ex,MMCT,Mumbai Central,13,10:05,,9,,2,1377.0,2
2026-08-25,12620,Matsyaganda Exp,SL,Surathkal,2,13:32,13:34,30,31,1,29.0,1
2026-08-25,12620,Matsyaganda Exp,MULK,Mulki,3,13:42,13:44,33,34,1,41.0,1
2026-08-25,12620,Matsyaganda Exp,UD,Udupi,4,14:10,14:12,45,48,1,87.0,1
2026-08-25,12620,Matsyaganda Exp,BKJ,Barkur,5,14:24,14:26,50,52,1,110.0,1
2026-08-25,12620,Matsyaganda Exp,KUDA,Kundapura,6,14:40,14:42,53,57,1,132.0,1
2026-08-25,12620,Matsyaganda Exp,BYNR,Mookambika Road,7,15:12,15:14,58,59,1,179.0,1
2026-08-25,12620,Matsyaganda Exp,BTJL,Bhatkal,8,15:26,15:28,64,66,1,201.0,1
2026-08-25,12620,Matsyaganda Exp,MRDW,Murdeshwar,9,15:46,15:48,64,69,1,222.0,1
2026-08-25,12620,Matsyaganda Exp,HNA,Honnavar,10,16:08,16:10,72,75,1,258.0,1
2026-08-25,12620,Matsyaganda Exp,KT,Kumta,11,16:26,16:28,75,78,1,278.0,1
2026-08-25,12620,Matsyaganda Exp,GOK,Gokarna Road,12,16:46,16:48,88,89,1,304.0,1
2026-08-25,12620,Matsyaganda Exp,ANKL,Ankola,13,17:00,17:02,89,92,1,316.0,1
2026-08-25,12620,Matsyaganda Exp,KAWR,Karwar,14,17:30,17:32,91,94,1,355.0,1
2026-08-25,12620,Matsyaganda Exp,MAO,Madgaon,15,19:30,19:40,58,68,2,437.0,1
2026-08-25,12620,Matsyaganda Exp,KUDL,Kudal,16,21:10,21:12,96,99,1,576.0,1
2026-08-25,12620,Matsyaganda Exp,RN,Ratnagiri,17,23:30,23:35,109,114,1,771.0,1
2026-08-25,12620,Matsyaganda Exp,CHI,Chiplun,18,01:00,01:02,120,127,1,877.0,2
2026-08-25,12620,Matsyaganda Exp,PNVL,Panvel,19,04:47,04:50,112,,5,1133.0,2
2026-08-25,12301,Rajdhani Expres,ASN,Asansol Jn,2,18:47,18:49,5,6,4,200.0,1
2026-08-25,12301,Rajdhani Expres,DHN,Dhanbad Jn,3,19:55,20:00,,3,3,259.0,1
2026-08-25,12301,Rajdhani Expres,PNME,Parasnath,4,20:30,20:32,7,8,3,306.0,1
2026-08-25,12301,Rajdhani Expres,GAYA,Gaya Jn,5,22:32,22:35,4,6,1,458.0,1
2026-08-25,12301,Rajdhani Expres,DDU,Dd Upadhyaya Jn,6,00:43,00:50,12,11,7,661.0,2
2026-08-25,12301,Rajdhani Expres,PRYJ,Prayagraj Jn.,7,02:43,02:45,17,19,1,813.0,2
2026-08-25,12301,Rajdhani Expres,CNB,Kanpur Central,8,04:45,04:50,18,20,1,1008.0,2
2026-08-25,12301,Rajdhani Expres,NDLS,New Delhi,9,10:05,,14,,14,1449.0,2
2026-08-25,12420,Gomti Express,GZB,Ghaziabad,2,13:29,13:31,44,48,2,26.0,1
2026-08-25,12420,Gomti Express,KRJ,Khurja Jn,3,14:16,14:18,59,66,3,89.0,1
2026-08-25,12420,Gomti Express,ALJN,Aligarh Jn,4,14:46,14:51,78,82,2,132.0,1
2026-08-25,12420,Gomti Express,HRS,Hathras Jn,5,15:08,15:10,78,79,1,162.0,1
2026-08-25,12420,Gomti Express,TDL,Tundla Jn,6,15:55,15:57,45,50,5,210.0,1
2026-08-25,12420,Gomti Express,FZD,Firozabad,7,16:13,16:15,50,52,2,226.0,1
2026-08-25,12420,Gomti Express,SKB,Shikohabad Jn,8,16:35,16:37,47,52,2,246.0,1
2026-08-25,12420,Gomti Express,ETW,Etawah Jn,9,17:10,17:12,53,56,3,302.0,1
2026-08-25,12420,Gomti Express,BNT,Bharthana,10,17:30,17:31,53,55,2,322.0,1
2026-08-25,12420,Gomti Express,PHD,Phaphund,11,17:54,17:55,60,64,2,358.0,1
2026-08-25,12420,Gomti Express,JJK,Jhinjhak,12,18:09,18:10,65,69,2,378.0,1
2026-08-25,12420,Gomti Express,RURA,Rura,13,18:25,18:26,69,72,2,397.0,1
2026-08-25,12420,Gomti Express,PNKD,Panki Dham,14,19:00,19:02,76,79,1,430.0,1
2026-08-25,12420,Gomti Express,CNB,Kanpur Central,15,19:45,19:50,52,57,9,441.0,1
2026-08-25,12420,Gomti Express,ON,Unnao Jn,16,20:16,20:18,60,61,3,458.0,1
2026-08-25,12420,Gomti Express,LKO,Lucknow Nr,17,21:30,,73,,2,515.0,1
2026-08-25,12608,Lalbagh Sf Exp,BNC,Bengaluru Cant,2,06:35,06:37,9,9,2,5.0,1
2026-08-25,12608,Lalbagh Sf Exp,KJM,Krishnarajapurm,3,06:49,06:51,9,9,2,15.0,1
2026-08-25,12608,Lalbagh Sf Exp,BWT,Bangarapet,4,07:29,07:30,14,16,4,71.0,1
2026-08-25,12608,Lalbagh Sf Exp,KPN,Kuppam,5,07:54,07:55,14,17,1,105.0,1
2026-08-25,12608,Lalbagh Sf Exp,JTJ,Jolarpettai,6,08:38,08:40,11,15,5,149.0,1
2026-08-25,12608,Lalbagh Sf Exp,AB,Ambur,7,09:05,09:07,13,15,2,180.0,1
2026-08-25,12608,Lalbagh Sf Exp,KPD,Katpadi Jn,8,09:48,09:50,20,23,2,232.0,1
2026-08-25,12608,Lalbagh Sf Exp,WJR,Walajah Road Jn,9,10:08,10:10,21,23,2,257.0,1
2026-08-25,12608,Lalbagh Sf Exp,SHU,Sholinghur,10,10:23,10:25,20,21,2,272.0,1
2026-08-25,12608,Lalbagh Sf Exp,AJJ,Arakkonam Jn,11,10:43,10:45,23,25,5,293.0,1
2026-08-25,12608,Lalbagh Sf Exp,PER,Perambur,12,11:33,11:35,27,28,1,356.0,1
2026-08-25,12608,Lalbagh Sf Exp,MAS,Mgr Chennai Ctl,13,12:20,,2,,9,362.0,1
2026-08-25,12555,Gorakhdham Exp,KLD,Khalilabad,2,16:54,16:56,16,18,1,35.0,1
2026-08-25,12555,Gorakhdham Exp,BST,Basti,3,17:19,17:22,22,23,1,65.0,1
2026-08-25,12555,Gorakhdham Exp,BV,Babhnan,4,17:46,17:48,25,27,1,95.0,1
2026-08-25,12555,Gorakhdham Exp,MUR,Mankapur Jn,5,18:13,18:15,28,28,2,126.0,1
2026-08-25,12555,Gorakhdham Exp,GD,Gonda Jn,6,18:50,18:55,31,33,1,154.0,1
2026-08-25,12555,Gorakhdham Exp,BBK,Barabanki Jn,7,20:33,20:35,37,42,3,243.0,1
2026-08-25,12555,Gorakhdham Exp,ON,Unnao Jn,10,22:36,22:38,61,62,2,327.0,1
2026-08-25,12555,Gorakhdham Exp,CNB,Kanpur Central,11,23:18,23:23,58,68,7,345.0,1
2026-08-25,12555,Gorakhdham Exp,NDLS,New Delhi,12,05:15,05:30,59,61,5,785.0,2
2026-08-25,12555,Gorakhdham Exp,SSB,Shakurbasti,13,05:53,05:55,73,74,5,797.0,2
2026-08-25,12555,Gorakhdham Exp,NNO,Nangloi,14,06:03,06:05,76,76,1,804.0,2
2026-08-25,12555,Gorakhdham Exp,BGZ,Bahadurgarh,15,06:16,06:18,78,79,1,816.0,2
2026-08-25,12555,Gorakhdham Exp,ROK,Rohtak Jn,16,06:48,06:50,79,80,2,856.0,2
2026-08-25,12555,Gorakhdham Exp,KLNK,Kalanaur Kalan,17,07:20,07:22,69,71,1,877.0,2
2026-08-25,12555,Gorakhdham Exp,BNW,Bhiwani,18,08:20,08:50,70,80,3,906.0,2
2026-08-25,12555,Gorakhdham Exp,HSR,Hisar,19,09:35,09:40,77,78,2,966.0,2
2026-08-25,12555,Gorakhdham Exp,BHT,Bhattu,21,10:13,10:15,79,78,1,1012.0,2
2026-08-25,12555,Gorakhdham Exp,SSA,Sirsa,22,10:40,10:45,81,80,2,1047.0,2
2026-08-25,12555,Gorakhdham Exp,BTI,Bathinda Jn,23,12:25,,41,,4,1123.0,2
2026-08-25,12203,Garib Rath Exp,SBV,S Bakhtiyarpur,2,14:49,14:51,44,46,1,17.0,1
2026-08-25,12203,Garib Rath Exp,KGG,Khagaria Jn,3,15:50,15:52,42,45,1,54.0,1
2026-08-25,12203,Garib Rath Exp,BGS,Begu Sarai,4,16:24,16:26,59,61,1,94.0,1
2026-08-25,12203,Garib Rath Exp,BJU,Barauni Jn,5,16:50,17:00,62,63,6,109.0,1
2026-08-25,12203,Garib Rath Exp,DSS,Dalsingh Sarai,6,17:28,17:30,70,72,1,137.0,1
2026-08-25,12203,Garib Rath Exp,SPJ,Samastipur Jn,7,17:50,17:55,77,78,7,160.0,1
2026-08-25,12203,Garib Rath Exp,MFP,Muzaffarpur Jn,8,18:50,18:55,87,89,2,212.0,1
2026-08-25,12203,Garib Rath Exp,HJP,Hajipur Jn,9,19:43,19:48,92,92,3,266.0,1
2026-08-25,12203,Garib Rath Exp,CPR,Chhapra,10,21:20,21:25,71,77,1,325.0,1
2026-08-25,12203,Garib Rath Exp,SV,Siwan Jn,11,22:15,22:20,80,81,3,386.0,1
2026-08-25,12203,Garib Rath Exp,DEOS,Deoria Sadar,12,23:15,23:17,79,81,2,455.0,1
2026-08-25,12203,Garib Rath Exp,GKP,Gorakhpur Jn,13,00:35,00:45,85,90,1,505.0,2
2026-08-25,12203,Garib Rath Exp,LKO,Lucknow Nr,14,05:55,06:05,81,91,6,783.0,2
2026-08-25,12203,Garib Rath Exp,HRI,Hardoi,15,07:33,07:35,99,102,1,885.0,2
2026-08-25,12203,Garib Rath Exp,BE,Bareilly,16,09:28,09:31,127,136,2,1018.0,2
2026-08-25,12203,Garib Rath Exp,MB,Moradabad,17,11:02,11:10,146,149,5,1109.0,2
2026-08-25,12203,Garib Rath Exp,HPU,Hapur,18,12:27,12:29,169,172,1,1213.0,2
2026-08-25,12203,Garib Rath Exp,UMB,Ambala Cant Jn,20,16:49,16:54,235,239,7,1467.0,2
2026-08-25,12203,Garib Rath Exp,LDH,Ludhiana Jn,21,19:10,19:20,211,210,2,1581.0,2
2026-08-25,12203,Garib Rath Exp,PGW,Phagwara Jn,22,19:54,19:56,218,219,2,1616.0,2
2026-08-25,12203,Garib Rath Exp,JUC,Jalandhar City,23,20:30,20:35,207,205,1,1637.0,2
2026-08-25,12203,Garib Rath Exp,BEAS,Beas,24,21:05,21:07,204,206,1,1674.0,2
2026-08-25,12203,Garib Rath Exp,ASR,Amritsar Jn,25,22:05,,195,,7,1716.0,2
2026-08-25,12230,Lucknow Mail,GZB,Ghaziabad,2,22:43,22:45,8,17,1,26.0,1
2026-08-25,12230,Lucknow Mail,HPU,Hapur,3,23:21,23:26,18,19,2,63.0,1
2026-08-25,12230,Lucknow Mail,MB,Moradabad,4,01:05,01:15,2,8,1,167.0,2
2026-08-25,12230,Lucknow Mail,RMU,Rampur,5,01:43,01:45,15,18,1,194.0,2
2026-08-25,12230,Lucknow Mail,BE,Bareilly,6,02:34,02:39,30,35,1,258.0,2
2026-08-25,12230,Lucknow Mail,SPN,Shahjehanpur,7,03:42,03:44,34,36,1,328.0,2
2026-08-25,12230,Lucknow Mail,HRI,Hardoi,8,04:32,04:34,39,43,3,391.0,2
2026-08-25,12230,Lucknow Mail,AMG,Alamnagar,9,06:16,06:17,18,29,1,487.0,2
2026-08-25,12308,Ju Hwh Sf Exp,MTD,Merta Road Junction,2,00:58,01:03,13,14,2,105.0,2
2026-08-25,12308,Ju Hwh Sf Exp,DNA,Degana Jn,3,01:36,01:39,14,14,3,149.0,2
2026-08-25,12308,Ju Hwh Sf Exp,MKN,Makrana Jn,4,02:10,02:13,13,14,1,193.0,2
2026-08-25,12308,Ju Hwh Sf Exp,KMNC,Kuchaman City,5,02:26,02:28,17,16,1,207.0,2
2026-08-25,12308,Ju Hwh Sf Exp,NAC,Nawa City,6,02:42,02:44,14,15,2,223.0,2
2026-08-25,12308,Ju Hwh Sf Exp,JP,Jaipur,7,04:30,04:40,11,29,1,313.0,2
2026-08-25,12308,Ju Hwh Sf Exp,BTE,Bharatpur Jn,9,07:25,07:30,23,24,1,500.0,2
2026-08-25,12308,Ju Hwh Sf Exp,AH,Achhnera Jn,10,07:50,07:52,32,34,1,528.0,2
2026-08-25,12308,Ju Hwh Sf Exp,TDL,Tundla Jn,12,09:50,09:55,4,15,7,576.0,2
2026-08-25,12308,Ju Hwh Sf Exp,ETW,Etawah Jn,13,10:55,10:57,21,23,3,668.0,2
2026-08-25,12308,Ju Hwh Sf Exp,CNB,Kanpur Central,14,13:00,13:10,13,24,6,808.0,2
2026-08-25,12308,Ju Hwh Sf Exp,FTP,Fatehpur,15,14:10,14:12,41,42,2,886.0,2
2026-08-25,12308,Ju Hwh Sf Exp,PRYJ,Prayagraj Jn.,16,15:40,15:45,73,77,5,1002.0,2
2026-08-25,12308,Ju Hwh Sf Exp,MZP,Mirzapur,17,16:48,16:50,101,104,2,1092.0,2
2026-08-25,12308,Ju Hwh Sf Exp,DDU,Dd Upadhyaya Jn,18,18:13,18:20,101,103,1,1155.0,2
2026-08-25,12308,Ju Hwh Sf Exp,BBU,Bhabua Road,19,19:00,19:02,111,112,3,1207.0,2
2026-08-25,12308,Ju Hwh Sf Exp,SSM,Sasaram,20,19:30,19:32,117,119,3,1255.0,2
2026-08-25,12308,Ju Hwh Sf Exp,DOS,Dehri On Sone,21,19:50,19:52,120,120,4,1273.0,2
2026-08-25,12308,Ju Hwh Sf Exp,AUBR,Anugraha N Road,22,20:08,20:10,121,121,3,1289.0,2
2026-08-25,12308,Ju Hwh Sf Exp,RFJ,Rafiganj,23,20:28,20:30,127,128,3,1320.0,2
2026-08-25,12308,Ju Hwh Sf Exp,GAYA,Gaya Jn,24,21:10,21:15,123,124,3,1358.0,2
2026-08-25,12308,Ju Hwh Sf Exp,KQR,Koderma Jn,25,22:24,22:26,128,129,3,1434.0,2
2026-08-25,12308,Ju Hwh Sf Exp,PNME,Parasnath,26,23:08,23:10,138,139,2,1509.0,2
2026-08-25,12308,Ju Hwh Sf Exp,DHN,Dhanbad Jn,27,00:05,00:15,120,122,1,1557.0,3
2026-08-25,12308,Ju Hwh Sf Exp,ASN,Asansol Jn,28,01:29,01:34,100,102,5,1615.0,3
2026-08-25,12308,Ju Hwh Sf Exp,BWN,Barddhaman Jn,29,03:00,03:02,106,108,5,1721.0,3
2026-08-25,12308,Ju Hwh Sf Exp,HWH,Howrah Jn,30,04:55,,98,,8,1815.0,3
2026-08-25,12397,Mahabodhi Exp,GRRU,Guraru,2,14:19,14:21,8,10,1,22.0,1
2026-08-25,12397,Mahabodhi Exp,RFJ,Rafiganj,3,14:33,14:35,14,14,2,38.0,1
2026-08-25,12397,Mahabodhi Exp,AUBR,Anugraha N Road,4,14:54,14:56,20,23,2,69.0,1
2026-08-25,12397,Mahabodhi Exp,DOS,Dehri On Sone,5,15:12,15:14,25,26,3,86.0,1
2026-08-25,12397,Mahabodhi Exp,SSM,Sasaram,6,15:26,15:28,29,33,2,103.0,1
2026-08-25,12397,Mahabodhi Exp,KTQ,Kudra,7,15:44,15:46,32,34,2,129.0,1
2026-08-25,12397,Mahabodhi Exp,BBU,Bhabua Road,8,16:00,16:02,38,40,2,151.0,1
2026-08-25,12397,Mahabodhi Exp,DDU,Dd Upadhyaya Jn,10,17:13,17:20,19,18,3,204.0,1
2026-08-25,12397,Mahabodhi Exp,BDL,Vindhyachal,11,18:30,18:32,16,19,3,274.0,1
2026-08-25,12397,Mahabodhi Exp,PRYJ,Prayagraj Jn.,12,19:30,19:40,27,27,3,356.0,1
2026-08-25,12397,Mahabodhi Exp,BRE,Bharwari,13,20:08,20:10,32,35,2,393.0,1
2026-08-25,12397,Mahabodhi Exp,CNB,Kanpur Central,14,22:05,22:10,33,38,2,550.0,1
2026-08-25,12397,Mahabodhi Exp,ALJN,Aligarh Jn,15,01:28,01:30,46,49,3,858.0,2
2026-08-25,12397,Mahabodhi Exp,NDLS,New Delhi,16,04:10,,9,,9,989.0,2
2026-08-25,12307,Hwh Ju Express,BWN,Barddhaman Jn,2,00:22,00:24,19,21,1,95.0,2
2026-08-25,12307,Hwh Ju Express,ASN,Asansol Jn,3,01:55,01:59,10,16,4,200.0,2
2026-08-25,12307,Hwh Ju Express,DHN,Dhanbad Jn,4,03:20,03:25,2,13,2,259.0,2
2026-08-25,12307,Hwh Ju Express,PNME,Parasnath,5,04:00,04:02,15,17,3,306.0,2
2026-08-25,12307,Hwh Ju Express,KQR,Koderma Jn,6,04:52,04:54,20,23,4,382.0,2
2026-08-25,12307,Hwh Ju Express,GAYA,Gaya Jn,7,06:25,06:30,15,18,1,458.0,2
2026-08-25,12307,Hwh Ju Express,RFJ,Rafiganj,8,06:58,07:00,18,20,2,495.0,2
2026-08-25,12307,Hwh Ju Express,AUBR,Anugraha N Road,9,07:20,07:22,22,23,2,526.0,2
2026-08-25,12307,Hwh Ju Express,DOS,Dehri On Sone,10,07:38,07:40,21,24,3,543.0,2
2026-08-25,12307,Hwh Ju Express,SSM,Sasaram,11,07:56,07:58,22,25,2,561.0,2
2026-08-25,12307,Hwh Ju Express,BBU,Bhabua Road,12,08:36,08:38,19,22,2,608.0,2
2026-08-25,12307,Hwh Ju Express,DDU,Dd Upadhyaya Jn,13,09:43,09:50,11,16,8,661.0,2
2026-08-25,12307,Hwh Ju Express,MZP,Mirzapur,14,10:53,10:55,20,23,3,724.0,2
2026-08-25,12307,Hwh Ju Express,PRYJ,Prayagraj Jn.,15,12:15,12:20,17,23,1,813.0,2
2026-08-25,12307,Hwh Ju Express,FTP,Fatehpur,16,13:30,13:32,48,51,3,930.0,2
2026-08-25,12307,Hwh Ju Express,CNB,Kanpur Central,17,14:50,14:55,36,47,1,1008.0,2
2026-08-25,12307,Hwh Ju Express,ETW,Etawah Jn,18,16:25,16:27,62,66,2,1147.0,2
2026-08-25,12307,Hwh Ju Express,TDL,Tundla Jn,19,18:30,18:35,10,25,1,1239.0,2
2026-08-25,12307,Hwh Ju Express,AH,Achhnera Jn,21,20:00,20:02,53,56,1,1288.0,2
2026-08-25,12307,Hwh Ju Express,BTE,Bharatpur Jn,22,20:40,20:45,53,58,1,1315.0,2
2026-08-25,12307,Hwh Ju Express,JP,Jaipur,24,23:35,23:45,31,56,5,1503.0,2
2026-08-25,12307,Hwh Ju Express,NAC,Nawa City,25,01:25,01:27,49,51,1,1593.0,3
2026-08-25,12307,Hwh Ju Express,KMNC,Kuchaman City,26,01:41,01:43,55,56,4,1608.0,3
2026-08-25,12307,Hwh Ju Express,MKN,Makrana Jn,27,01:57,02:00,67,67,3,1622.0,3
2026-08-25,12307,Hwh Ju Express,DNA,Degana Jn,28,02:30,02:33,67,70,1,1666.0,3
2026-08-25,12307,Hwh Ju Express,MTD,Merta Road Junction,29,03:15,03:20,67,68,1,1711.0,3
2026-08-25,12307,Hwh Ju Express,JU,Jodhpur Jn,30,05:15,,21,,5,1815.0,3
2026-08-25,12204,Shc Garib Rath,BEAS,Beas,2,04:28,04:30,11,11,2,43.0,1
2026-08-25,12204,Shc Garib Rath,JUC,Jalandhar City,3,05:05,05:10,15,15,2,79.0,1
2026-08-25,12204,Shc Garib Rath,PGW,Phagwara Jn,4,05:28,05:30,17,19,1,100.0,1
2026-08-25,12204,Shc Garib Rath,DDL,Dhandari Kalan,5,06:20,06:30,17,18,2,143.0,1
2026-08-25,12204,Shc Garib Rath,UMB,Ambala Cant Jn,6,08:00,08:10,13,19,1,250.0,1
2026-08-25,12204,Shc Garib Rath,HPU,Hapur,8,12:16,12:18,43,49,2,504.0,1
2026-08-25,12204,Shc Garib Rath,MB,Moradabad,9,13:48,13:53,52,57,2,608.0,1
2026-08-25,12204,Shc Garib Rath,BE,Bareilly,10,15:11,15:13,79,83,1,698.0,1
2026-08-25,12204,Shc Garib Rath,HRI,Hardoi,11,16:51,16:53,108,114,3,831.0,1
2026-08-25,12204,Shc Garib Rath,LKO,Lucknow Nr,12,18:30,18:40,117,127,2,933.0,1
2026-08-25,12204,Shc Garib Rath,GKP,Gorakhpur Jn,13,00:02,00:12,89,92,3,1212.0,2
2026-08-25,12204,Shc Garib Rath,DEOS,Deoria Sadar,14,01:08,01:10,83,86,3,1261.0,2
2026-08-25,12204,Shc Garib Rath,SV,Siwan Jn,15,02:00,02:05,94,98,2,1331.0,2
2026-08-25,12204,Shc Garib Rath,CPR,Chhapra,16,03:05,03:10,87,92,4,1391.0,2
2026-08-25,12204,Shc Garib Rath,HJP,Hajipur Jn,17,04:27,04:32,97,97,4,1451.0,2
2026-08-25,12204,Shc Garib Rath,MFP,Muzaffarpur Jn,18,05:15,05:20,108,113,1,1504.0,2
2026-08-25,12204,Shc Garib Rath,SPJ,Samastipur Jn,19,06:20,06:25,122,124,4,1556.0,2
2026-08-25,12204,Shc Garib Rath,DSS,Dalsingh Sarai,20,06:38,06:40,133,135,2,1580.0,2
2026-08-25,12204,Shc Garib Rath,BJU,Barauni Jn,21,07:35,07:45,122,121,2,1607.0,2
2026-08-25,12204,Shc Garib Rath,BGS,Begu Sarai,22,08:01,08:03,128,129,2,1622.0,2
2026-08-25,12204,Shc Garib Rath,KGG,Khagaria Jn,23,08:36,08:38,138,142,2,1663.0,2
2026-08-25,12204,Shc Garib Rath,SBV,S Bakhtiyarpur,24,10:16,10:18,99,106,1,1699.0,2
2026-08-25,12204,Shc Garib Rath,SHC,Saharsa Jn,25,11:20,,73,,1,1716.0,2
2026-08-25,12633,Kanyakumari Exp,TBM,Tambaram,2,17:45,17:47,3,4,7,25.0,1
2026-08-25,12633,Kanyakumari Exp,CGL,Chengalpattu,3,18:13,18:15,6,6,6,56.0,1
2026-08-25,12633,Kanyakumari Exp,MLMR,Melmaruvattur,4,18:38,18:40,15,15,3,92.0,1
2026-08-25,12633,Kanyakumari Exp,TMV,Tindivanam,5,19:03,19:05,14,16,1,122.0,1
2026-08-25,12633,Kanyakumari Exp,VM,Villupuram Jn,6,19:55,20:00,,4,5,159.0,1
2026-08-25,12633,Kanyakumari Exp,VRI,Vridhachalam Jn,7,20:42,20:44,9,10,3,213.0,1
2026-08-25,12633,Kanyakumari Exp,TPJ,Tiruchchirapali,8,22:25,22:30,,5,4,336.0,1
2026-08-25,12633,Kanyakumari Exp,DG,Dindigul Jn,9,23:27,23:30,7,11,4,431.0,1
2026-08-25,12633,Kanyakumari Exp,MDU,Madurai Jn,10,00:45,00:50,,8,2,497.0,2
2026-08-25,12633,Kanyakumari Exp,VPT,Virudunagar Jn,11,01:28,01:30,9,10,3,540.0,2
2026-08-25,12633,Kanyakumari Exp,TEN,Tirunelveli,13,03:10,03:15,,5,1,653.0,2
2026-08-25,12633,Kanyakumari Exp,VLY,Valliyur,14,03:56,03:58,4,5,2,695.0,2
2026-08-25,12633,Kanyakumari Exp,NCJ,Nagercoil Jn,15,04:40,04:45,3,6,1,727.0,2
2026-08-25,12302,Hwh Rajdhani,CNB,Kanpur Central,2,21:30,21:35,3,10,6,441.0,1
2026-08-25,12302,Hwh Rajdhani,PRYJ,Prayagraj Jn.,3,23:41,23:43,18,20,4,636.0,1
2026-08-25,12302,Hwh Rajdhani,DDU,Dd Upadhyaya Jn,4,01:33,01:40,20,21,1,788.0,2
2026-08-25,12302,Hwh Rajdhani,GAYA,Gaya Jn,5,03:57,04:00,24,24,3,991.0,2
2026-08-25,12302,Hwh Rajdhani,PNME,Parasnath,6,05:43,05:45,36,36,2,1143.0,2
2026-08-25,12302,Hwh Rajdhani,DHN,Dhanbad Jn,7,06:33,06:38,22,22,1,1190.0,2
2026-08-25,12302,Hwh Rajdhani,ASN,Asansol Jn,8,07:18,07:20,21,23,5,1249.0,2
2026-08-25,12302,Hwh Rajdhani,HWH,Howrah Jn,9,09:55,,20,,9,1449.0,2
2026-08-25,12816,Nandankanan Exp,ALJN,Aligarh Jn,2,09:05,09:07,9,11,3,119.0,1
2026-08-25,12816,Nandankanan Exp,TDL,Tundla Jn,3,10:13,10:15,,6,5,197.0,1
2026-08-25,12816,Nandankanan Exp,CNB,Kanpur Central,4,13:15,13:20,,5,5,428.0,1
2026-08-25,12816,Nandankanan Exp,DDU,Dd Upadhyaya Jn,8,18:28,18:35,278,279,1,775.0,1
2026-08-25,12816,Nandankanan Exp,SSM,Sasaram,9,19:48,19:50,295,299,3,875.0,1
2026-08-25,12816,Nandankanan Exp,DOS,Dehri On Sone,10,20:06,20:08,299,298,4,893.0,1
2026-08-25,12816,Nandankanan Exp,GAYA,Gaya Jn,11,21:25,21:30,302,308,3,978.0,1
2026-08-25,12816,Nandankanan Exp,KQR,Koderma Jn,12,22:40,22:42,313,314,3,1055.0,1
2026-08-25,12816,Nandankanan Exp,PNME,Parasnath,13,23:46,23:48,302,303,2,1130.0,1
2026-08-25,12816,Nandankanan Exp,GMO,Nsc Bose J Gomo,14,00:25,00:30,279,285,2,1148.0,2
2026-08-25,12816,Nandankanan Exp,VAA,Bhaga Jn,15,01:32,01:34,288,291,1,1188.0,2
2026-08-25,12816,Nandankanan Exp,BJE,Bhojudih Jn,16,01:58,02:00,289,294,2,1199.0,2
2026-08-25,12816,Nandankanan Exp,ADRA,Adra Jn,17,02:45,02:50,292,293,4,1229.0,2
2026-08-25,12816,Nandankanan Exp,BQA,Bankura,18,03:30,03:35,311,311,2,1282.0,2
2026-08-25,12816,Nandankanan Exp,MDN,Midnapore,20,05:06,05:08,300,303,1,1384.0,2
2026-08-25,12816,Nandankanan Exp,HIJ,Hijli,21,06:15,06:25,275,279,2,1407.0,2
2026-08-25,12816,Nandankanan Exp,JER,Jaleswar,22,07:13,07:15,284,287,3,1472.0,2
2026-08-25,12816,Nandankanan Exp,BLS,Balasore,23,07:50,07:55,289,293,2,1519.0,2
2026-08-25,12816,Nandankanan Exp,BHC,Bhadrak,24,09:10,09:12,277,281,2,1581.0,2
2026-08-25,12816,Nandankanan Exp,JJKR,Jajpur K Road,25,09:33,09:35,281,284,3,1625.0,2
2026-08-25,12816,Nandankanan Exp,CTC,Cuttack,26,11:00,11:05,289,290,3,1697.0,2
2026-08-25,12816,Nandankanan Exp,BBS,Bhubaneswar,27,11:40,11:45,289,294,4,1724.0,2
2026-08-25,12816,Nandankanan Exp,KUR,Khurda Road JN,28,12:05,12:10,299,300,5,1743.0,2
2026-08-25,12816,Nandankanan Exp,PURI,Puri,29,14:15,,311,,5,1787.0,2
2026-08-25,12956,Jp Mmct Sf Exp,DPA,Durgapura,2,14:09,14:12,6,7,1,8.0,1
2026-08-25,12956,Jp Mmct Sf Exp,SWM,Sawai Madhopur,3,15:50,16:05,,8,2,132.0,1
2026-08-25,12956,Jp Mmct Sf Exp,KOTA,Kota Jn,4,17:10,17:20,23,25,2,240.0,1
2026-08-25,12956,Jp Mmct Sf Exp,RMA,Ramganj Mandi,5,18:03,18:05,31,31,1,312.0,1
2026-08-25,12956,Jp Mmct Sf Exp,BWM,Bhawani Mandi,6,18:23,18:25,31,33,1,340.0,1
2026-08-25,12956,Jp Mmct Sf Exp,SGZ,Shamgarh,7,18:48,18:50,33,35,1,373.0,1
2026-08-25,12956,Jp Mmct Sf Exp,SVA,Suwasra,8,19:03,19:05,34,36,1,387.0,1
2026-08-25,12956,Jp Mmct Sf Exp,CMU,Chau Mahla,9,19:18,19:20,35,37,2,402.0,1
2026-08-25,12956,Jp Mmct Sf Exp,VMA,Vikramgarh Alot,10,19:43,19:45,25,27,1,425.0,1
2026-08-25,12956,Jp Mmct Sf Exp,NAD,Nagda Jn,11,20:35,20:37,13,19,2,465.0,1
2026-08-25,12956,Jp Mmct Sf Exp,RTM,Ratlam Jn,12,21:10,21:20,22,24,4,506.0,1
2026-08-25,12956,Jp Mmct Sf Exp,MGN,Meghnagar,13,22:21,22:23,33,33,2,586.0,1
2026-08-25,12956,Jp Mmct Sf Exp,DHD,Dahod,14,22:47,22:49,33,36,2,619.0,1
2026-08-25,12956,Jp Mmct Sf Exp,BRC,Vadodara Jn,15,00:56,01:06,18,18,1,767.0,2
2026-08-25,12956,Jp Mmct Sf Exp,AKV,Ankleshwar Jn,16,01:59,02:01,25,27,2,847.0,2
2026-08-25,12956,Jp Mmct Sf Exp,ST,Surat,17,02:48,02:53,14,16,2,896.0,2
2026-08-25,12956,Jp Mmct Sf Exp,VAPI,Vapi,18,03:58,04:00,19,22,2,989.0,2
2026-08-25,12956,Jp Mmct Sf Exp,BVI,Borivali,19,05:47,05:50,19,19,7,1129.0,2
2026-08-25,12956,Jp Mmct Sf Exp,MMCT,Mumbai Central,20,06:55,,1,,2,1159.0,2
2026-08-25,12560,Shiv Ganga Exp,CNB,Kanpur Central,2,01:00,01:05,15,23,6,441.0,2
2026-08-25,12560,Shiv Ganga Exp,PRYJ,Prayagraj Jn.,3,03:45,03:55,,9,5,636.0,2
2026-08-25,12560,Shiv Ganga Exp,GYN,Gyanpur Road,4,05:00,05:02,6,9,1,700.0,2
2026-08-25,12479,Surya Nagari Exp,LUNI,Luni Jn,2,20:09,20:12,14,15,2,32.0,1
2026-08-25,12479,Surya Nagari Exp,PMY,Pali Marwar,3,20:45,20:50,20,22,1,74.0,1
2026-08-25,12479,Surya Nagari Exp,MJ,Marwar Jn,4,21:40,21:45,5,8,1,104.0,1
2026-08-25,12479,Surya Nagari Exp,RANI,Rani,5,22:18,22:20,11,12,2,156.0,1
2026-08-25,12479,Surya Nagari Exp,FA,Falna,6,22:33,22:35,12,14,1,170.0,1
2026-08-25,12479,Surya Nagari Exp,PDWA,Pindwara,8,23:18,23:20,18,17,2,225.0,1
2026-08-25,12479,Surya Nagari Exp,ABR,Abu Road,9,00:05,00:15,1,6,2,269.0,2
2026-08-25,12479,Surya Nagari Exp,PNU,Palanpur Jn,10,01:05,01:07,,4,1,322.0,2
2026-08-25,12479,Surya Nagari Exp,MSH,Mahesana Jn,11,01:55,01:57,12,15,6,387.0,2
2026-08-25,12479,Surya Nagari Exp,ADI,Ahmedabad Jn,12,03:35,03:45,,5,5,456.0,2
2026-08-25,12479,Surya Nagari Exp,BRC,Vadodara Jn,13,05:23,05:28,6,6,2,555.0,2
2026-08-25,12479,Surya Nagari Exp,ST,Surat,14,07:22,07:27,,5,2,684.0,2
2026-08-25,12479,Surya Nagari Exp,VAPI,Vapi,15,08:38,08:40,7,9,2,777.0,2
2026-08-25,12479,Surya Nagari Exp,BVI,Borivali,16,10:42,10:45,14,14,10,917.0,2
2026-08-25,12631,Nellai Sf Exp,TBM,Tambaram,2,21:15,21:17,4,4,7,25.0,1
2026-08-25,12631,Nellai Sf Exp,CGL,Chengalpattu,3,21:43,21:45,5,7,6,56.0,1
2026-08-25,12631,Nellai Sf Exp,MLMR,Melmaruvattur,4,22:08,22:10,20,20,3,92.0,1
2026-08-25,12631,Nellai Sf Exp,TMV,Tindivanam,5,22:33,22:35,24,25,1,122.0,1
2026-08-25,12631,Nellai Sf Exp,VM,Villupuram Jn,6,23:28,23:30,6,13,1,159.0,1
2026-08-25,12631,Nellai Sf Exp,VRI,Vridhachalam Jn,7,00:12,00:14,21,21,3,213.0,2
2026-08-25,12631,Nellai Sf Exp,TPJ,Tiruchchirapali,8,02:05,02:10,4,11,4,336.0,2
2026-08-25,12631,Nellai Sf Exp,DG,Dindigul Jn,9,03:07,03:10,7,9,4,431.0,2
2026-08-25,12631,Nellai Sf Exp,SDN,Sholavandan,10,03:39,03:40,8,9,1,475.0,2
2026-08-25,12631,Nellai Sf Exp,MDU,Madurai Jn,11,04:00,04:05,,8,1,497.0,2
2026-08-25,12631,Nellai Sf Exp,VPT,Virudunagar Jn,12,04:43,04:45,8,12,3,540.0,2
2026-08-25,12631,Nellai Sf Exp,SRT,Satur,13,05:03,05:05,11,11,3,567.0,2
2026-08-25,12631,Nellai Sf Exp,CVP,Kovilpatti,14,05:23,05:25,9,11,1,588.0,2
2026-08-25,12958,Swran J Rajdhani,DEC,Delhi Cantt,2,20:23,20:25,5,6,1,16.0,1
2026-08-25,12958,Swran J Rajdhani,GGN,Gurgaon,3,20:41,20:43,7,8,1,32.0,1
2026-08-25,12958,Swran J Rajdhani,JP,Jaipur,4,23:45,23:55,16,14,2,309.0,1
2026-08-25,12958,Swran J Rajdhani,AII,Ajmer Jn,5,01:35,01:40,10,12,5,443.0,2
2026-08-25,12958,Swran J Rajdhani,FA,Falna,6,03:48,03:50,8,10,1,650.0,2
2026-08-25,12958,Swran J Rajdhani,ABR,Abu Road,7,04:53,05:00,10,11,2,748.0,2
2026-08-25,12958,Swran J Rajdhani,PNU,Palanpur Jn,8,05:50,05:52,,2,1,801.0,2
2026-08-25,12958,Swran J Rajdhani,MSH,Mahesana Jn,9,06:38,06:40,11,12,5,866.0,2
2026-08-25,12707,Sampark Kranti,RU,Renigunta Jn,2,06:23,06:25,11,13,1,10.0,1
2026-08-25,12707,Sampark Kranti,HX,Cuddapah,4,07:48,07:50,14,15,3,135.0,1
2026-08-25,12707,Sampark Kranti,YA,Yerraguntla,5,08:18,08:20,19,21,2,174.0,1
2026-08-25,12707,Sampark Kranti,TU,Tadipatri,6,09:08,09:10,15,17,2,244.0,1
2026-08-25,12707,Sampark Kranti,DHNE,Dhone,7,11:10,11:15,7,17,1,347.0,1
2026-08-25,12707,Sampark Kranti,KRNT,Kurnool City,8,12:08,12:10,11,16,3,400.0,1
2026-08-25,12707,Sampark Kranti,GWD,Gadwal,9,13:04,13:05,11,16,2,456.0,1
2026-08-25,12707,Sampark Kranti,MBNR,Mahbubnagar,10,14:13,14:15,27,28,2,531.0,1
2026-08-25,12707,Sampark Kranti,KCG,Kacheguda,11,16:20,16:30,,9,1,636.0,1
2026-08-25,12707,Sampark Kranti,KZJ,Kazipet Jn,12,18:58,19:00,40,43,1,774.0,1
2026-08-25,12707,Sampark Kranti,RDM,Ramagundam,13,20:19,20:20,29,32,1,867.0,1
2026-08-25,12707,Sampark Kranti,MCI,Manchiryal,14,20:34,20:35,32,34,1,880.0,1
2026-08-25,12707,Sampark Kranti,BPA,Bellampalli,15,20:59,21:00,37,38,1,900.0,1
2026-08-25,12707,Sampark Kranti,SKZR,Sirpur Kagazngr,16,21:39,21:40,49,53,1,939.0,1
2026-08-25,12707,Sampark Kranti,BPQ,Balharshah,17,22:50,22:55,38,41,4,1008.0,1
2026-08-25,12707,Sampark Kranti,NGP,Nagpur,18,01:55,02:00,60,68,1,1219.0,2
2026-08-25,12707,Sampark Kranti,BPL,Bhopal  Jn,19,08:15,08:25,47,54,2,1615.0,2
2026-08-25,12707,Sampark Kranti,VGLJ,V Lakshmibai Jhansi Jhs,20,12:05,12:13,70,74,4,1906.0,2
2026-08-25,12707,Sampark Kranti,GWL,Gwalior,21,13:20,13:22,104,107,2,2003.0,2
2026-08-25,12707,Sampark Kranti,NZM,H Nizamuddin,22,18:35,,56,,6,2308.0,2
2026-08-25,12658,Sbc Mas Sf Mail,BNC,Bengaluru Cant,2,22:50,22:51,11,11,2,5.0,1
2026-08-25,12658,Sbc Mas Sf Mail,BWT,Bangarapet,3,23:39,23:40,17,19,4,71.0,1
2026-08-25,12658,Sbc Mas Sf Mail,JTJ,Jolarpettai,4,00:48,00:50,12,16,5,149.0,2
2026-08-25,12658,Sbc Mas Sf Mail,KPD,Katpadi Jn,5,01:58,02:00,20,21,2,232.0,2
2026-08-25,12658,Sbc Mas Sf Mail,AJJ,Arakkonam Jn,6,02:43,02:45,20,21,5,293.0,2
2026-08-25,12658,Sbc Mas Sf Mail,PER,Perambur,7,03:28,03:30,24,24,1,356.0,2
2026-08-25,12658,Sbc Mas Sf Mail,MAS,Mgr Chennai Ctl,8,04:05,,3,,9,362.0,2
2026-08-25,12815,Nandankanan Sf,KUR,Khurda Road JN,2,11:45,11:50,13,16,3,44.0,1
2026-08-25,12815,Nandankanan Sf,BBS,Bhubaneswar,3,12:15,12:20,15,16,1,63.0,1
2026-08-25,12815,Nandankanan Sf,CTC,Cuttack,4,12:49,12:54,27,31,1,91.0,1
2026-08-25,12815,Nandankanan Sf,JJKR,Jajpur K Road,5,13:44,13:46,50,50,2,163.0,1
2026-08-25,12815,Nandankanan Sf,BHC,Bhadrak,6,14:37,14:39,12,18,3,206.0,1
2026-08-25,12815,Nandankanan Sf,BLS,Balasore,7,15:23,15:28,22,26,3,268.0,1
2026-08-25,12815,Nandankanan Sf,JER,Jaleswar,8,16:14,16:16,22,25,2,316.0,1
2026-08-25,12815,Nandankanan Sf,HIJ,Hijli,9,16:57,17:05,23,25,1,380.0,1
2026-08-25,12815,Nandankanan Sf,MDN,Midnapore,10,17:58,18:00,9,15,2,403.0,1
2026-08-25,12815,Nandankanan Sf,VSU,Bishnupur,11,19:04,19:06,21,23,2,475.0,1
2026-08-25,12815,Nandankanan Sf,BQA,Bankura,12,19:30,19:35,26,29,1,505.0,1
2026-08-25,12815,Nandankanan Sf,ADRA,Adra Jn,13,20:25,20:30,35,36,1,559.0,1
2026-08-25,12815,Nandankanan Sf,BJE,Bhojudih Jn,14,21:05,21:07,38,39,1,588.0,1
2026-08-25,12815,Nandankanan Sf,VAA,Bhaga Jn,15,21:33,21:35,33,38,2,599.0,1
2026-08-25,12815,Nandankanan Sf,GMO,Nsc Bose J Gomo,16,23:05,23:10,17,24,3,639.0,1
2026-08-25,12815,Nandankanan Sf,PNME,Parasnath,17,23:22,23:24,27,28,3,657.0,1
2026-08-25,12815,Nandankanan Sf,KQR,Koderma Jn,18,00:06,00:08,37,39,4,733.0,2
2026-08-25,12815,Nandankanan Sf,GAYA,Gaya Jn,19,01:45,01:50,15,18,1,809.0,2
2026-08-25,12815,Nandankanan Sf,DOS,Dehri On Sone,20,02:52,02:54,25,26,3,894.0,2
2026-08-25,12815,Nandankanan Sf,SSM,Sasaram,21,03:12,03:14,25,27,2,912.0,2
2026-08-25,12815,Nandankanan Sf,DDU,Dd Upadhyaya Jn,22,04:28,04:35,36,35,4,1012.0,2
2026-08-25,12815,Nandankanan Sf,MZP,Mirzapur,23,05:30,05:32,35,38,3,1075.0,2
2026-08-25,12815,Nandankanan Sf,PRYJ,Prayagraj Jn.,24,06:40,06:45,39,44,3,1164.0,2
2026-08-25,12815,Nandankanan Sf,FTP,Fatehpur,25,07:55,07:57,66,70,3,1281.0,2
2026-08-25,12815,Nandankanan Sf,CNB,Kanpur Central,26,09:10,09:15,48,51,2,1359.0,2
2026-08-25,12815,Nandankanan Sf,TDL,Tundla Jn,27,12:00,12:02,61,68,4,1590.0,2
2026-08-25,12815,Nandankanan Sf,ALJN,Aligarh Jn,28,12:58,13:00,77,80,4,1666.0,2
2026-08-25,12815,Nandankanan Sf,ANVT,Anand Vihar TRM,29,15:10,,69,,4,1785.0,2
2026-08-25,13287,South Bihar Exp,BPHB,Bhilai Pwr Hs,2,06:59,07:01,20,20,1,10.0,1
2026-08-25,13287,South Bihar Exp,R,Raipur Jn,3,07:35,07:45,24,24,5,37.0,1
2026-08-25,13287,South Bihar Exp,TLD,Tilda Neora,4,08:16,08:18,30,30,3,75.0,1
2026-08-25,13287,South Bihar Exp,BYT,Bhatapara,5,08:38,08:40,30,31,4,101.0,1
2026-08-25,13287,South Bihar Exp,BSP,Bilaspur Jn,6,09:40,09:55,19,23,1,148.0,1
2026-08-25,13287,South Bihar Exp,AKT,Akaltara,7,10:21,10:23,27,28,4,175.0,1
2026-08-25,13287,South Bihar Exp,CPH,Champa Jn,8,10:43,10:45,25,26,2,201.0,1
2026-08-25,13287,South Bihar Exp,SKT,Sakti,9,11:03,11:05,29,31,1,231.0,1
2026-08-25,13287,South Bihar Exp,KHS,Kharsia,10,11:18,11:20,35,36,2,246.0,1
2026-08-25,13287,South Bihar Exp,RIG,Raigarh,11,11:50,11:55,38,39,1,280.0,1
2026-08-25,13287,South Bihar Exp,BPH,Belpahar,12,12:35,12:37,40,41,3,331.0,1
2026-08-25,13287,South Bihar Exp,BRJN,Brajrajnagar,13,12:53,12:55,38,42,3,340.0,1
2026-08-25,13287,South Bihar Exp,JSG,Jharsuguda Jn,14,13:30,13:35,37,37,2,352.0,1
2026-08-25,13287,South Bihar Exp,BEH,Bagdihi,15,13:55,13:57,45,46,3,373.0,1
2026-08-25,13287,South Bihar Exp,BMB,Bamra,16,14:10,14:12,44,46,2,389.0,1
2026-08-25,13287,South Bihar Exp,GP,Rajgangpur,17,14:38,14:40,56,56,2,423.0,1
2026-08-25,13287,South Bihar Exp,ROU,Rourkela,18,15:12,15:20,61,67,4,453.0,1
2026-08-25,13287,South Bihar Exp,MOU,Manoharpur,19,15:53,15:55,72,76,2,493.0,1
2026-08-25,13287,South Bihar Exp,GOL,Goilkera,21,16:28,16:30,74,75,1,521.0,1
2026-08-25,13287,South Bihar Exp,SWR,Sonua,22,16:44,16:45,64,65,3,533.0,1
2026-08-25,13287,South Bihar Exp,CKP,Chakradharpur,23,17:05,17:10,72,72,2,554.0,1
2026-08-25,13287,South Bihar Exp,RKSN,Rajkharsawan Jn,24,17:26,17:28,79,81,3,574.0,1
2026-08-25,13287,South Bihar Exp,SINI,Sini Jn,25,17:43,17:45,85,86,3,590.0,1
2026-08-25,13287,South Bihar Exp,TATA,Tatanagar Jn,26,18:10,18:45,104,94,2,617.0,1
2026-08-25,13287,South Bihar Exp,CNI,Chandil Jn,28,20:13,20:15,81,85,2,653.0,1
2026-08-25,13287,South Bihar Exp,BBM,Barabhum,29,20:38,20:40,87,88,2,675.0,1
2026-08-25,13287,South Bihar Exp,PRR,Purulia Jn,30,21:15,21:20,91,92,1,707.0,1
2026-08-25,13287,South Bihar Exp,ANR,Anara,31,21:58,22:00,84,87,2,733.0,1
2026-08-25,13287,South Bihar Exp,JOC,Joychandi Pahar,32,22:20,22:25,86,90,1,746.0,1
2026-08-25,13287,South Bihar Exp,ASN,Asansol Jn,34,00:05,00:15,51,61,6,783.0,2
2026-08-25,13287,South Bihar Exp,CRJ,Chittaranjan,35,00:37,00:39,73,73,3,808.0,2
2026-08-25,13287,South Bihar Exp,JMT,Jamtara,36,00:50,00:52,72,72,1,822.0,2
2026-08-25,13287,South Bihar Exp,MDP,Madhupur Jn,37,01:20,01:23,75,75,2,864.0,2
2026-08-25,13287,South Bihar Exp,JSME,Jasidih Jn,38,01:44,01:47,81,82,2,893.0,2
2026-08-25,13287,South Bihar Exp,JAJ,Jhajha,39,03:05,03:10,61,68,3,937.0,2
2026-08-25,13287,South Bihar Exp,JMU,Jamui,40,03:30,03:32,74,75,1,963.0,2
2026-08-25,13287,South Bihar Exp,KIUL,Kiul Jn,41,03:55,04:00,83,83,3,991.0,2
2026-08-25,13287,South Bihar Exp,LKR,Luckeesarai Jn,42,04:04,04:06,84,85,3,992.0,2
2026-08-25,13287,South Bihar Exp,BRYA,Barhiya,44,04:22,04:24,91,93,2,1007.0,2
2026-08-25,13287,South Bihar Exp,HTZ,Hathidah Jn,45,04:33,04:35,97,98,2,1018.0,2
2026-08-25,13287,South Bihar Exp,MKA,Mokameh Jn,46,04:47,04:49,100,101,3,1025.0,2
2026-08-25,13287,South Bihar Exp,BARH,Barh,47,05:07,05:09,109,109,3,1051.0,2
2026-08-25,13287,South Bihar Exp,ATL,Athmal Gola,48,05:18,05:20,112,113,3,1060.0,2
2026-08-25,13287,South Bihar Exp,BKP,Bakhtiyarpur Jn,49,05:29,05:31,98,98,2,1069.0,2
2026-08-25,13287,South Bihar Exp,KOO,Khusropur,50,05:43,05:45,105,108,2,1084.0,2
2026-08-25,13287,South Bihar Exp,FUT,Fatuha Jn,51,05:54,05:56,105,106,3,1092.0,2
2026-08-25,13287,South Bihar Exp,PNC,Patna Saheb,52,06:11,06:13,99,100,2,1104.0,2
2026-08-25,13287,South Bihar Exp,RJPB,Rajendranagar T,53,06:25,06:30,97,99,3,1112.0,2
2026-08-25,13287,South Bihar Exp,PNBE,Patna Jn,54,06:43,06:50,100,103,4,1114.0,2
2026-08-25,13287,South Bihar Exp,DNR,Danapur,55,07:10,07:20,114,123,3,1124.0,2
2026-08-25,13287,South Bihar Exp,BTA,Bihta,56,07:36,07:38,147,147,2,1141.0,2
2026-08-25,13287,South Bihar Exp,ARA,Ara Jn,57,09:30,,113,,4,1163.0,2
2026-08-25,12229,Lucknow Mail,HRI,Hardoi,2,23:34,23:36,11,14,1,102.0,1
2026-08-25,12229,Lucknow Mail,SPN,Shahjehanpur,3,00:34,00:36,19,22,3,165.0,2
2026-08-25,12229,Lucknow Mail,BE,Bareilly,4,01:37,01:42,34,38,2,236.0,2
2026-08-25,12229,Lucknow Mail,RMU,Rampur,5,02:28,02:30,44,46,3,299.0,2
2026-08-25,12229,Lucknow Mail,MB,Moradabad,6,03:25,03:33,31,33,4,326.0,2
2026-08-25,12229,Lucknow Mail,HPU,Hapur,7,04:55,05:00,39,43,1,430.0,2
2026-08-25,12229,Lucknow Mail,GZB,Ghaziabad,8,05:53,05:55,38,41,3,467.0,2
2026-08-25,12229,Lucknow Mail,NDLS,New Delhi,9,06:55,,33,,16,493.0,2
2026-08-25,12712,Pinakini Sf Exp,SPE,Sullurupeta,2,15:18,15:20,12,13,1,83.0,1
2026-08-25,12712,Pinakini Sf Exp,NYP,Nayudupeta,3,15:43,15:45,11,12,1,110.0,1
2026-08-25,12712,Pinakini Sf Exp,GDR,Gudur Jn,4,16:13,16:15,,13,2,138.0,1
2026-08-25,12712,Pinakini Sf Exp,NLR,Nellore,5,16:48,16:50,20,22,2,176.0,1
2026-08-25,12712,Pinakini Sf Exp,BTTR,Bitragunta,6,17:18,17:20,19,21,3,210.0,1
2026-08-25,12712,Pinakini Sf Exp,KVZ,Kavali,7,17:39,17:40,17,20,4,227.0,1
2026-08-25,12712,Pinakini Sf Exp,SKM,Singarayakonda,8,18:13,18:15,17,19,1,264.0,1
2026-08-25,12712,Pinakini Sf Exp,OGL,Ongole,9,18:43,18:45,16,18,1,292.0,1
2026-08-25,12712,Pinakini Sf Exp,CLX,Chirala,10,19:24,19:25,16,18,4,342.0,1
2026-08-25,12712,Pinakini Sf Exp,BPP,Bapatla,11,19:39,19:40,15,19,3,357.0,1
2026-08-25,12712,Pinakini Sf Exp,NDO,Nidubrolu,12,19:58,20:00,20,21,4,377.0,1
2026-08-25,12712,Pinakini Sf Exp,TEL,Tenali Jn,13,20:18,20:20,20,20,4,399.0,1
2026-08-25,12712,Pinakini Sf Exp,BZA,Vijayawada Jn,14,21:35,,4,,5,431.0,1
2026-08-25,12559,Shiv Ganga Exp,GYN,Gyanpur Road,2,23:02,23:04,3,4,2,57.0,1
2026-08-25,12559,Shiv Ganga Exp,PRYJ,Prayagraj Jn.,3,00:25,00:30,,6,5,121.0,2
2026-08-25,12559,Shiv Ganga Exp,CNB,Kanpur Central,4,02:45,02:50,10,17,1,316.0,2
2026-08-25,12559,Shiv Ganga Exp,NDLS,New Delhi,5,08:30,,3,,12,757.0,2
2026-08-25,12419,Gomti Express,ON,Unnao Jn,2,06:45,06:47,42,47,2,57.0,1
2026-08-25,12419,Gomti Express,CNB,Kanpur Central,3,07:30,07:35,34,38,7,74.0,1
2026-08-25,12419,Gomti Express,PNKD,Panki Dham,4,07:55,07:56,39,44,3,85.0,1
2026-08-25,12419,Gomti Express,RURA,Rura,5,08:19,08:20,44,44,3,118.0,1
2026-08-25,12419,Gomti Express,JJK,Jhinjhak,6,08:34,08:35,44,47,3,137.0,1
2026-08-25,12419,Gomti Express,PHD,Phaphund,7,08:49,08:50,47,50,3,157.0,1
2026-08-25,12419,Gomti Express,BNT,Bharthana,8,09:14,09:15,50,55,3,194.0,1
2026-08-25,12419,Gomti Express,ETW,Etawah Jn,9,09:33,09:35,54,56,1,214.0,1
2026-08-25,12419,Gomti Express,SKB,Shikohabad Jn,10,10:06,10:08,66,69,3,269.0,1
2026-08-25,12419,Gomti Express,FZD,Firozabad,11,10:25,10:27,66,69,3,289.0,1
2026-08-25,12419,Gomti Express,TDL,Tundla Jn,12,11:03,11:05,48,54,4,305.0,1
2026-08-25,12419,Gomti Express,HRS,Hathras Jn,13,11:43,11:45,54,56,2,353.0,1
2026-08-25,12419,Gomti Express,ALJN,Aligarh Jn,14,12:05,12:10,58,63,4,383.0,1
2026-08-25,12419,Gomti Express,KRJ,Khurja Jn,15,12:38,12:40,71,72,2,427.0,1
2026-08-25,12419,Gomti Express,GZB,Ghaziabad,16,14:13,14:15,43,49,4,489.0,1
2026-08-25,12419,Gomti Express,NDLS,New Delhi,17,15:00,,47,,6,515.0,1
2026-08-25,12634,Kanyakumari Exp,NCJ,Nagercoil Jn,2,18:18,18:23,10,11,1,16.0,1
2026-08-25,12634,Kanyakumari Exp,VLY,Valliyur,3,18:51,18:53,6,7,1,47.0,1
2026-08-25,12634,Kanyakumari Exp,TEN,Tirunelveli,4,19:55,20:00,4,8,4,89.0,1
2026-08-25,12634,Kanyakumari Exp,CVP,Kovilpatti,5,20:48,20:50,8,10,2,154.0,1
2026-08-25,12634,Kanyakumari Exp,SRT,Satur,6,21:08,21:10,10,11,1,176.0,1
2026-08-25,12634,Kanyakumari Exp,VPT,Virudunagar Jn,7,21:33,21:35,12,16,2,203.0,1
2026-08-25,12634,Kanyakumari Exp,MDU,Madurai Jn,8,22:15,22:20,8,10,1,246.0,1
2026-08-25,12634,Kanyakumari Exp,DG,Dindigul Jn,9,23:17,23:20,9,11,3,312.0,1
2026-08-25,12634,Kanyakumari Exp,TPJ,Tiruchchirapali,10,00:30,00:35,,4,1,406.0,2
2026-08-25,12634,Kanyakumari Exp,VRI,Vridhachalam Jn,11,02:04,02:06,25,27,2,529.0,2
2026-08-25,12634,Kanyakumari Exp,VM,Villupuram Jn,12,03:08,03:10,1,17,5,584.0,2
2026-08-25,12634,Kanyakumari Exp,TMV,Tindivanam,13,03:43,03:45,18,18,2,621.0,2
2026-08-25,12634,Kanyakumari Exp,MLMR,Melmaruvattur,14,04:08,04:10,18,18,1,651.0,2
2026-08-25,12634,Kanyakumari Exp,CGL,Chengalpattu,15,04:38,04:40,21,21,4,687.0,2
2026-08-25,12634,Kanyakumari Exp,TBM,Tambaram,16,05:08,05:10,25,26,5,717.0,2
2026-08-25,12634,Kanyakumari Exp,MBM,Mambalam,17,05:29,05:30,24,25,3,735.0,2
2026-08-25,12634,Kanyakumari Exp,MS,Chennai Egmore,18,06:35,,5,,6,742.0,2
2026-08-25,12632,Nellai Sf Exp,CVP,Kovilpatti,2,21:38,21:40,4,5,2,66.0,1
2026-08-25,12632,Nellai Sf Exp,SRT,Satur,3,21:55,21:57,5,6,1,87.0,1
2026-08-25,12632,Nellai Sf Exp,VPT,Virudunagar Jn,4,22:18,22:20,4,7,2,114.0,1
2026-08-25,12632,Nellai Sf Exp,MDU,Madurai Jn,5,23:05,23:10,14,14,3,157.0,1
2026-08-25,12632,Nellai Sf Exp,SDN,Sholavandan,6,23:29,23:30,16,16,2,178.0,1
2026-08-25,12632,Nellai Sf Exp,DG,Dindigul Jn,7,00:12,00:15,14,15,3,223.0,2
2026-08-25,12632,Nellai Sf Exp,TPJ,Tiruchchirapali,8,01:10,01:15,,4,3,317.0,2
2026-08-25,12632,Nellai Sf Exp,VRI,Vridhachalam Jn,9,02:44,02:46,19,20,2,440.0,2
2026-08-25,12632,Nellai Sf Exp,VM,Villupuram Jn,10,03:38,03:40,,9,3,495.0,2
2026-08-25,12632,Nellai Sf Exp,TMV,Tindivanam,11,04:13,04:15,9,10,2,532.0,2
2026-08-25,12632,Nellai Sf Exp,MLMR,Melmaruvattur,12,04:38,04:40,10,10,1,562.0,2
2026-08-25,12632,Nellai Sf Exp,CGL,Chengalpattu,13,05:13,05:15,12,15,2,598.0,2
2026-08-25,12632,Nellai Sf Exp,TBM,Tambaram,14,05:43,05:45,18,18,5,628.0,2
2026-08-25,12632,Nellai Sf Exp,MBM,Mambalam,15,06:03,06:05,17,18,3,646.0,2
2026-08-25,12657,Mas Sbc Sf Mail,AJJ,Arakkonam Jn,2,23:43,23:45,10,10,4,69.0,1
2026-08-25,12657,Mas Sbc Sf Mail,KPD,Katpadi Jn,3,00:33,00:35,11,14,1,130.0,2
2026-08-25,12657,Mas Sbc Sf Mail,JTJ,Jolarpettai,4,01:53,01:55,4,8,1,214.0,2
2026-08-25,12657,Mas Sbc Sf Mail,BWT,Bangarapet,5,02:53,02:55,18,20,3,292.0,2
2026-08-25,12657,Mas Sbc Sf Mail,BNCE,Bengaluru East,6,03:47,03:48,37,40,1,355.0,2
2026-08-25,12657,Mas Sbc Sf Mail,BNC,Bengaluru Cant,7,03:56,03:57,40,43,1,358.0,2
2026-08-25,12657,Mas Sbc Sf Mail,SBC,KSR Bengaluru,8,04:35,,16,,3,362.0,2
2026-08-25,12708,Nzm Tpty Sf Exp,GWL,Gwalior,2,09:56,09:58,16,18,1,306.0,1
2026-08-25,12708,Nzm Tpty Sf Exp,VGLJ,V Lakshmibai Jhansi Jhs,3,11:25,11:33,15,19,2,403.0,1
2026-08-25,12708,Nzm Tpty Sf Exp,BPL,Bhopal  Jn,4,15:30,15:40,,7,1,694.0,1
2026-08-25,12708,Nzm Tpty Sf Exp,NGP,Nagpur,5,22:20,22:25,14,21,2,1083.0,1
2026-08-25,12708,Nzm Tpty Sf Exp,BPQ,Balharshah,6,01:45,01:50,7,14,1,1294.0,2
2026-08-25,12708,Nzm Tpty Sf Exp,SKZR,Sirpur Kagazngr,7,02:44,02:45,26,32,2,1364.0,2
2026-08-25,12708,Nzm Tpty Sf Exp,BPA,Bellampalli,8,03:09,03:10,54,56,2,1402.0,2
2026-08-25,12708,Nzm Tpty Sf Exp,MCI,Manchiryal,9,03:29,03:30,57,59,2,1422.0,2
2026-08-25,12708,Nzm Tpty Sf Exp,RDM,Ramagundam,10,03:39,03:40,67,68,2,1436.0,2
2026-08-25,12708,Nzm Tpty Sf Exp,KZJ,Kazipet Jn,11,05:43,05:45,72,75,3,1528.0,2
2026-08-25,12708,Nzm Tpty Sf Exp,KCG,Kacheguda,12,08:45,08:55,35,56,3,1666.0,2
2026-08-25,12708,Nzm Tpty Sf Exp,MBNR,Mahbubnagar,13,10:38,10:40,40,45,1,1772.0,2
2026-08-25,12708,Nzm Tpty Sf Exp,GWD,Gadwal,14,11:54,11:55,60,61,1,1847.0,2
2026-08-25,12708,Nzm Tpty Sf Exp,KRNT,Kurnool City,15,13:08,13:10,38,39,3,1903.0,2
2026-08-25,12708,Nzm Tpty Sf Exp,DHNE,Dhone,16,14:25,14:30,6,19,2,1956.0,2
2026-08-25,12708,Nzm Tpty Sf Exp,TU,Tadipatri,17,16:13,16:15,15,18,1,2059.0,2
2026-08-25,12708,Nzm Tpty Sf Exp,YA,Yerraguntla,18,17:13,17:15,16,19,1,2128.0,2
2026-08-25,12708,Nzm Tpty Sf Exp,HX,Cuddapah,19,17:53,17:55,16,18,1,2167.0,2
2026-08-25,12708,Nzm Tpty Sf Exp,RU,Renigunta Jn,21,19:58,20:00,20,21,1,2292.0,2
2026-08-25,12708,Nzm Tpty Sf Exp,TPTY,Tirupati,22,21:00,,3,,1,2302.0,2
2026-08-25,12487,Seemanchal Exp,FBG,FORBESGANJ,2,20:48,20:53,12,12,1,14.0,1
2026-08-25,12487,Seemanchal Exp,ARQ,ARARIYA COURT,4,21:22,21:27,19,19,2,42.0,1
2026-08-25,12487,Seemanchal Exp,PRNA,Purnea Jn,5,21:55,22:00,21,22,1,81.0,1
2026-08-25,12487,Seemanchal Exp,KIR,Katihar Jn,6,22:50,23:00,5,7,1,109.0,1
2026-08-25,12487,Seemanchal Exp,NNA,Naugachia,7,23:53,23:55,18,19,2,165.0,1
2026-08-25,12487,Seemanchal Exp,KGG,Khagaria Jn,8,00:46,00:48,30,33,1,232.0,2
2026-08-25,12487,Seemanchal Exp,BGS,Begu Sarai,9,01:23,01:25,37,39,1,273.0,2
2026-08-25,12487,Seemanchal Exp,BJU,Barauni Jn,10,02:00,02:10,33,33,3,288.0,2
2026-08-25,12487,Seemanchal Exp,PPTA,Patliputra,11,04:50,05:00,,8,4,396.0,2
2026-08-25,12487,Seemanchal Exp,DNR,Danapur,12,05:15,05:17,15,23,4,402.0,2
2026-08-25,12487,Seemanchal Exp,DLN,Dildarnagar Jn,13,07:09,07:11,24,24,3,546.0,2
2026-08-25,12487,Seemanchal Exp,DDU,Dd Upadhyaya Jn,14,09:23,09:30,,5,3,604.0,2
2026-08-25,12487,Seemanchal Exp,MZP,Mirzapur,15,10:28,10:30,10,13,3,667.0,2
2026-08-25,12487,Seemanchal Exp,PRYJ,Prayagraj Jn.,16,11:40,11:42,14,18,3,757.0,2
2026-08-25,12487,Seemanchal Exp,CNB,Kanpur Central,17,14:15,14:20,22,27,1,952.0,2
2026-08-25,12487,Seemanchal Exp,TDL,Tundla Jn,18,17:30,17:32,10,20,3,1183.0,2
2026-08-25,12487,Seemanchal Exp,ALJN,Aligarh Jn,19,18:23,18:25,27,29,4,1261.0,2
2026-08-25,12487,Seemanchal Exp,GZB,Ghaziabad,20,20:13,20:15,10,16,3,1367.0,2
2026-08-25,12487,Seemanchal Exp,ANVT,Anand Vihar TRM,21,20:50,,13,,7,1379.0,2
2026-08-25,19015,Saurashtra Exp,DDR,Dadar,1,,09:30,4,6,6,0.0,1
2026-08-25,19015,Saurashtra Exp,BVI,Borivali,2,09:47,09:50,17,17,6,24.0,1
2026-08-25,19015,Saurashtra Exp,BSR,Vasai Road,3,10:13,10:15,12,13,4,42.0,1
2026-08-25,19015,Saurashtra Exp,VR,Virar,4,10:28,10:30,11,11,4,50.0,1
2026-08-25,19015,Saurashtra Exp,SAH,Saphale,5,10:43,10:45,12,13,1,67.0,1
2026-08-25,19015,Saurashtra Exp,PLG,Palghar,6,10:58,11:00,13,14,1,81.0,1
2026-08-25,19015,Saurashtra Exp,BOR,Boisar,7,11:10,11:12,14,15,2,93.0,1
2026-08-25,19015,Saurashtra Exp,DRD,Dahanu Road,8,11:28,11:30,15,15,1,114.0,1
2026-08-25,19015,Saurashtra Exp,GVD,Gholvad,9,11:48,11:50,14,15,2,125.0,1
2026-08-25,19015,Saurashtra Exp,UBR,Umbargam Road,10,11:54,11:55,13,14,1,134.0,1
2026-08-25,19015,Saurashtra Exp,SJN,Sanjan,11,11:58,12:00,15,18,1,140.0,1
2026-08-25,19015,Saurashtra Exp,BLD,Bhilad,12,12:10,12:12,18,19,2,151.0,1
2026-08-25,19015,Saurashtra Exp,VAPI,Vapi,13,12:24,12:26,19,20,1,164.0,1
2026-08-25,19015,Saurashtra Exp,UVD,Udvada,14,12:35,12:37,18,18,1,172.0,1
2026-08-25,19015,Saurashtra Exp,PAD,Pardi,15,12:45,12:47,19,22,2,178.0,1
2026-08-25,19015,Saurashtra Exp,BL,Valsad,16,13:00,13:05,17,19,2,189.0,1
2026-08-25,19015,Saurashtra Exp,BIM,Bilimora Jn,17,13:18,13:20,23,25,1,207.0,1
2026-08-25,19015,Saurashtra Exp,AML,Amalsad,18,13:38,13:40,17,17,1,212.0,1
2026-08-25,19015,Saurashtra Exp,NVS,Navsari,19,13:53,13:55,18,20,1,228.0,1
2026-08-25,19015,Saurashtra Exp,MRL,Maroli,20,14:08,14:10,15,16,1,236.0,1
2026-08-25,19015,Saurashtra Exp,UDN,Udhna Jn,21,14:33,14:35,12,15,1,253.0,1
2026-08-25,19015,Saurashtra Exp,ST,Surat,22,14:55,15:00,5,9,3,257.0,1
2026-08-25,19015,Saurashtra Exp,SYN,Sayan,23,15:13,15:15,11,13,2,271.0,1
2026-08-25,19015,Saurashtra Exp,KIM,Kim,24,15:23,15:25,13,15,1,280.0,1
2026-08-25,19015,Saurashtra Exp,KSB,Kosamba Jn,25,15:33,15:35,15,15,1,288.0,1
2026-08-25,19015,Saurashtra Exp,PAO,Panoli,26,15:44,15:46,18,23,1,296.0,1
2026-08-25,19015,Saurashtra Exp,AKV,Ankleshwar Jn,27,16:02,16:04,18,19,1,307.0,1
2026-08-25,19015,Saurashtra Exp,BH,Bharuch Jn,28,16:17,16:22,17,18,3,316.0,1
2026-08-25,19015,Saurashtra Exp,NIU,Nabipur,29,16:38,16:40,16,16,2,328.0,1
2026-08-25,19015,Saurashtra Exp,PLJ,Palej,30,16:55,16:57,15,16,4,341.0,1
2026-08-25,19015,Saurashtra Exp,MYG,Miyagam Karjan,31,17:13,17:15,17,19,1,356.0,1
2026-08-25,19015,Saurashtra Exp,ITA,Itola,32,17:25,17:27,17,18,1,368.0,1
2026-08-25,19015,Saurashtra Exp,VS,Vishvamitri,33,17:42,17:43,9,11,3,383.0,1
2026-08-25,19015,Saurashtra Exp,BRC,Vadodara Jn,34,17:53,17:58,11,12,4,386.0,1
2026-08-25,19015,Saurashtra Exp,VDA,Vasad Jn,35,18:19,18:21,14,14,2,406.0,1
2026-08-25,19015,Saurashtra Exp,ANND,Anand Jn,36,18:38,18:40,12,13,3,422.0,1
2026-08-25,19015,Saurashtra Exp,KBRV,Kanjari Boriyav,37,18:48,18:50,11,11,3,429.0,1
2026-08-25,19015,Saurashtra Exp,ND,Nadiad Jn,38,19:00,19:02,12,13,2,440.0,1
2026-08-25,19015,Saurashtra Exp,MHD,Mhmdvd Kheda Rd,39,19:16,19:18,5,8,3,458.0,1
2026-08-25,19015,Saurashtra Exp,BJD,Barejadi,40,19:39,19:41,7,8,2,469.0,1
2026-08-25,19015,Saurashtra Exp,MAN,Maninagar,41,19:54,19:56,7,8,1,483.0,1
2026-08-25,19015,Saurashtra Exp,ADI,Ahmedabad Jn,42,20:10,20:20,6,12,2,486.0,1
2026-08-25,19015,Saurashtra Exp,SBT,Sabarmati JN,43,20:33,20:35,13,15,1,491.0,1
2026-08-25,19015,Saurashtra Exp,CLDY,Chandlodiya,44,20:43,20:45,19,20,1,497.0,1
2026-08-25,19015,Saurashtra Exp,SAU,Sanand,45,21:00,21:02,13,13,1,514.0,1
2026-08-25,19015,Saurashtra Exp,VG,Viramgam Jn,46,21:43,21:45,7,11,1,551.0,1
2026-08-25,19015,Saurashtra Exp,SUNR,Surendranagar,47,22:46,22:48,17,17,1,616.0,1
2026-08-25,19015,Saurashtra Exp,THAN,Than Jn,48,23:21,23:23,18,19,1,664.0,1
2026-08-25,19015,Saurashtra Exp,WKR,Wankaner Jn,49,23:47,23:49,19,23,3,691.0,1
2026-08-25,19015,Saurashtra Exp,RJT,Rajkot Jn,50,00:42,00:47,14,25,1,732.0,2
2026-08-25,19015,Saurashtra Exp,HAPA,Hapa,51,02:09,02:11,58,63,2,809.0,2
2026-08-25,19015,Saurashtra Exp,JAM,Jamnagar,52,02:23,02:28,65,69,1,817.0,2
2026-08-25,19015,Saurashtra Exp,LPJ,Lalpur Jam,53,03:28,03:29,51,52,1,860.0,2
2026-08-25,19015,Saurashtra Exp,BNVD,Bhanvad,54,04:03,04:04,52,54,1,897.0,2
2026-08-25,19015,Saurashtra Exp,WSJ,Wansjaliya,55,04:23,04:24,51,52,1,915.0,2
2026-08-25,19015,Saurashtra Exp,RWO,Ranavav,56,04:43,04:44,50,51,1,935.0,2
2026-08-25,19015,Saurashtra Exp,PBR,Porbandar,57,05:35,,31,,2,949.0,2
2026-08-25,12957,Sbib Ndls Raj,MSH,Mahesana Jn,2,20:03,20:05,3,5,4,63.0,1
2026-08-25,12957,Sbib Ndls Raj,PNU,Palanpur Jn,3,21:05,21:07,,6,2,128.0,1
2026-08-25,12957,Sbib Ndls Raj,ABR,Abu Road,4,21:38,21:45,8,9,1,181.0,1
2026-08-25,12957,Sbib Ndls Raj,FA,Falna,5,22:50,22:52,7,9,2,280.0,1
2026-08-25,12957,Sbib Ndls Raj,AII,Ajmer Jn,6,01:05,01:10,,8,1,486.0,2
2026-08-25,12957,Sbib Ndls Raj,JP,Jaipur,7,02:40,02:50,12,16,1,621.0,2
2026-08-25,12957,Sbib Ndls Raj,GGN,Gurgaon,8,06:24,06:26,6,11,2,897.0,2
2026-08-25,12957,Sbib Ndls Raj,DEC,Delhi Cantt,9,06:40,06:42,10,11,4,914.0,2
2026-08-25,12957,Sbib Ndls Raj,NDLS,New Delhi,10,07:30,,11,,1,929.0,2
2026-08-25,12931,Adi Double Deckr,BVI,Borivali,2,14:52,14:55,12,12,6,30.0,1
2026-08-25,12931,Adi Double Deckr,VAPI,Vapi,3,16:28,16:30,14,15,1,170.0,1
2026-08-25,12931,Adi Double Deckr,BL,Valsad,4,16:53,16:55,13,14,2,194.0,1
2026-08-25,12931,Adi Double Deckr,NVS,Navsari,5,17:18,17:20,14,16,1,233.0,1
2026-08-25,12931,Adi Double Deckr,ST,Surat,6,17:52,17:57,11,11,1,263.0,1
2026-08-25,12931,Adi Double Deckr,BH,Bharuch Jn,7,18:35,18:37,15,16,3,322.0,1
2026-08-25,12931,Adi Double Deckr,BRC,Vadodara Jn,8,19:28,19:33,13,14,2,392.0,1
2026-08-25,12931,Adi Double Deckr,ANND,Anand Jn,9,20:07,20:09,8,10,3,427.0,1
2026-08-25,12931,Adi Double Deckr,ND,Nadiad Jn,10,20:23,20:25,10,11,2,446.0,1
2026-08-25,12381,Poorva Express,BWN,Barddhaman Jn,2,09:07,09:09,9,10,1,95.0,1
2026-08-25,12381,Poorva Express,DGR,Durgapur,3,10:01,10:03,,1,3,158.0,1
2026-08-25,12381,Poorva Express,ASN,Asansol Jn,4,10:33,10:38,5,6,3,200.0,1
2026-08-25,12381,Poorva Express,DHN,Dhanbad Jn,5,11:55,12:00,,1,3,259.0,1
2026-08-25,12381,Poorva Express,PNME,Parasnath,6,12:34,12:36,3,5,3,306.0,1
2026-08-25,12381,Poorva Express,KQR,Koderma Jn,7,13:19,13:21,12,13,4,382.0,1
2026-08-25,12381,Poorva Express,GAYA,Gaya Jn,8,14:40,14:45,3,5,1,458.0,1
2026-08-25,12381,Poorva Express,RFJ,Rafiganj,9,15:14,15:16,14,15,2,495.0,1
2026-08-25,12381,Poorva Express,AUBR,Anugraha N Road,10,15:36,15:38,19,21,2,526.0,1
2026-08-25,12381,Poorva Express,DOS,Dehri On Sone,11,15:52,15:54,25,26,3,543.0,1
2026-08-25,12381,Poorva Express,SSM,Sasaram,12,16:08,16:10,27,28,2,561.0,1
2026-08-25,12381,Poorva Express,BBU,Bhabua Road,13,16:36,16:38,40,42,2,608.0,1
2026-08-25,12381,Poorva Express,DDU,Dd Upadhyaya Jn,14,17:50,17:55,20,22,8,661.0,1
2026-08-25,12381,Poorva Express,BSB,Varanasi Jn,15,18:45,18:55,23,24,5,678.0,1
2026-08-25,12381,Poorva Express,JNH,Janghai Jn,16,19:58,20:00,24,27,1,753.0,1
2026-08-25,12381,Poorva Express,PRYJ,Prayagraj Jn.,17,21:30,21:35,35,53,7,812.0,1
2026-08-25,12381,Poorva Express,CNB,Kanpur Central,18,00:02,00:07,57,64,2,1007.0,2
2026-08-25,12381,Poorva Express,ETW,Etawah Jn,19,01:29,01:31,82,84,2,1146.0,2
2026-08-25,12381,Poorva Express,TDL,Tundla Jn,20,02:48,02:50,69,76,4,1238.0,2
2026-08-25,12381,Poorva Express,ALJN,Aligarh Jn,21,03:38,03:40,91,92,4,1316.0,2
2026-08-25,12381,Poorva Express,NDLS,New Delhi,22,06:05,,84,,12,1448.0,2
2026-08-25,12003,Swaran Shatabdi,CNB,Kanpur Central,3,16:48,16:53,2,6,9,74.0,1
2026-08-25,12003,Swaran Shatabdi,PHD,Phaphund,4,17:47,17:48,11,13,3,157.0,1
2026-08-25,12003,Swaran Shatabdi,ETW,Etawah Jn,5,18:18,18:20,15,17,1,214.0,1
2026-08-25,12003,Swaran Shatabdi,TDL,Tundla Jn,6,19:26,19:28,5,8,4,305.0,1
2026-08-25,12003,Swaran Shatabdi,ALJN,Aligarh Jn,7,20:15,20:17,13,17,4,383.0,1
2026-08-25,12003,Swaran Shatabdi,GZB,Ghaziabad,8,21:38,21:40,8,12,5,489.0,1
2026-08-25,12003,Swaran Shatabdi,NDLS,New Delhi,9,22:25,,4,,8,512.0,1
2026-08-25,12004,Shatabdi Express,GZB,Ghaziabad,2,06:40,06:42,7,8,2,24.0,1
2026-08-25,12004,Shatabdi Express,ALJN,Aligarh Jn,3,07:47,07:49,4,8,2,129.0,1
2026-08-25,12004,Shatabdi Express,TDL,Tundla Jn,4,08:45,08:47,,4,5,207.0,1
2026-08-25,12004,Shatabdi Express,ETW,Etawah Jn,5,09:40,09:42,,3,3,299.0,1
2026-08-25,12004,Shatabdi Express,PHD,Phaphund,6,10:14,10:15,3,6,2,355.0,1
2026-08-25,12004,Shatabdi Express,CNB,Kanpur Central,7,11:23,11:28,,5,9,439.0,1
2026-08-25,12004,Shatabdi Express,LJN,Lucknow Ne,9,13:00,,2,,6,512.0,1
2026-08-25,12382,Poorva Express,ALJN,Aligarh Jn,2,19:13,19:15,23,25,3,132.0,1
2026-08-25,12382,Poorva Express,TDL,Tundla Jn,3,20:13,20:15,18,23,5,210.0,1
2026-08-25,12382,Poorva Express,ETW,Etawah Jn,4,21:08,21:10,24,26,3,302.0,1
2026-08-25,12382,Poorva Express,CNB,Kanpur Central,5,22:55,23:05,32,35,4,440.0,1
2026-08-25,12382,Poorva Express,PRYJ,Prayagraj Jn.,6,01:40,01:45,19,31,10,634.0,2
2026-08-25,12382,Poorva Express,JNH,Janghai Jn,7,02:58,03:00,34,36,2,694.0,2
2026-08-25,12382,Poorva Express,BSB,Varanasi Jn,8,04:35,04:45,9,20,5,769.0,2
2026-08-25,12382,Poorva Express,DDU,Dd Upadhyaya Jn,9,06:20,06:25,2,15,3,785.0,2
2026-08-25,12382,Poorva Express,BBU,Bhabua Road,10,07:04,07:06,23,25,3,838.0,2
2026-08-25,12382,Poorva Express,SSM,Sasaram,11,07:34,07:36,31,32,3,885.0,2
2026-08-25,12382,Poorva Express,DOS,Dehri On Sone,12,07:52,07:54,33,33,4,903.0,2
2026-08-25,12382,Poorva Express,AUBR,Anugraha N Road,13,08:08,08:10,33,35,3,920.0,2
2026-08-25,12382,Poorva Express,RFJ,Rafiganj,14,08:31,08:33,38,38,3,951.0,2
2026-08-25,12382,Poorva Express,GAYA,Gaya Jn,15,09:05,09:10,32,34,2,988.0,2
2026-08-25,12382,Poorva Express,KQR,Koderma Jn,16,10:25,10:27,40,41,3,1065.0,2
2026-08-25,12382,Poorva Express,PNME,Parasnath,17,11:11,11:13,46,47,2,1140.0,2
2026-08-25,12382,Poorva Express,DHN,Dhanbad Jn,18,12:00,12:05,39,42,1,1187.0,2
2026-08-25,12382,Poorva Express,ASN,Asansol Jn,19,13:16,13:26,24,28,5,1246.0,2
2026-08-25,12382,Poorva Express,DGR,Durgapur,20,13:54,13:56,43,43,4,1288.0,2
2026-08-25,12382,Poorva Express,BWN,Barddhaman Jn,21,15:03,15:05,27,32,5,1351.0,2
2026-08-25,12382,Poorva Express,HWH,Howrah Jn,22,17:00,,18,,14,1446.0,2
2026-08-25,13288,South Bihar Exp,BTA,Bihta,2,19:04,19:06,42,42,1,22.0,1
2026-08-25,13288,South Bihar Exp,DNR,Danapur,3,19:30,19:40,40,41,1,39.0,1
2026-08-25,13288,South Bihar Exp,PNBE,Patna Jn,4,20:03,20:10,46,49,2,49.0,1
2026-08-25,13288,South Bihar Exp,RJPB,Rajendranagar T,5,20:18,20:23,47,47,4,51.0,1
2026-08-25,13288,South Bihar Exp,PNC,Patna Saheb,6,20:33,20:37,46,46,1,59.0,1
2026-08-25,13288,South Bihar Exp,FUT,Fatuha Jn,7,20:45,20:47,54,54,2,71.0,1
2026-08-25,13288,South Bihar Exp,KOO,Khusropur,8,20:56,20:58,55,58,1,80.0,1
2026-08-25,13288,South Bihar Exp,BKP,Bakhtiyarpur Jn,9,21:10,21:12,61,62,1,95.0,1
2026-08-25,13288,South Bihar Exp,ATL,Athmal Gola,10,21:20,21:22,66,66,2,103.0,1
2026-08-25,13288,South Bihar Exp,BARH,Barh,11,21:31,21:33,68,69,2,112.0,1
2026-08-25,13288,South Bihar Exp,MKA,Mokameh Jn,12,22:00,22:05,65,63,1,138.0,1
2026-08-25,13288,South Bihar Exp,HTZ,Hathidah Jn,13,22:15,22:17,68,68,1,145.0,1
2026-08-25,13288,South Bihar Exp,BRYA,Barhiya,14,22:27,22:29,71,72,1,156.0,1
2026-08-25,13288,South Bihar Exp,LKR,Luckeesarai Jn,16,22:45,22:47,74,73,2,171.0,1
2026-08-25,13288,South Bihar Exp,KIUL,Kiul Jn,17,22:51,22:56,68,68,5,172.0,1
2026-08-25,13288,South Bihar Exp,JMU,Jamui,18,23:18,23:20,68,68,2,200.0,1
2026-08-25,13288,South Bihar Exp,JAJ,Jhajha,19,00:25,00:30,26,37,2,226.0,2
2026-08-25,13288,South Bihar Exp,JSME,Jasidih Jn,20,01:02,01:07,48,49,1,270.0,2
2026-08-25,13288,South Bihar Exp,MDP,Madhupur Jn,21,01:29,01:33,49,48,3,299.0,2
2026-08-25,13288,South Bihar Exp,JMT,Jamtara,22,02:04,02:06,46,46,2,341.0,2
2026-08-25,13288,South Bihar Exp,CRJ,Chittaranjan,23,02:16,02:18,45,46,2,356.0,2
2026-08-25,13288,South Bihar Exp,ASN,Asansol Jn,24,03:20,03:40,30,41,2,381.0,2
2026-08-25,13288,South Bihar Exp,JOC,Joychandi Pahar,26,04:28,04:30,53,56,2,418.0,2
2026-08-25,13288,South Bihar Exp,ANR,Anara,27,04:46,04:48,55,55,1,431.0,2
2026-08-25,13288,South Bihar Exp,PRR,Purulia Jn,28,05:20,05:25,50,50,3,457.0,2
2026-08-25,13288,South Bihar Exp,BBM,Barabhum,29,05:55,05:57,52,53,1,488.0,2
2026-08-25,13288,South Bihar Exp,CNI,Chandil Jn,30,06:30,06:31,41,44,3,510.0,2
2026-08-25,13288,South Bihar Exp,GMH,Gamharia,32,07:00,07:02,59,58,2,536.0,2
2026-08-25,13288,South Bihar Exp,TATA,Tatanagar Jn,33,07:35,08:05,75,77,4,547.0,2
2026-08-25,13288,South Bihar Exp,SINI,Sini Jn,34,08:28,08:30,86,86,2,574.0,2
2026-08-25,13288,South Bihar Exp,RKSN,Rajkharsawan Jn,35,08:44,08:46,93,94,2,589.0,2
2026-08-25,13288,South Bihar Exp,CKP,Chakradharpur,36,09:05,09:10,100,100,1,609.0,2
2026-08-25,13288,South Bihar Exp,GOL,Goilkera,38,09:38,09:40,107,107,2,643.0,2
2026-08-25,13288,South Bihar Exp,MOU,Manoharpur,40,10:10,10:12,107,108,1,670.0,2
2026-08-25,13288,South Bihar Exp,ROU,Rourkela,41,10:52,11:00,113,115,2,710.0,2
2026-08-25,13288,South Bihar Exp,GP,Rajgangpur,42,11:28,11:30,126,124,1,740.0,2
2026-08-25,13288,South Bihar Exp,BMB,Bamra,43,11:56,11:58,129,128,1,775.0,2
2026-08-25,13288,South Bihar Exp,BEH,Bagdihi,44,12:22,12:24,127,126,2,791.0,2
2026-08-25,13288,South Bihar Exp,JSG,Jharsuguda Jn,45,13:05,13:10,93,97,1,811.0,2
2026-08-25,13288,South Bihar Exp,BRJN,Brajrajnagar,46,13:28,13:30,104,102,1,823.0,2
2026-08-25,13288,South Bihar Exp,BPH,Belpahar,47,13:39,13:41,105,105,2,832.0,2
2026-08-25,13288,South Bihar Exp,RIG,Raigarh,48,14:15,14:20,111,114,2,883.0,2
2026-08-25,13288,South Bihar Exp,KHS,Kharsia,49,14:45,14:47,126,126,1,917.0,2
2026-08-25,13288,South Bihar Exp,SKT,Sakti,50,14:58,15:00,136,139,2,933.0,2
2026-08-25,13288,South Bihar Exp,CPH,Champa Jn,51,15:20,15:25,143,142,2,963.0,2
2026-08-25,13288,South Bihar Exp,AKT,Akaltara,52,15:45,15:47,147,147,3,989.0,2
2026-08-25,13288,South Bihar Exp,BSP,Bilaspur Jn,53,17:30,17:45,88,89,2,1016.0,2
2026-08-25,13288,South Bihar Exp,BYT,Bhatapara,54,18:25,18:27,102,102,3,1062.0,2
2026-08-25,13288,South Bihar Exp,TLD,Tilda Neora,55,18:48,18:50,102,102,2,1088.0,2
2026-08-25,13288,South Bihar Exp,R,Raipur Jn,56,19:30,19:35,97,96,2,1126.0,2
2026-08-25,13288,South Bihar Exp,BPHB,Bhilai Pwr Hs,57,20:03,20:05,99,98,2,1153.0,2
2026-08-25,13288,South Bihar Exp,DURG,Durg,58,20:40,,96,,1,1163.0,2
2026-08-25,12165,Ltt Gkp Sf Exp,TNA,Thane,2,06:18,06:20,54,57,7,18.0,1
2026-08-25,12165,Ltt Gkp Sf Exp,KYN,Kalyan Jn,3,06:37,06:40,63,66,4,38.0,1
2026-08-25,12165,Ltt Gkp Sf Exp,NK,Nashik Road,4,09:40,09:45,64,66,2,172.0,1
2026-08-25,12165,Ltt Gkp Sf Exp,MMR,Manmad Jn,5,10:50,10:55,56,58,2,245.0,1
2026-08-25,12165,Ltt Gkp Sf Exp,JL,Jalgaon Jn,6,12:28,12:30,90,92,3,405.0,1
2026-08-25,12165,Ltt Gkp Sf Exp,BSL,Bhusaval Jn,7,13:05,13:10,79,83,6,429.0,1
2026-08-25,12165,Ltt Gkp Sf Exp,ET,Itarsi Jn,8,18:00,18:10,50,62,6,736.0,1
2026-08-25,12165,Ltt Gkp Sf Exp,JBP,Jabalpur,9,21:40,21:50,69,77,5,981.0,1
2026-08-25,12165,Ltt Gkp Sf Exp,KTE,Katni,10,23:05,23:10,75,79,2,1072.0,1
2026-08-25,12165,Ltt Gkp Sf Exp,STA,Satna,11,00:25,00:30,80,82,3,1170.0,2
2026-08-25,12165,Ltt Gkp Sf Exp,PRYJ,Prayagraj Jn.,12,03:50,04:20,72,74,8,1348.0,2
2026-08-25,12165,Ltt Gkp Sf Exp,JNH,Janghai Jn,13,05:29,05:31,64,70,1,1407.0,2
2026-08-25,12165,Ltt Gkp Sf Exp,BOY,Bhadohi,14,06:01,06:03,69,70,1,1438.0,2
2026-08-25,12165,Ltt Gkp Sf Exp,BSB,Varanasi Jn,15,07:10,07:20,67,72,1,1482.0,2
2026-08-25,12165,Ltt Gkp Sf Exp,MAU,Mau Jn,16,08:50,08:55,79,84,2,1575.0,2
2026-08-25,12165,Ltt Gkp Sf Exp,DEOS,Deoria Sadar,17,10:30,10:35,122,122,2,1664.0,2
2026-08-25,12165,Ltt Gkp Sf Exp,GKP,Gorakhpur Jn,18,12:00,,109,,5,1713.0,2
2026-08-25,12426,Jammu Rajdhani,PTKC,PATHANKOT CANTT,3,23:05,23:07,16,19,1,100.0,1
2026-08-25,12426,Jammu Rajdhani,LDH,Ludhiana Jn,4,01:35,01:45,13,16,3,265.0,2
2026-08-25,12426,Jammu Rajdhani,NDLS,New Delhi,5,05:55,,10,,15,577.0,2
2026-08-25,12102,Jananeswari Exp,SRC,Santragachi Jn,2,20:28,20:30,9,13,1,6.0,1
2026-08-25,12102,Jananeswari Exp,KGP,Kharagpur Jn,3,21:55,22:00,13,18,3,113.0,1
2026-08-25,12102,Jananeswari Exp,TATA,Tatanagar Jn,4,00:05,00:10,30,34,3,248.0,2
2026-08-25,12102,Jananeswari Exp,CKP,Chakradharpur,5,01:00,01:05,46,47,1,310.0,2
2026-08-25,12102,Jananeswari Exp,ROU,Rourkela,6,02:30,02:38,58,61,3,411.0,2
2026-08-25,12102,Jananeswari Exp,JSG,Jharsuguda Jn,7,04:28,04:30,29,37,1,512.0,2
2026-08-25,12102,Jananeswari Exp,BSP,Bilaspur Jn,8,07:35,07:50,65,70,5,717.0,2
2026-08-25,12102,Jananeswari Exp,R,Raipur Jn,9,09:25,09:30,77,81,2,827.0,2
2026-08-25,12102,Jananeswari Exp,DURG,Durg,10,10:20,10:25,71,73,2,864.0,2
2026-08-25,12102,Jananeswari Exp,RJN,Raj Nandgaon,11,10:46,10:48,83,85,2,895.0,2
2026-08-25,12102,Jananeswari Exp,G,Gondia Jn,12,12:13,12:15,83,90,3,999.0,2
2026-08-25,12102,Jananeswari Exp,NGP,Nagpur,13,14:15,14:20,93,102,3,1129.0,2
2026-08-25,12102,Jananeswari Exp,BD,Badnera Jn,14,17:07,17:10,95,95,1,1303.0,2
2026-08-25,12102,Jananeswari Exp,AK,Akola Jn,15,18:12,18:15,96,98,1,1382.0,2
2026-08-25,12102,Jananeswari Exp,BSL,Bhusaval Jn,16,20:30,20:35,90,102,2,1522.0,2
2026-08-25,12102,Jananeswari Exp,KYN,Kalyan Jn,17,02:32,02:35,107,107,5,1912.0,3
2026-08-25,12102,Jananeswari Exp,LTT,Lokmanyatilak T,18,04:10,,93,,5,1950.0,3
2026-08-25,12156,Bhopal Express,AGC,Agra Cantt,2,22:38,22:40,30,36,2,188.0,1
2026-08-25,12156,Bhopal Express,MRA,Morena,3,23:52,23:54,24,27,1,268.0,1
2026-08-25,12156,Bhopal Express,GWL,Gwalior,4,00:24,00:26,26,30,1,306.0,2
2026-08-25,12156,Bhopal Express,VGLJ,V Lakshmibai Jhansi Jhs,5,01:50,01:58,24,28,3,403.0,2
2026-08-25,12156,Bhopal Express,BINA,Bina Jn,6,03:50,03:52,30,36,3,556.0,2
2026-08-25,12156,Bhopal Express,BAQ,Ganj Basoda,7,04:23,04:25,38,40,3,601.0,2
2026-08-25,12156,Bhopal Express,BHS,Vidisha,8,04:50,04:52,41,43,3,641.0,2
2026-08-25,12156,Bhopal Express,BPL,Bhopal  Jn,9,05:40,05:45,40,44,1,694.0,2
2026-08-25,12156,Bhopal Express,RKMP,Rani Kamalapati,10,06:20,,21,,5,700.0,2
2026-08-25,12609,Mysuru Express,TRL,Tiruvallur,2,14:08,14:10,7,8,2,41.0,1
2026-08-25,12609,Mysuru Express,AJJ,Arakkonam Jn,3,14:33,14:35,5,5,4,68.0,1
2026-08-25,12609,Mysuru Express,SHU,Sholinghur,4,14:53,14:55,2,4,1,90.0,1
2026-08-25,12609,Mysuru Express,WJR,Walajah Road Jn,5,15:08,15:10,8,10,1,105.0,1
2026-08-25,12609,Mysuru Express,MCN,Mukundarayapurm,6,15:23,15:25,12,13,1,112.0,1
2026-08-25,12609,Mysuru Express,KPD,Katpadi Jn,7,15:43,15:45,14,16,1,129.0,1
2026-08-25,12609,Mysuru Express,GYM,Gudiyattam,8,16:04,16:05,23,24,3,154.0,1
2026-08-25,12609,Mysuru Express,AB,Ambur,9,16:23,16:25,25,25,3,181.0,1
2026-08-25,12609,Mysuru Express,VN,Vaniyambadi,10,16:38,16:40,25,25,3,197.0,1
2026-08-25,12609,Mysuru Express,JTJ,Jolarpettai,11,17:13,17:15,6,11,1,214.0,1
2026-08-25,12609,Mysuru Express,KPN,Kuppam,12,17:52,17:53,12,14,2,254.0,1
2026-08-25,12609,Mysuru Express,BWT,Bangarapet,13,18:19,18:20,16,19,3,288.0,1
2026-08-25,12609,Mysuru Express,MLO,Malur,14,18:40,18:41,30,31,3,315.0,1
2026-08-25,12609,Mysuru Express,WFD,Whitefield,15,18:54,18:55,34,36,3,335.0,1
2026-08-25,12609,Mysuru Express,KJM,Krishnarajapurm,16,19:05,19:06,43,44,4,345.0,1
2026-08-25,12609,Mysuru Express,BNCE,Bengaluru East,17,19:16,19:17,39,40,1,352.0,1
2026-08-25,12609,Mysuru Express,BNC,Bengaluru Cant,18,19:24,19:25,42,45,1,354.0,1
2026-08-25,12609,Mysuru Express,SBC,KSR Bengaluru,19,19:55,20:00,35,40,5,359.0,1
2026-08-25,12609,Mysuru Express,KGI,Kengeri,20,20:19,20:20,39,39,3,371.0,1
2026-08-25,12609,Mysuru Express,RMGM,Ramanagaram,21,20:45,20:46,42,43,3,403.0,1
2026-08-25,12609,Mysuru Express,CPT,Channapatna,22,20:56,20:57,42,43,2,414.0,1
2026-08-25,12609,Mysuru Express,MAD,Maddur,23,21:10,21:11,42,43,1,432.0,1
2026-08-25,12609,Mysuru Express,MYA,Mandya,24,21:28,21:29,42,43,2,452.0,1
2026-08-25,12609,Mysuru Express,PANP,Pandavapura,25,21:44,21:45,52,53,2,477.0,1
2026-08-25,12609,Mysuru Express,MYS,Mysuru Jn,26,22:50,23:00,13,,1,496.0,1
2026-08-25,12714,Satavahana Sf,CHZ,Charlapalli,2,16:44,16:45,13,14,3,13.0,1
2026-08-25,12714,Satavahana Sf,KZJ,Kazipet Jn,4,18:13,18:15,30,33,1,132.0,1
2026-08-25,12714,Satavahana Sf,WL,Warangal,5,18:34,18:35,44,47,1,142.0,1
2026-08-25,12714,Satavahana Sf,KDM,Kesamudram,6,19:04,19:05,40,43,1,188.0,1
2026-08-25,12714,Satavahana Sf,MABD,Mahbubabad,7,19:19,19:20,47,48,1,203.0,1
2026-08-25,12714,Satavahana Sf,DKJ,Dornakal Jn,8,19:39,19:40,54,56,3,227.0,1
2026-08-25,12714,Satavahana Sf,KMT,Khammam,9,19:59,20:00,57,58,1,250.0,1
2026-08-25,12714,Satavahana Sf,MDR,Madhira,10,20:39,20:40,70,72,1,294.0,1
2026-08-25,12714,Satavahana Sf,BZA,Vijayawada Jn,11,22:20,,31,,10,350.0,1
2026-08-25,12377,Padatik Express,BWN,Barddhaman Jn,2,00:42,00:44,56,57,1,101.0,2
2026-08-25,12377,Padatik Express,BHP,Bolpur S Niktn,3,01:30,01:32,57,58,1,153.0,2
2026-08-25,12377,Padatik Express,RPH,Rampur Hat,4,02:22,02:27,64,63,2,213.0,2
2026-08-25,12377,Padatik Express,MLDT,Malda Town,5,05:15,05:20,33,45,6,335.0,2
2026-08-25,12377,Padatik Express,SM,Samsi,6,05:48,05:50,50,52,2,369.0,2
2026-08-25,12377,Padatik Express,DLK,Dalkolha,7,07:00,07:02,91,92,1,452.0,2
2026-08-25,12377,Padatik Express,KNE,Kishanganj,8,07:25,07:27,93,95,1,480.0,2
2026-08-25,12377,Padatik Express,NJP,New Jalpaiguri,9,09:05,09:15,90,104,4,567.0,2
2026-08-25,12377,Padatik Express,JPE,Jalpaiguri Road,10,09:48,09:50,99,101,2,601.0,2
2026-08-25,12377,Padatik Express,MHBA,Mathabhanga,12,10:48,10:50,107,108,1,664.0,2
2026-08-25,12377,Padatik Express,NCB,New Cooch Behar,13,11:18,11:20,105,106,4,695.0,2
2026-08-25,12377,Padatik Express,NOQ,New Alipurduar,14,12:25,,93,,2,713.0,2
2026-08-25,12425,Jammu Rajdhani,LDH,Ludhiana Jn,2,00:28,00:38,4,11,2,312.0,2
2026-08-25,12425,Jammu Rajdhani,PTKC,PATHANKOT CANTT,3,03:10,03:12,5,10,2,478.0,2
2026-08-25,12425,Jammu Rajdhani,JAT,Jammu Tawi,5,05:00,,2,,1,577.0,2
2026-08-25,12854,Amarkantak Exp,RKMP,Rani Kamalapati,2,16:11,16:13,4,6,4,7.0,1
2026-08-25,12854,Amarkantak Exp,ODG,Obaidulla Ganj,3,16:32,16:34,9,10,1,36.0,1
2026-08-25,12854,Amarkantak Exp,NDPM,Narmadapuram,4,17:13,17:15,15,17,2,74.0,1
2026-08-25,12854,Amarkantak Exp,ET,Itarsi Jn,5,17:40,17:55,15,21,2,92.0,1
2026-08-25,12854,Amarkantak Exp,SGP,Sohagpur,6,18:29,18:30,25,25,1,142.0,1
2026-08-25,12854,Amarkantak Exp,PPI,Pipariya,7,18:46,18:48,27,28,1,159.0,1
2026-08-25,12854,Amarkantak Exp,BKH,Bankhedi,8,19:04,19:05,29,30,2,178.0,1
2026-08-25,12854,Amarkantak Exp,GAR,Gadarwara,9,19:24,19:25,35,37,1,209.0,1
2026-08-25,12854,Amarkantak Exp,KY,Kareli,10,19:47,19:48,36,39,1,237.0,1
2026-08-25,12854,Amarkantak Exp,NU,Narsinghpur,11,20:02,20:04,38,40,1,253.0,1
2026-08-25,12854,Amarkantak Exp,SRID,Shridham,12,20:27,20:28,42,42,2,284.0,1
2026-08-25,12854,Amarkantak Exp,MML,Madan Mahal,13,21:12,21:14,33,38,4,334.0,1
2026-08-25,12854,Amarkantak Exp,JBP,Jabalpur,14,21:25,21:35,38,42,6,337.0,1
2026-08-25,12854,Amarkantak Exp,SHR,Sihora Road,15,22:13,22:15,40,41,1,376.0,1
2026-08-25,12854,Amarkantak Exp,KTES,Katni South,16,23:00,23:05,40,39,2,427.0,1
2026-08-25,12854,Amarkantak Exp,UMR,Umaria,17,00:24,00:26,41,42,1,487.0,2
2026-08-25,12854,Amarkantak Exp,BRS,Birsinghpur,18,00:45,00:47,46,47,1,516.0,2
2026-08-25,12854,Amarkantak Exp,SDL,Shahdol,19,01:28,01:30,47,51,1,554.0,2
2026-08-25,12854,Amarkantak Exp,BUH,Burhar,20,01:46,01:48,58,58,1,573.0,2
2026-08-25,12854,Amarkantak Exp,AAL,Amlai,21,01:57,01:59,57,58,3,582.0,2
2026-08-25,12854,Amarkantak Exp,APR,Anuppur Jn,22,02:17,02:20,51,51,1,595.0,2
2026-08-25,12854,Amarkantak Exp,PND,Pendra Road,23,02:58,03:00,55,55,1,645.0,2
2026-08-25,12854,Amarkantak Exp,USL,Uslapur,24,04:55,05:05,51,56,1,737.0,2
2026-08-25,12854,Amarkantak Exp,BYT,Bhatapara,25,05:46,05:48,74,74,3,789.0,2
2026-08-25,12854,Amarkantak Exp,TLD,Tilda Neora,26,06:08,06:10,73,74,2,815.0,2
2026-08-25,12854,Amarkantak Exp,R,Raipur Jn,27,06:55,07:00,70,69,1,853.0,2
2026-08-25,12854,Amarkantak Exp,BPHB,Bhilai Pwr Hs,28,07:31,07:33,96,95,2,881.0,2
2026-08-25,12854,Amarkantak Exp,DURG,Durg,29,08:05,,101,,1,890.0,2
2026-08-25,12378,Padatik Express,NCB,New Cooch Behar,2,18:00,18:02,45,48,1,19.0,1
2026-08-25,12378,Padatik Express,MHBA,Mathabhanga,3,18:30,18:32,48,49,1,50.0,1
2026-08-25,12378,Padatik Express,JPE,Jalpaiguri Road,5,19:33,19:35,47,49,1,113.0,1
2026-08-25,12378,Padatik Express,NJP,New Jalpaiguri,6,20:20,20:30,44,67,6,146.0,1
2026-08-25,12378,Padatik Express,KNE,Kishanganj,7,21:33,21:35,92,94,2,234.0,1
2026-08-25,12378,Padatik Express,DLK,Dalkolha,8,22:00,22:02,84,85,2,262.0,1
2026-08-25,12378,Padatik Express,SM,Samsi,9,23:30,23:32,83,85,1,344.0,1
2026-08-25,12378,Padatik Express,MLDT,Malda Town,10,00:30,00:35,68,78,3,379.0,2
2026-08-25,12378,Padatik Express,RPH,Rampur Hat,11,02:28,02:33,81,81,1,500.0,2
2026-08-25,12378,Padatik Express,BHP,Bolpur S Niktn,12,03:14,03:16,92,93,2,561.0,2
2026-08-25,12378,Padatik Express,BWN,Barddhaman Jn,13,04:06,04:08,97,99,5,612.0,2
2026-08-25,12378,Padatik Express,SDAH,Sealdah,14,06:45,,86,,14,713.0,2
2026-08-25,19016,Saurashtra Exp,RWO,Ranavav,2,22:55,22:56,11,11,1,14.0,1
2026-08-25,19016,Saurashtra Exp,WSJ,Wansjaliya,3,23:10,23:11,12,13,1,34.0,1
2026-08-25,19016,Saurashtra Exp,BNVD,Bhanvad,4,23:25,23:26,17,20,1,53.0,1
2026-08-25,19016,Saurashtra Exp,LPJ,Lalpur Jam,5,00:00,00:01,21,23,1,89.0,2
2026-08-25,19016,Saurashtra Exp,JAM,Jamnagar,6,00:54,00:59,21,23,2,132.0,2
2026-08-25,19016,Saurashtra Exp,HAPA,Hapa,7,01:13,01:15,22,27,1,141.0,2
2026-08-25,19016,Saurashtra Exp,RJT,Rajkot Jn,8,02:47,02:52,47,48,3,217.0,2
2026-08-25,19016,Saurashtra Exp,WKR,Wankaner Jn,9,03:30,03:32,19,26,2,259.0,2
2026-08-25,19016,Saurashtra Exp,THAN,Than Jn,10,03:55,03:57,24,25,2,285.0,2
2026-08-25,19016,Saurashtra Exp,SUNR,Surendranagar,11,04:39,04:41,23,23,2,333.0,2
2026-08-25,19016,Saurashtra Exp,VG,Viramgam Jn,12,05:50,05:52,21,26,2,398.0,2
2026-08-25,19016,Saurashtra Exp,SAU,Sanand,13,06:21,06:23,24,28,2,435.0,2
2026-08-25,19016,Saurashtra Exp,CLDY,Chandlodiya,14,06:38,06:40,25,25,2,453.0,2
2026-08-25,19016,Saurashtra Exp,SBT,Sabarmati JN,15,06:49,06:51,26,26,2,458.0,2
2026-08-25,19016,Saurashtra Exp,ADI,Ahmedabad Jn,16,07:10,07:20,15,23,4,464.0,2
2026-08-25,19016,Saurashtra Exp,MAN,Maninagar,17,07:29,07:31,28,28,2,467.0,2
2026-08-25,19016,Saurashtra Exp,BJD,Barejadi,18,08:03,08:05,24,26,1,480.0,2
2026-08-25,19016,Saurashtra Exp,MHD,Mhmdvd Kheda Rd,19,08:16,08:18,24,34,1,492.0,2
2026-08-25,19016,Saurashtra Exp,ND,Nadiad Jn,20,08:45,08:47,20,24,1,509.0,2
2026-08-25,19016,Saurashtra Exp,KBRV,Kanjari Boriyav,21,08:57,08:58,21,25,2,520.0,2
2026-08-25,19016,Saurashtra Exp,ANND,Anand Jn,22,09:06,09:08,23,25,4,528.0,2
2026-08-25,19016,Saurashtra Exp,VDA,Vasad Jn,23,09:23,09:25,22,27,1,543.0,2
2026-08-25,19016,Saurashtra Exp,BRC,Vadodara Jn,24,09:56,10:01,22,23,1,563.0,2
2026-08-25,19016,Saurashtra Exp,VS,Vishvamitri,25,10:09,10:11,21,22,2,566.0,2
2026-08-25,19016,Saurashtra Exp,ITA,Itola,26,10:23,10:25,26,27,2,581.0,2
2026-08-25,19016,Saurashtra Exp,MYG,Miyagam Karjan,27,10:35,10:37,27,29,2,593.0,2
2026-08-25,19016,Saurashtra Exp,PLJ,Palej,28,10:50,10:52,27,31,1,608.0,2
2026-08-25,19016,Saurashtra Exp,NIU,Nabipur,29,11:03,11:05,33,35,1,621.0,2
2026-08-25,19016,Saurashtra Exp,BH,Bharuch Jn,30,11:20,11:25,35,36,4,633.0,2
2026-08-25,19016,Saurashtra Exp,AKV,Ankleshwar Jn,31,11:34,11:36,36,39,2,643.0,2
2026-08-25,19016,Saurashtra Exp,PAO,Panoli,32,11:50,11:52,33,35,3,653.0,2
2026-08-25,19016,Saurashtra Exp,KSB,Kosamba Jn,33,12:08,12:10,29,30,2,661.0,2
2026-08-25,19016,Saurashtra Exp,KIM,Kim,34,12:18,12:20,27,30,2,669.0,2
2026-08-25,19016,Saurashtra Exp,SYN,Sayan,35,12:29,12:30,31,34,3,679.0,2
2026-08-25,19016,Saurashtra Exp,ST,Surat,36,13:12,13:17,10,16,2,692.0,2
2026-08-25,19016,Saurashtra Exp,UDN,Udhna Jn,37,13:23,13:25,19,23,2,696.0,2
2026-08-25,19016,Saurashtra Exp,MRL,Maroli,38,13:48,13:50,13,18,2,713.0,2
2026-08-25,19016,Saurashtra Exp,NVS,Navsari,39,13:58,14:00,14,18,2,722.0,2
2026-08-25,19016,Saurashtra Exp,AML,Amalsad,40,14:23,14:25,19,20,2,737.0,2
2026-08-25,19016,Saurashtra Exp,BIM,Bilimora Jn,41,14:33,14:35,19,20,2,743.0,2
2026-08-25,19016,Saurashtra Exp,BL,Valsad,42,14:50,14:55,13,18,3,761.0,2
2026-08-25,19016,Saurashtra Exp,PAD,Pardi,43,15:08,15:10,14,17,3,771.0,2
2026-08-25,19016,Saurashtra Exp,UVD,Udvada,44,15:18,15:20,16,16,2,777.0,2
2026-08-25,19016,Saurashtra Exp,VAPI,Vapi,45,15:33,15:35,11,14,2,785.0,2
2026-08-25,19016,Saurashtra Exp,BLD,Bhilad,46,15:48,15:50,12,13,3,798.0,2
2026-08-25,19016,Saurashtra Exp,SJN,Sanjan,47,15:58,16:00,16,17,2,810.0,2
2026-08-25,19016,Saurashtra Exp,UBR,Umbargam Road,48,16:08,16:10,14,16,3,815.0,2
2026-08-25,19016,Saurashtra Exp,GVD,Gholvad,49,16:18,16:20,13,20,3,824.0,2
2026-08-25,19016,Saurashtra Exp,DRD,Dahanu Road,50,16:33,16:35,10,11,2,835.0,2
2026-08-25,19016,Saurashtra Exp,BOR,Boisar,51,16:53,16:55,10,13,3,856.0,2
2026-08-25,19016,Saurashtra Exp,PLG,Palghar,52,17:08,17:10,9,10,2,868.0,2
2026-08-25,19016,Saurashtra Exp,SAH,Saphale,53,17:23,17:25,9,11,2,882.0,2
2026-08-25,19016,Saurashtra Exp,VR,Virar,54,17:43,17:45,6,7,5,899.0,2
2026-08-25,19016,Saurashtra Exp,BVI,Borivali,55,18:12,18:15,24,25,7,925.0,2
2026-08-25,19016,Saurashtra Exp,DDR,Dadar,56,19:20,,31,43,7,949.0,2
2026-08-25,12932,Mmct Doubledecke,ND,Nadiad Jn,2,06:15,06:17,5,5,1,46.0,1
2026-08-25,12932,Mmct Doubledecke,ANND,Anand Jn,3,06:39,06:41,10,10,4,64.0,1
2026-08-25,12932,Mmct Doubledecke,BRC,Vadodara Jn,4,07:08,07:13,11,12,1,100.0,1
2026-08-25,12932,Mmct Doubledecke,BH,Bharuch Jn,5,08:03,08:05,12,13,4,170.0,1
2026-08-25,12932,Mmct Doubledecke,ST,Surat,6,09:07,09:12,2,6,2,229.0,1
2026-08-25,12932,Mmct Doubledecke,NVS,Navsari,7,09:29,09:30,7,8,2,259.0,1
2026-08-25,12932,Mmct Doubledecke,BL,Valsad,8,10:03,10:05,11,13,3,298.0,1
2026-08-25,12932,Mmct Doubledecke,VAPI,Vapi,9,10:20,10:22,17,18,2,322.0,1
2026-08-25,12932,Mmct Doubledecke,BVI,Borivali,10,12:07,12:10,21,21,7,462.0,1
2026-08-25,12932,Mmct Doubledecke,MMCT,Mumbai Central,11,13:05,,4,,5,491.0,1
2026-08-25,12010,Mmct Shatabdi Ex,ND,Nadiad Jn,2,15:39,15:41,9,9,1,46.0,1
2026-08-25,12010,Mmct Shatabdi Ex,ANND,Anand Jn,3,15:58,16:00,6,7,4,64.0,1
2026-08-25,12010,Mmct Shatabdi Ex,BRC,Vadodara Jn,4,16:30,16:35,5,5,1,100.0,1
2026-08-25,12010,Mmct Shatabdi Ex,BH,Bharuch Jn,5,17:22,17:24,5,6,4,170.0,1
2026-08-25,12010,Mmct Shatabdi Ex,ST,Surat,6,18:10,18:15,5,5,2,229.0,1
2026-08-25,12010,Mmct Shatabdi Ex,VAPI,Vapi,7,19:18,19:20,6,8,2,322.0,1
2026-08-25,12010,Mmct Shatabdi Ex,BVI,Borivali,8,20:48,20:50,21,21,7,462.0,1
2026-08-25,12010,Mmct Shatabdi Ex,MMCT,Mumbai Central,9,21:45,,6,,3,491.0,1
2026-08-25,12155,Rkmp Nzm Sf Exp,BPL,Bhopal  Jn,2,22:53,22:58,7,8,2,7.0,1
2026-08-25,12155,Rkmp Nzm Sf Exp,BHS,Vidisha,3,23:33,23:35,11,13,1,60.0,1
2026-08-25,12155,Rkmp Nzm Sf Exp,BAQ,Ganj Basoda,4,23:57,23:59,22,24,1,99.0,1
2026-08-25,12155,Rkmp Nzm Sf Exp,BINA,Bina Jn,5,00:45,00:47,14,16,4,145.0,2
2026-08-25,12155,Rkmp Nzm Sf Exp,VGLJ,V Lakshmibai Jhansi Jhs,6,02:27,02:32,22,25,4,297.0,2
2026-08-25,12155,Rkmp Nzm Sf Exp,GWL,Gwalior,7,03:30,03:32,43,46,2,395.0,2
2026-08-25,12155,Rkmp Nzm Sf Exp,MRA,Morena,8,04:00,04:02,47,49,2,433.0,2
2026-08-25,12155,Rkmp Nzm Sf Exp,AGC,Agra Cantt,9,05:15,05:17,33,37,2,513.0,2
2026-08-25,12155,Rkmp Nzm Sf Exp,NZM,H Nizamuddin,10,08:00,,56,,6,700.0,2
2026-08-25,12351,Hwh Rjpb Exp,BWN,Barddhaman Jn,2,21:32,21:34,11,11,1,95.0,1
2026-08-25,12351,Hwh Rjpb Exp,DGR,Durgapur,3,22:22,22:24,11,12,3,158.0,1
2026-08-25,12351,Hwh Rjpb Exp,RNG,Raniganj,4,22:43,22:45,16,19,2,182.0,1
2026-08-25,12351,Hwh Rjpb Exp,ASN,Asansol Jn,5,23:00,23:05,9,12,4,200.0,1
2026-08-25,12351,Hwh Rjpb Exp,CRJ,Chittaranjan,6,23:28,23:30,19,20,3,225.0,1
2026-08-25,12351,Hwh Rjpb Exp,MDP,Madhupur Jn,7,00:19,00:24,14,14,2,282.0,2
2026-08-25,12351,Hwh Rjpb Exp,JSME,Jasidih Jn,8,01:00,01:05,18,20,2,311.0,2
2026-08-25,12351,Hwh Rjpb Exp,JAJ,Jhajha,9,02:10,02:15,,5,3,355.0,2
2026-08-25,12351,Hwh Rjpb Exp,JMU,Jamui,10,02:35,02:37,9,11,1,381.0,2
2026-08-25,12351,Hwh Rjpb Exp,KIUL,Kiul Jn,12,03:11,03:13,10,10,3,409.0,2
2026-08-25,12351,Hwh Rjpb Exp,LKR,Luckeesarai Jn,13,03:17,03:19,12,13,3,410.0,2
2026-08-25,12351,Hwh Rjpb Exp,BRYA,Barhiya,14,03:35,03:37,16,18,2,425.0,2
2026-08-25,12351,Hwh Rjpb Exp,HTZ,Hathidah Jn,15,03:46,03:48,24,24,2,435.0,2
2026-08-25,12351,Hwh Rjpb Exp,MKA,Mokameh Jn,16,03:56,03:58,24,24,3,443.0,2
2026-08-25,12351,Hwh Rjpb Exp,BARH,Barh,17,04:15,04:17,30,31,3,468.0,2
2026-08-25,12351,Hwh Rjpb Exp,BKP,Bakhtiyarpur Jn,18,04:33,04:35,30,32,2,486.0,2
2026-08-25,12351,Hwh Rjpb Exp,KOO,Khusropur,19,04:48,04:50,37,37,2,501.0,2
2026-08-25,12351,Hwh Rjpb Exp,FUT,Fatuha Jn,20,04:59,05:01,38,40,3,510.0,2
2026-08-25,12351,Hwh Rjpb Exp,PNC,Patna Saheb,21,05:15,05:20,34,33,2,522.0,2
2026-08-25,12351,Hwh Rjpb Exp,RJPB,Rajendranagar T,22,06:10,,9,,2,529.0,2
2026-08-25,12007,Mys Shatabdi,KPD,Katpadi Jn,2,07:28,07:30,5,7,1,130.0,1
2026-08-25,12007,Mys Shatabdi,SBC,KSR Bengaluru,3,10:30,10:35,7,10,7,362.0,1
2026-08-25,12352,Rjpb Hwh Exp,PNC,Patna Saheb,2,21:38,21:43,4,4,1,8.0,1
2026-08-25,12352,Rjpb Hwh Exp,FUT,Fatuha Jn,3,21:51,21:53,10,10,2,20.0,1
2026-08-25,12352,Rjpb Hwh Exp,KOO,Khusropur,4,22:02,22:04,11,11,1,29.0,1
2026-08-25,12352,Rjpb Hwh Exp,BKP,Bakhtiyarpur Jn,5,22:16,22:18,11,11,1,44.0,1
2026-08-25,12352,Rjpb Hwh Exp,BARH,Barh,6,22:31,22:33,19,19,2,62.0,1
2026-08-25,12352,Rjpb Hwh Exp,MKA,Mokameh Jn,7,22:51,22:53,18,18,1,87.0,1
2026-08-25,12352,Rjpb Hwh Exp,HTZ,Hathidah Jn,8,23:02,23:04,23,23,1,94.0,1
2026-08-25,12352,Rjpb Hwh Exp,BRYA,Barhiya,9,23:13,23:15,26,26,1,105.0,1
2026-08-25,12352,Rjpb Hwh Exp,LKR,Luckeesarai Jn,10,23:30,23:32,27,28,2,120.0,1
2026-08-25,12352,Rjpb Hwh Exp,KIUL,Kiul Jn,11,23:36,23:38,26,27,5,121.0,1
2026-08-25,12352,Rjpb Hwh Exp,JMU,Jamui,13,00:08,00:10,27,27,2,149.0,2
2026-08-25,12352,Rjpb Hwh Exp,JAJ,Jhajha,14,00:55,01:00,,3,2,175.0,2
2026-08-25,12352,Rjpb Hwh Exp,JSME,Jasidih Jn,15,01:29,01:31,10,11,1,219.0,2
2026-08-25,12352,Rjpb Hwh Exp,MDP,Madhupur Jn,16,01:51,01:56,10,9,3,248.0,2
2026-08-25,12352,Rjpb Hwh Exp,CRJ,Chittaranjan,17,02:35,02:37,8,9,2,305.0,2
2026-08-25,12352,Rjpb Hwh Exp,ASN,Asansol Jn,18,03:15,03:20,2,5,5,330.0,2
2026-08-25,12352,Rjpb Hwh Exp,RNG,Raniganj,19,03:36,03:38,16,16,4,348.0,2
2026-08-25,12352,Rjpb Hwh Exp,DGR,Durgapur,20,03:55,03:57,17,17,4,372.0,2
2026-08-25,12352,Rjpb Hwh Exp,BWN,Barddhaman Jn,21,04:54,04:56,1,6,5,435.0,2
2026-08-25,12352,Rjpb Hwh Exp,HWH,Howrah Jn,22,06:40,,3,,8,529.0,2
2026-08-25,12402,Ddn Kota Ac Exp,HW,Haridwar Jn,2,00:09,00:14,4,6,1,52.0,2
2026-08-25,12402,Ddn Kota Ac Exp,RK,Roorkee,3,00:52,00:54,10,12,3,93.0,2
2026-08-25,12402,Ddn Kota Ac Exp,MOZ,Muzaffarnagar,4,02:11,02:13,8,9,2,177.0,2
2026-08-25,12402,Ddn Kota Ac Exp,MTC,Meerut City,5,02:53,02:55,10,11,2,232.0,2
2026-08-25,12402,Ddn Kota Ac Exp,GZB,Ghaziabad,6,03:47,03:49,8,12,2,280.0,2
2026-08-25,12402,Ddn Kota Ac Exp,NZM,H Nizamuddin,7,04:30,04:45,9,13,1,302.0,2
2026-08-25,12402,Ddn Kota Ac Exp,MTJ,Mathura Jn,8,06:18,06:20,30,33,3,436.0,2
2026-08-25,12402,Ddn Kota Ac Exp,BTE,Bharatpur Jn,9,06:43,06:45,33,33,3,469.0,2
2026-08-25,12402,Ddn Kota Ac Exp,BXN,Bayana Jn,10,07:08,07:10,39,39,2,511.0,2
2026-08-25,12402,Ddn Kota Ac Exp,HAN,Hindaun City,11,07:31,07:33,38,39,1,544.0,2
2026-08-25,12402,Ddn Kota Ac Exp,GGC,Gangapur City,12,08:03,08:05,37,38,2,588.0,2
2026-08-25,12402,Ddn Kota Ac Exp,SWM,Sawai Madhopur,13,08:43,08:45,41,42,2,652.0,2
2026-08-25,12402,Ddn Kota Ac Exp,KOTA,Kota Jn,14,10:35,,11,,3,760.0,2
2026-08-25,12401,Kota Ddn Ac Exp,SWM,Sawai Madhopur,2,18:55,18:57,11,10,1,108.0,1
2026-08-25,12401,Kota Ddn Ac Exp,GGC,Gangapur City,3,19:38,19:40,11,14,1,172.0,1
2026-08-25,12401,Kota Ddn Ac Exp,HAN,Hindaun City,4,20:08,20:10,12,13,2,216.0,1
2026-08-25,12401,Kota Ddn Ac Exp,BXN,Bayana Jn,5,20:31,20:33,15,16,1,249.0,1
2026-08-25,12401,Kota Ddn Ac Exp,BTE,Bharatpur Jn,6,20:58,21:00,13,15,4,291.0,1
2026-08-25,12401,Kota Ddn Ac Exp,MTJ,Mathura Jn,7,21:38,21:40,7,8,4,324.0,1
2026-08-25,12401,Kota Ddn Ac Exp,NZM,H Nizamuddin,8,23:35,23:50,,5,1,458.0,1
2026-08-25,12401,Kota Ddn Ac Exp,GZB,Ghaziabad,9,00:26,00:28,11,11,1,481.0,2
2026-08-25,12401,Kota Ddn Ac Exp,MTC,Meerut City,10,01:04,01:06,17,19,3,528.0,2
2026-08-25,12401,Kota Ddn Ac Exp,MOZ,Muzaffarnagar,11,01:44,01:46,17,17,1,583.0,2
2026-08-25,12401,Kota Ddn Ac Exp,RK,Roorkee,12,03:01,03:03,5,10,1,667.0,2
2026-08-25,12401,Kota Ddn Ac Exp,HW,Haridwar Jn,13,03:55,04:00,4,9,1,708.0,2
2026-08-25,12610,Chennai Express,PANP,Pandavapura,3,05:29,05:30,6,7,1,24.0,1
2026-08-25,12610,Chennai Express,MYA,Mandya,4,05:50,05:51,8,8,3,49.0,1
2026-08-25,12610,Chennai Express,MAD,Maddur,5,06:06,06:07,6,6,2,68.0,1
2026-08-25,12610,Chennai Express,CPT,Channapatna,6,06:20,06:21,8,9,3,87.0,1
2026-08-25,12610,Chennai Express,RMGM,Ramanagaram,7,06:31,06:32,8,8,2,98.0,1
2026-08-25,12610,Chennai Express,KGI,Kengeri,8,06:57,06:58,15,17,2,130.0,1
2026-08-25,12610,Chennai Express,SBC,KSR Bengaluru,9,07:50,07:55,21,23,5,142.0,1
2026-08-25,12610,Chennai Express,BNC,Bengaluru Cant,10,08:05,08:06,24,24,2,147.0,1
2026-08-25,12610,Chennai Express,KJM,Krishnarajapurm,11,08:19,08:20,28,29,2,156.0,1
2026-08-25,12610,Chennai Express,WFD,Whitefield,12,08:29,08:30,34,35,2,166.0,1
2026-08-25,12610,Chennai Express,MLO,Malur,13,08:44,08:45,35,37,2,186.0,1
2026-08-25,12610,Chennai Express,BWT,Bangarapet,14,09:04,09:05,36,37,4,213.0,1
2026-08-25,12610,Chennai Express,KPN,Kuppam,15,09:29,09:30,34,38,1,247.0,1
2026-08-25,12610,Chennai Express,JTJ,Jolarpettai,16,10:38,10:40,25,32,5,287.0,1
2026-08-25,12610,Chennai Express,VN,Vaniyambadi,17,10:57,10:59,28,30,2,304.0,1
2026-08-25,12610,Chennai Express,AB,Ambur,18,11:10,11:12,30,31,2,320.0,1
2026-08-25,12610,Chennai Express,GYM,Gudiyattam,19,11:35,11:37,29,30,2,347.0,1
2026-08-25,12610,Chennai Express,KPD,Katpadi Jn,20,11:58,12:00,31,35,2,372.0,1
2026-08-25,12610,Chennai Express,MCN,Mukundarayapurm,21,12:15,12:17,30,30,2,389.0,1
2026-08-25,12610,Chennai Express,WJR,Walajah Road Jn,22,12:25,12:27,29,31,2,396.0,1
2026-08-25,12610,Chennai Express,SHU,Sholinghur,23,12:38,12:40,31,32,2,411.0,1
2026-08-25,12610,Chennai Express,AJJ,Arakkonam Jn,24,12:58,13:00,34,36,5,433.0,1
2026-08-25,12610,Chennai Express,TRL,Tiruvallur,25,13:23,13:25,35,36,1,460.0,1
2026-08-25,12610,Chennai Express,PER,Perambur,26,13:53,13:55,33,35,1,496.0,1
2026-08-25,12610,Chennai Express,MAS,Mgr Chennai Ctl,27,14:35,,13,,8,501.0,1
2026-08-25,12001,Ndls Shatabdi,BPL,Bhopal  Jn,2,15:22,15:25,16,15,2,7.0,1
2026-08-25,12001,Ndls Shatabdi,BINA,Bina Jn,3,17:00,17:02,10,15,5,145.0,1
2026-08-25,12001,Ndls Shatabdi,LAR,Lalitpur Jn,4,17:35,17:36,24,26,3,208.0,1
2026-08-25,12001,Ndls Shatabdi,VGLJ,V Lakshmibai Jhansi Jhs,5,18:40,18:45,16,19,4,297.0,1
2026-08-25,12001,Ndls Shatabdi,GWL,Gwalior,6,19:40,19:45,30,30,2,395.0,1
2026-08-25,12001,Ndls Shatabdi,MRA,Morena,7,20:10,20:11,31,34,2,433.0,1
2026-08-25,12001,Ndls Shatabdi,DHO,Dhaulpur,8,20:45,20:46,18,20,3,461.0,1
2026-08-25,12001,Ndls Shatabdi,AGC,Agra Cantt,9,21:20,21:25,21,24,2,513.0,1
2026-08-25,12001,Ndls Shatabdi,MTJ,Mathura Jn,10,22:00,22:01,26,29,2,567.0,1
2026-08-25,12001,Ndls Shatabdi,NDLS,New Delhi,11,23:50,,9,,1,707.0,1
2026-08-25,12166,Gkp Ltt Express,DEOS,Deoria Sadar,2,16:20,16:25,103,103,3,50.0,1
2026-08-25,12166,Gkp Ltt Express,MAU,Mau Jn,3,17:55,18:00,130,131,1,139.0,1
2026-08-25,12166,Gkp Ltt Express,BSB,Varanasi Jn,4,20:10,20:20,106,114,3,231.0,1
2026-08-25,12166,Gkp Ltt Express,BOY,Bhadohi,5,20:58,21:00,120,122,2,276.0,1
2026-08-25,12166,Gkp Ltt Express,JNH,Janghai Jn,6,21:28,21:30,124,127,1,307.0,1
2026-08-25,12166,Gkp Ltt Express,PRYJ,Prayagraj Jn.,7,23:00,23:25,117,137,7,366.0,1
2026-08-25,12166,Gkp Ltt Express,STA,Satna,8,02:00,02:05,153,153,1,544.0,2
2026-08-25,12166,Gkp Ltt Express,KTE,Katni,9,03:28,03:30,171,176,3,642.0,2
2026-08-25,12166,Gkp Ltt Express,JBP,Jabalpur,10,04:50,05:00,176,178,1,733.0,2
2026-08-25,12166,Gkp Ltt Express,ET,Itarsi Jn,11,08:40,08:50,137,141,6,978.0,2
2026-08-25,12166,Gkp Ltt Express,BSL,Bhusaval Jn,12,13:15,13:20,132,140,3,1285.0,2
2026-08-25,12166,Gkp Ltt Express,JL,Jalgaon Jn,13,13:50,13:52,133,135,2,1309.0,2
2026-08-25,12166,Gkp Ltt Express,MMR,Manmad Jn,14,15:52,15:55,141,144,3,1469.0,2
2026-08-25,12166,Gkp Ltt Express,NK,Nashik Road,15,16:50,16:55,146,147,3,1542.0,2
2026-08-25,12166,Gkp Ltt Express,KYN,Kalyan Jn,16,19:47,19:50,167,167,5,1676.0,2
2026-08-25,12166,Gkp Ltt Express,TNA,Thane,17,20:12,20:15,164,165,8,1696.0,2
2026-08-25,12166,Gkp Ltt Express,LTT,Lokmanyatilak T,18,20:50,,172,,3,1713.0,2
2026-08-25,12261,Howrah Duronto,KYN,Kalyan Jn,2,17:59,18:01,181,183,4,54.0,1
2026-08-25,12261,Howrah Duronto,BSL,Bhusaval Jn,3,22:55,23:00,205,208,5,445.0,1
2026-08-25,12261,Howrah Duronto,NGP,Nagpur,5,04:10,04:15,201,205,4,837.0,2
2026-08-25,12261,Howrah Duronto,R,Raipur Jn,6,08:13,08:15,198,204,6,1139.0,2
2026-08-25,12261,Howrah Duronto,BSP,Bilaspur Jn,7,09:50,10:00,215,227,3,1250.0,2
2026-08-25,12261,Howrah Duronto,TATA,Tatanagar Jn,8,16:10,16:20,335,335,4,1719.0,2
2026-08-25,12261,Howrah Duronto,HWH,Howrah Jn,9,20:40,,356,,24,1968.0,2
2026-08-25,22436,Vande Bharat Ex,CNB,Kanpur Central,2,10:08,10:10,4,9,5,441.0,1
2026-08-25,22436,Vande Bharat Ex,PRYJ,Prayagraj Jn.,3,12:08,12:10,8,11,6,636.0,1
2026-08-25,12432,Tvc Rajdhani,KOTA,Kota Jn,2,10:45,10:55,30,32,2,458.0,1
2026-08-25,12432,Tvc Rajdhani,RTM,Ratlam Jn,3,14:02,14:05,13,18,4,724.0,1
2026-08-25,12432,Tvc Rajdhani,BRC,Vadodara Jn,4,17:27,17:37,11,13,1,986.0,1
2026-08-25,12432,Tvc Rajdhani,ST,Surat,5,19:14,19:17,10,12,2,1115.0,1
2026-08-25,12432,Tvc Rajdhani,BSR,Vasai Road,6,21:40,21:45,10,14,7,1330.0,1
2026-08-25,12432,Tvc Rajdhani,PNVL,Panvel,7,22:57,23:00,11,16,6,1397.0,1
2026-08-25,12432,Tvc Rajdhani,RN,Ratnagiri,8,03:50,03:55,29,37,1,1759.0,2
2026-08-25,12432,Tvc Rajdhani,MAO,Madgaon,10,08:25,08:35,22,34,2,2094.0,2
2026-08-25,12432,Tvc Rajdhani,KAWR,Karwar,11,09:26,09:28,29,34,1,2176.0,2
2026-08-25,12432,Tvc Rajdhani,UD,Udupi,12,12:48,12:50,21,26,1,2443.0,2
2026-08-25,12432,Tvc Rajdhani,MAJN,Mangaluru Jn,13,14:05,14:10,15,25,3,2524.0,2
2026-08-25,12432,Tvc Rajdhani,KGQ,Kasaragod,14,14:49,14:50,27,29,1,2571.0,2
2026-08-25,12432,Tvc Rajdhani,CAN,Kannur,15,16:07,16:10,17,20,3,2657.0,2
2026-08-25,12432,Tvc Rajdhani,CLT,Kozhikkode,16,17:32,17:35,18,23,1,2746.0,2
2026-08-25,12432,Tvc Rajdhani,SRR,Shoranur Jn,17,19:20,19:25,,17,6,2832.0,2
2026-08-25,12432,Tvc Rajdhani,TCR,Thrisur,18,20:08,20:10,19,22,1,2865.0,2
2026-08-25,12432,Tvc Rajdhani,ERS,Ernakulam Jn,19,21:25,21:30,21,26,1,2939.0,2
2026-08-25,12432,Tvc Rajdhani,ALLP,Alleppey,20,22:28,22:30,28,36,1,2996.0,2
2026-08-25,12432,Tvc Rajdhani,QLN,Kollam Jn,21,00:03,00:05,19,25,1,3080.0,3
2026-08-25,12002,Shatabdi Expres,MTJ,Mathura Jn,2,07:19,07:20,20,21,1,141.0,1
2026-08-25,12002,Shatabdi Expres,AGC,Agra Cantt,3,07:50,07:55,28,29,1,195.0,1
2026-08-25,12002,Shatabdi Expres,DHO,Dhaulpur,4,08:39,08:40,20,20,4,247.0,1
2026-08-25,12002,Shatabdi Expres,MRA,Morena,5,08:57,08:58,22,23,1,275.0,1
2026-08-25,12002,Shatabdi Expres,GWL,Gwalior,6,09:23,09:28,24,23,1,313.0,1
2026-08-25,12002,Shatabdi Expres,VGLJ,V Lakshmibai Jhansi Jhs,7,10:45,10:50,16,16,1,410.0,1
2026-08-25,12002,Shatabdi Expres,LAR,Lalitpur Jn,8,11:42,11:43,21,24,2,500.0,1
2026-08-25,12002,Shatabdi Expres,BINA,Bina Jn,9,12:40,12:42,10,12,3,563.0,1
2026-08-25,12002,Shatabdi Expres,BPL,Bhopal  Jn,10,14:12,14:15,16,19,1,701.0,1
2026-08-25,12002,Shatabdi Expres,RKMP,Rani Kamalapati,11,14:40,,6,,1,707.0,1
2026-08-25,12853,Amarkantak Exp,BPHB,Bhilai Pwr Hs,2,18:34,18:36,4,4,1,10.0,1
2026-08-25,12853,Amarkantak Exp,R,Raipur Jn,3,19:05,19:10,7,8,3,37.0,1
2026-08-25,12853,Amarkantak Exp,TLD,Tilda Neora,4,19:41,19:43,18,18,3,75.0,1
2026-08-25,12853,Amarkantak Exp,BYT,Bhatapara,5,20:03,20:05,18,20,4,101.0,1
2026-08-25,12853,Amarkantak Exp,USL,Uslapur,6,21:10,21:20,6,13,2,153.0,1
2026-08-25,12853,Amarkantak Exp,PND,Pendra Road,7,22:43,22:45,34,36,3,248.0,1
2026-08-25,12853,Amarkantak Exp,APR,Anuppur Jn,8,23:24,23:27,32,33,4,298.0,1
2026-08-25,12853,Amarkantak Exp,AAL,Amlai,9,23:38,23:40,35,36,4,310.0,1
2026-08-25,12853,Amarkantak Exp,BUH,Burhar,10,23:48,23:50,36,37,2,319.0,1
2026-08-25,12853,Amarkantak Exp,SDL,Shahdol,11,00:18,00:20,27,30,2,339.0,2
2026-08-25,12853,Amarkantak Exp,BRS,Birsinghpur,12,00:54,00:56,35,36,2,376.0,2
2026-08-25,12853,Amarkantak Exp,UMR,Umaria,13,01:22,01:24,32,33,2,406.0,2
2026-08-25,12853,Amarkantak Exp,KTES,Katni South,14,02:50,02:55,33,38,2,466.0,2
2026-08-25,12853,Amarkantak Exp,SHR,Sihora Road,15,03:28,03:30,46,47,2,517.0,2
2026-08-25,12853,Amarkantak Exp,JBP,Jabalpur,16,04:15,04:25,39,42,1,555.0,2
2026-08-25,12853,Amarkantak Exp,MML,Madan Mahal,17,04:33,04:35,41,41,2,559.0,2
2026-08-25,12853,Amarkantak Exp,SRID,Shridham,18,04:58,05:00,49,50,3,608.0,2
2026-08-25,12853,Amarkantak Exp,NU,Narsinghpur,19,05:33,05:35,44,45,2,639.0,2
2026-08-25,12853,Amarkantak Exp,KY,Kareli,20,05:48,05:50,48,48,2,655.0,2
2026-08-25,12853,Amarkantak Exp,GAR,Gadarwara,21,06:10,06:12,49,50,2,684.0,2
2026-08-25,12853,Amarkantak Exp,BKH,Bankhedi,22,06:33,06:35,52,52,1,714.0,2
2026-08-25,12853,Amarkantak Exp,PPI,Pipariya,23,06:48,06:50,55,58,3,733.0,2
2026-08-25,12853,Amarkantak Exp,SGP,Sohagpur,24,07:09,07:10,52,54,2,751.0,2
2026-08-25,12853,Amarkantak Exp,ET,Itarsi Jn,25,08:20,08:30,37,47,2,801.0,2
2026-08-25,12853,Amarkantak Exp,NDPM,Narmadapuram,26,08:48,08:50,54,55,1,818.0,2
2026-08-25,12853,Amarkantak Exp,ODG,Obaidulla Ganj,27,09:32,09:34,56,57,2,863.0,2
2026-08-25,12853,Amarkantak Exp,RKMP,Rani Kamalapati,28,10:03,10:05,53,55,3,893.0,2
2026-08-25,12853,Amarkantak Exp,BPL,Bhopal  Jn,29,10:30,,44,,4,899.0,2
2026-08-25,12009,Adi Shatabdi Exp,BVI,Borivali,2,06:43,06:45,12,13,6,30.0,1
2026-08-25,12009,Adi Shatabdi Exp,VAPI,Vapi,3,08:05,08:07,19,20,1,170.0,1
2026-08-25,12009,Adi Shatabdi Exp,ST,Surat,4,09:21,09:24,13,14,1,263.0,1
2026-08-25,12009,Adi Shatabdi Exp,BH,Bharuch Jn,5,10:02,10:04,13,15,3,322.0,1
2026-08-25,12009,Adi Shatabdi Exp,BRC,Vadodara Jn,6,10:54,10:59,10,11,2,392.0,1
2026-08-25,12009,Adi Shatabdi Exp,ANND,Anand Jn,7,11:30,11:32,11,11,3,427.0,1
2026-08-25,12009,Adi Shatabdi Exp,ND,Nadiad Jn,8,11:46,11:48,9,12,2,446.0,1
2026-08-25,22435,Vande Bharat Ex,PRYJ,Prayagraj Jn.,2,16:30,16:32,15,18,6,135.0,1
2026-08-25,22435,Vande Bharat Ex,CNB,Kanpur Central,3,18:30,18:32,21,24,1,330.0,1
2026-08-25,22435,Vande Bharat Ex,NDLS,New Delhi,4,23:00,,20,,16,771.0,1
2026-08-25,12975,Mys Jp Exp,MYA,Mandya,2,11:11,11:12,2,4,3,46.0,1
2026-08-25,12975,Mys Jp Exp,SBC,KSR Bengaluru,3,12:40,13:00,1,5,5,139.0,1
2026-08-25,12975,Mys Jp Exp,BNC,Bengaluru Cant,4,13:11,13:12,8,10,2,143.0,1
2026-08-25,12975,Mys Jp Exp,HUP,Hindupur,5,14:49,14:50,17,20,2,249.0,1
2026-08-25,12975,Mys Jp Exp,DMM,Dharmavaram Jn,6,16:25,16:30,,5,1,328.0,1
2026-08-25,12975,Mys Jp Exp,ATP,Anantapur,7,17:03,17:05,3,6,1,361.0,1
2026-08-25,12975,Mys Jp Exp,GTL,Guntakal Jn,8,18:30,18:40,,11,7,447.0,1
2026-08-25,12975,Mys Jp Exp,DHNE,Dhone,9,20:10,20:15,2,12,1,515.0,1
2026-08-25,12975,Mys Jp Exp,KRNT,Kurnool City,10,21:18,21:20,1,7,3,569.0,1
2026-08-25,12975,Mys Jp Exp,GWD,Gadwal,11,22:15,22:16,9,15,1,624.0,1
2026-08-25,12975,Mys Jp Exp,MBNR,Mahbubnagar,12,23:33,23:35,33,33,2,699.0,1
2026-08-25,12975,Mys Jp Exp,KCG,Kacheguda,14,01:30,01:40,3,9,1,805.0,2
2026-08-25,12975,Mys Jp Exp,KZJ,Kazipet Jn,15,04:08,04:10,39,39,1,943.0,2
2026-08-25,12975,Mys Jp Exp,MCI,Manchiryal,16,05:34,05:35,60,62,1,1049.0,2
2026-08-25,12975,Mys Jp Exp,BPA,Bellampalli,17,05:54,05:55,65,69,1,1069.0,2
2026-08-25,12975,Mys Jp Exp,SKZR,Sirpur Kagazngr,18,06:29,06:30,76,77,1,1107.0,2
2026-08-25,12975,Mys Jp Exp,BPQ,Balharshah,19,07:40,07:45,62,65,4,1177.0,2
2026-08-25,12975,Mys Jp Exp,CD,Chandrapur,20,08:00,08:02,62,65,2,1191.0,2
2026-08-25,12975,Mys Jp Exp,SEGM,Sevagram,21,09:43,09:45,89,89,3,1312.0,2
2026-08-25,12975,Mys Jp Exp,NGP,Nagpur,22,11:05,11:10,69,77,1,1388.0,2
2026-08-25,12975,Mys Jp Exp,PAR,Pandhurna,23,12:29,12:30,87,88,3,1492.0,2
2026-08-25,12975,Mys Jp Exp,BZU,Betul,24,13:48,13:50,88,90,2,1578.0,2
2026-08-25,12975,Mys Jp Exp,ET,Itarsi Jn,25,15:55,16:00,66,70,3,1685.0,2
2026-08-25,12975,Mys Jp Exp,NDPM,Narmadapuram,26,16:18,16:20,74,75,1,1703.0,2
2026-08-25,12975,Mys Jp Exp,RKMP,Rani Kamalapati,27,17:28,17:30,66,70,3,1777.0,2
2026-08-25,12975,Mys Jp Exp,BPL,Bhopal  Jn,28,17:50,18:00,63,66,3,1783.0,2
2026-08-25,12975,Mys Jp Exp,SEH,Sehore,30,18:47,18:49,62,66,1,1822.0,2
2026-08-25,12975,Mys Jp Exp,SJP,Shujalpur,31,19:25,19:27,60,62,1,1864.0,2
2026-08-25,12975,Mys Jp Exp,BCH,Berchha,32,20:03,20:05,62,63,2,1907.0,2
2026-08-25,12975,Mys Jp Exp,UJN,Ujjain Jn,33,21:15,21:25,38,46,2,1967.0,2
2026-08-25,12975,Mys Jp Exp,NAD,Nagda Jn,34,23:00,23:15,3,25,2,2022.0,2
2026-08-25,12975,Mys Jp Exp,VMA,Vikramgarh Alot,35,23:40,23:42,38,40,2,2062.0,2
2026-08-25,12975,Mys Jp Exp,CMU,Chau Mahla,36,23:56,23:58,41,44,1,2086.0,2
2026-08-25,12975,Mys Jp Exp,SGZ,Shamgarh,37,00:23,00:25,43,45,2,2113.0,3
2026-08-25,12975,Mys Jp Exp,BWM,Bhawani Mandi,38,00:53,00:55,36,37,2,2147.0,3
2026-08-25,12975,Mys Jp Exp,RMA,Ramganj Mandi,39,01:13,01:15,37,39,2,2175.0,3
2026-08-25,12975,Mys Jp Exp,KOTA,Kota Jn,40,02:15,02:25,36,35,1,2247.0,3
2026-08-25,12975,Mys Jp Exp,SWM,Sawai Madhopur,41,04:00,04:20,21,30,1,2355.0,3
2026-08-25,12975,Mys Jp Exp,DPA,Durgapura,42,06:02,06:05,16,29,1,2479.0,3
2026-08-25,12975,Mys Jp Exp,JP,Jaipur,43,06:45,,6,,5,2486.0,3
2026-08-25,22824,Bbs Tejas Raj,CNB,Kanpur Central,2,21:40,21:45,,10,5,441.0,1
2026-08-25,22824,Bbs Tejas Raj,PRYJ,Prayagraj Jn.,3,23:51,23:53,19,25,4,636.0,1
2026-08-25,22824,Bbs Tejas Raj,DDU,Dd Upadhyaya Jn,4,01:43,01:50,24,24,3,788.0,2
2026-08-25,22824,Bbs Tejas Raj,GAYA,Gaya Jn,5,04:10,04:13,25,29,2,991.0,2
2026-08-25,22824,Bbs Tejas Raj,KQR,Koderma Jn,6,05:18,05:20,25,26,3,1067.0,2
2026-08-25,22824,Bbs Tejas Raj,GMO,Nsc Bose J Gomo,7,06:25,06:30,19,28,2,1161.0,2
2026-08-25,22824,Bbs Tejas Raj,BKSC,Bokaro Stl City,8,07:25,07:30,13,18,2,1193.0,2
2026-08-25,22824,Bbs Tejas Raj,MURI,Muri,9,08:18,08:20,20,23,3,1245.0,2
2026-08-25,22824,Bbs Tejas Raj,TATA,Tatanagar Jn,10,10:35,10:40,21,29,5,1349.0,2
2026-08-25,22824,Bbs Tejas Raj,HIJ,Hijli,11,12:40,12:50,30,33,2,1484.0,2
2026-08-25,22824,Bbs Tejas Raj,BLS,Balasore,12,14:08,14:10,26,29,2,1596.0,2
2026-08-25,22824,Bbs Tejas Raj,BHC,Bhadrak,13,15:05,15:07,12,22,2,1658.0,2
2026-08-25,22824,Bbs Tejas Raj,CTC,Cuttack,14,16:33,16:35,26,28,3,1773.0,2
2026-08-25,22824,Bbs Tejas Raj,BBS,Bhubaneswar,15,17:30,,17,,5,1801.0,2
2026-08-25,12431,Rajdhani Exp,QLN,Kollam Jn,2,15:34,15:36,40,42,2,65.0,1
2026-08-25,12431,Rajdhani Exp,ALLP,Alleppey,3,16:53,16:55,48,52,1,149.0,1
2026-08-25,12431,Rajdhani Exp,ERS,Ernakulam Jn,4,18:25,18:30,42,44,1,206.0,1
2026-08-25,12431,Rajdhani Exp,TCR,Thrisur,5,20:05,20:07,41,42,2,280.0,1
2026-08-25,12431,Rajdhani Exp,SRR,Shoranur Jn,6,20:55,21:00,38,42,7,313.0,1
2026-08-25,12431,Rajdhani Exp,CLT,Kozhikkode,7,22:17,22:20,40,41,4,399.0,1
2026-08-25,12431,Rajdhani Exp,CAN,Kannur,8,23:37,23:40,39,41,1,488.0,1
2026-08-25,12431,Rajdhani Exp,KGQ,Kasaragod,9,00:44,00:45,38,39,2,574.0,2
2026-08-25,12431,Rajdhani Exp,MAJN,Mangaluru Jn,10,01:45,01:50,30,37,1,621.0,2
2026-08-25,12431,Rajdhani Exp,UD,Udupi,11,03:20,03:22,31,38,1,702.0,2
2026-08-25,12431,Rajdhani Exp,KAWR,Karwar,12,06:18,06:20,48,63,1,969.0,2
2026-08-25,12431,Rajdhani Exp,MAO,Madgaon,13,07:50,08:00,45,48,2,1051.0,2
2026-08-25,12431,Rajdhani Exp,RN,Ratnagiri,15,12:40,12:45,70,75,2,1386.0,2
2026-08-25,12431,Rajdhani Exp,PNVL,Panvel,16,17:52,17:55,68,77,5,1748.0,2
2026-08-25,12431,Rajdhani Exp,BSR,Vasai Road,17,19:30,19:35,70,82,6,1815.0,2
2026-08-25,12431,Rajdhani Exp,ST,Surat,18,22:15,22:18,78,80,1,2030.0,2
2026-08-25,12431,Rajdhani Exp,BRC,Vadodara Jn,19,23:51,23:59,81,81,3,2159.0,2
2026-08-25,12431,Rajdhani Exp,RTM,Ratlam Jn,20,03:47,03:50,70,74,5,2421.0,3
2026-08-25,12431,Rajdhani Exp,KOTA,Kota Jn,21,06:45,06:55,77,78,1,2687.0,3
2026-08-25,12431,Rajdhani Exp,NZM,H Nizamuddin,22,12:30,,64,,3,3144.0,3
2026-08-25,12008,Shatabdi Exp,SBC,KSR Bengaluru,2,16:05,16:10,9,10,6,139.0,1
2026-08-25,12008,Shatabdi Exp,KPD,Katpadi Jn,3,19:23,19:25,12,14,2,371.0,1
2026-08-25,12008,Shatabdi Exp,MAS,Mgr Chennai Ctl,4,21:25,,5,,1,500.0,1
2026-08-25,12260,Sdah Duronto,SDGH,Sri Dungargarh,2,13:00,13:02,8,8,1,74.0,1
2026-08-25,12260,Sdah Duronto,RTGH,Ratangarh Jn,3,13:45,13:48,10,13,1,138.0,1
2026-08-25,12260,Sdah Duronto,CUR,Churu,4,14:28,14:33,13,15,1,181.0,1
2026-08-25,12260,Sdah Duronto,SDLP,Sadulpur Jn,5,15:15,15:18,17,16,3,238.0,1
2026-08-25,12260,Sdah Duronto,LHU,Loharu,6,15:55,15:58,25,25,1,288.0,1
2026-08-25,12260,Sdah Duronto,NDLS,New Delhi,7,19:30,19:45,,9,13,463.0,1
2026-08-25,12260,Sdah Duronto,CNB,Kanpur Central,8,00:35,00:40,24,30,5,903.0,2
2026-08-25,12260,Sdah Duronto,DDU,Dd Upadhyaya Jn,9,04:33,04:40,35,36,1,1251.0,2
2026-08-25,12260,Sdah Duronto,KQR,Koderma Jn,10,07:55,07:57,48,48,3,1530.0,2
2026-08-25,12260,Sdah Duronto,DHN,Dhanbad Jn,11,09:12,09:17,53,54,1,1653.0,2
2026-08-25,12260,Sdah Duronto,SDAH,Sealdah,12,13:30,,38,,14,1918.0,2
2026-08-25,12262,Csmt Duronto Ex,TATA,Tatanagar Jn,2,08:38,08:48,121,122,3,250.0,1
2026-08-25,12262,Csmt Duronto Ex,BSP,Bilaspur Jn,3,14:55,15:05,197,201,3,719.0,1
2026-08-25,12262,Csmt Duronto Ex,R,Raipur Jn,4,16:35,16:37,209,212,1,829.0,1
2026-08-25,12262,Csmt Duronto Ex,NGP,Nagpur,5,20:50,20:55,219,224,4,1131.0,1
2026-08-25,12262,Csmt Duronto Ex,BSL,Bhusaval Jn,7,01:25,01:30,257,260,4,1524.0,2
2026-08-25,12262,Csmt Duronto Ex,KYN,Kalyan Jn,8,07:00,07:02,297,298,5,1915.0,2
2026-08-25,12262,Csmt Duronto Ex,CSMT,C Shivaji Mah T,9,08:15,,298,,13,1968.0,2
2026-08-25,12713,Satavahana Sf,MDR,Madhira,2,07:14,07:15,22,23,2,56.0,1
2026-08-25,12713,Satavahana Sf,KMT,Khammam,3,07:49,07:50,36,37,2,100.0,1
2026-08-25,12713,Satavahana Sf,DKJ,Dornakal Jn,4,08:09,08:10,35,37,1,123.0,1
2026-08-25,12713,Satavahana Sf,MABD,Mahbubabad,5,08:29,08:30,42,44,2,147.0,1
2026-08-25,12713,Satavahana Sf,KDM,Kesamudram,6,08:44,08:45,43,44,2,163.0,1
2026-08-25,12713,Satavahana Sf,WL,Warangal,7,09:28,09:30,42,45,4,208.0,1
2026-08-25,12713,Satavahana Sf,KZJ,Kazipet Jn,8,09:49,09:50,49,51,3,218.0,1
2026-08-25,12713,Satavahana Sf,CHZ,Charlapalli,10,11:54,11:55,52,53,4,337.0,1
2026-08-25,12713,Satavahana Sf,SC,Secunderabad Jn,11,12:40,,46,,9,350.0,1
2026-08-25,22823,Tejas Raj Exp,CTC,Cuttack,2,09:54,09:56,14,17,1,28.0,1
2026-08-25,22823,Tejas Raj Exp,BHC,Bhadrak,3,11:30,11:32,,7,3,144.0,1
2026-08-25,22823,Tejas Raj Exp,BLS,Balasore,4,12:08,12:10,15,17,3,206.0,1
2026-08-25,22823,Tejas Raj Exp,HIJ,Hijli,5,13:32,13:40,9,12,1,318.0,1
2026-08-25,22823,Tejas Raj Exp,TATA,Tatanagar Jn,6,15:45,15:50,12,17,3,452.0,1
2026-08-25,22823,Tejas Raj Exp,MURI,Muri,7,17:55,17:57,16,17,3,556.0,1
2026-08-25,22823,Tejas Raj Exp,BKSC,Bokaro Stl City,8,18:50,18:55,9,13,1,608.0,1
2026-08-25,22823,Tejas Raj Exp,GMO,Nsc Bose J Gomo,9,20:00,20:05,,9,3,641.0,1
2026-08-25,22823,Tejas Raj Exp,KQR,Koderma Jn,10,20:56,20:58,19,21,4,734.0,1
2026-08-25,22823,Tejas Raj Exp,GAYA,Gaya Jn,11,22:17,22:20,4,10,1,810.0,1
2026-08-25,22823,Tejas Raj Exp,DDU,Dd Upadhyaya Jn,12,00:33,00:40,14,15,6,1013.0,2
2026-08-25,22823,Tejas Raj Exp,PRYJ,Prayagraj Jn.,13,02:30,02:32,16,19,2,1166.0,2
2026-08-25,22823,Tejas Raj Exp,CNB,Kanpur Central,14,04:35,04:40,17,20,3,1360.0,2
2026-08-25,22823,Tejas Raj Exp,NDLS,New Delhi,15,09:55,,19,,11,1801.0,2
2026-08-25,12274,Hwh Duronto Exp,CNB,Kanpur Central,2,17:35,17:40,10,14,6,441.0,1
2026-08-25,12274,Hwh Duronto Exp,DDU,Dd Upadhyaya Jn,3,22:03,22:10,5,13,1,788.0,1
2026-08-25,12274,Hwh Duronto Exp,PNBE,Patna Jn,4,00:43,00:50,31,32,3,1000.0,2
2026-08-25,12274,Hwh Duronto Exp,JSME,Jasidih Jn,5,04:49,04:51,17,22,1,1221.0,2
2026-08-25,12274,Hwh Duronto Exp,ASN,Asansol Jn,6,07:26,07:31,4,8,5,1332.0,2
2026-08-25,12274,Hwh Duronto Exp,HWH,Howrah Jn,7,10:35,,6,,14,1531.0,2
2026-08-25,12989,Ddr Ajmer Sf Exp,BVI,Borivali,2,15:22,15:25,8,9,6,24.0,1
2026-08-25,12989,Ddr Ajmer Sf Exp,BL,Valsad,3,17:30,17:35,4,7,2,189.0,1
2026-08-25,12989,Ddr Ajmer Sf Exp,NVS,Navsari,4,18:03,18:05,4,8,1,228.0,1
2026-08-25,12989,Ddr Ajmer Sf Exp,ST,Surat,5,18:58,19:03,13,17,1,257.0,1
2026-08-25,12989,Ddr Ajmer Sf Exp,BH,Bharuch Jn,6,19:47,19:49,16,19,3,316.0,1
2026-08-25,12989,Ddr Ajmer Sf Exp,BRC,Vadodara Jn,7,20:58,21:03,10,12,3,386.0,1
2026-08-25,12989,Ddr Ajmer Sf Exp,ANND,Anand Jn,8,21:46,21:48,9,11,3,422.0,1
2026-08-25,12989,Ddr Ajmer Sf Exp,ND,Nadiad Jn,9,22:03,22:05,10,12,2,440.0,1
2026-08-25,12989,Ddr Ajmer Sf Exp,ADI,Ahmedabad Jn,10,22:50,23:00,9,17,3,486.0,1
2026-08-25,12989,Ddr Ajmer Sf Exp,MSH,Mahesana Jn,11,00:14,00:16,15,18,4,555.0,2
2026-08-25,12989,Ddr Ajmer Sf Exp,UJA,Unjha,12,00:34,00:36,30,30,1,575.0,2
2026-08-25,12989,Ddr Ajmer Sf Exp,PNU,Palanpur Jn,13,01:38,01:40,,5,2,620.0,2
2026-08-25,12989,Ddr Ajmer Sf Exp,ABR,Abu Road,14,02:20,02:30,6,8,1,673.0,2
2026-08-25,12989,Ddr Ajmer Sf Exp,PDWA,Pindwara,15,03:03,03:05,9,10,1,716.0,2
2026-08-25,12989,Ddr Ajmer Sf Exp,FA,Falna,17,03:52,03:54,6,8,2,771.0,2
2026-08-25,12989,Ddr Ajmer Sf Exp,RANI,Rani,18,04:06,04:08,6,9,1,786.0,2
2026-08-25,12989,Ddr Ajmer Sf Exp,MJ,Marwar Jn,19,04:55,05:00,1,6,1,838.0,2
2026-08-25,12989,Ddr Ajmer Sf Exp,SOD,Sojat Road,20,05:18,05:20,4,7,1,859.0,2
2026-08-25,12989,Ddr Ajmer Sf Exp,BER,Beawar,21,06:10,06:12,,4,2,925.0,2
2026-08-25,12027,Mas Sbc Shatabdi,KPD,Katpadi Jn,2,18:58,19:00,12,15,1,130.0,1
2026-08-25,12027,Mas Sbc Shatabdi,JTJ,Jolarpettai,3,20:08,20:10,2,5,1,214.0,1
2026-08-25,12027,Mas Sbc Shatabdi,BNC,Bengaluru Cant,4,22:04,22:05,14,18,1,358.0,1
2026-08-25,12027,Mas Sbc Shatabdi,SBC,KSR Bengaluru,5,22:25,,11,,7,362.0,1
2026-08-25,12259,Bkn Duronto Exp,DHN,Dhanbad Jn,2,20:30,20:35,,6,3,266.0,1
2026-08-25,12259,Bkn Duronto Exp,KQR,Koderma Jn,3,21:45,21:47,18,18,4,388.0,1
2026-08-25,12259,Bkn Duronto Exp,DDU,Dd Upadhyaya Jn,4,01:20,01:27,12,13,4,667.0,2
2026-08-25,12259,Bkn Duronto Exp,CNB,Kanpur Central,5,05:25,05:30,15,19,3,1015.0,2
2026-08-25,12259,Bkn Duronto Exp,NDLS,New Delhi,6,11:00,11:15,13,19,9,1455.0,2
2026-08-25,12259,Bkn Duronto Exp,LHU,Loharu,7,13:50,13:53,30,32,3,1630.0,2
2026-08-25,12259,Bkn Duronto Exp,SDLP,Sadulpur Jn,8,14:27,14:30,40,41,4,1680.0,2
2026-08-25,12259,Bkn Duronto Exp,CUR,Churu,9,15:15,15:20,47,49,2,1738.0,2
2026-08-25,12259,Bkn Duronto Exp,RTGH,Ratangarh Jn,10,15:52,15:55,54,55,2,1780.0,2
2026-08-25,12259,Bkn Duronto Exp,SDGH,Sri Dungargarh,11,16:37,16:39,57,57,2,1845.0,2
2026-08-25,12259,Bkn Duronto Exp,BKN,Bikaner Jn,12,18:35,,14,,2,1918.0,2
2026-08-25,12976,Jp Mysore Exp,DPA,Durgapura,2,19:44,19:47,8,9,1,8.0,1
2026-08-25,12976,Jp Mysore Exp,SWM,Sawai Madhopur,3,21:25,21:40,,7,2,132.0,1
2026-08-25,12976,Jp Mysore Exp,KOTA,Kota Jn,4,22:50,23:00,16,20,2,240.0,1
2026-08-25,12976,Jp Mysore Exp,RMA,Ramganj Mandi,5,23:43,23:45,37,39,1,312.0,1
2026-08-25,12976,Jp Mysore Exp,BWM,Bhawani Mandi,6,00:03,00:05,40,39,1,340.0,2
2026-08-25,12976,Jp Mysore Exp,SGZ,Shamgarh,7,00:33,00:35,36,39,1,373.0,2
2026-08-25,12976,Jp Mysore Exp,CMU,Chau Mahla,8,01:03,01:05,34,34,2,402.0,2
2026-08-25,12976,Jp Mysore Exp,VMA,Vikramgarh Alot,9,01:43,01:45,14,24,1,425.0,2
2026-08-25,12976,Jp Mysore Exp,NAD,Nagda Jn,10,02:55,03:10,,7,3,465.0,2
2026-08-25,12976,Jp Mysore Exp,UJN,Ujjain Jn,11,04:05,04:15,4,3,1,519.0,2
2026-08-25,12976,Jp Mysore Exp,BCH,Berchha,12,05:05,05:07,,1,1,580.0,2
2026-08-25,12976,Jp Mysore Exp,SJP,Shujalpur,13,05:42,05:44,1,2,2,623.0,2
2026-08-25,12976,Jp Mysore Exp,SEH,Sehore,14,06:14,06:16,,1,2,664.0,2
2026-08-25,12976,Jp Mysore Exp,SHRN,S Hirdaramnagar,15,06:55,06:57,,1,2,693.0,2
2026-08-25,12976,Jp Mysore Exp,BPL,Bhopal  Jn,16,07:15,07:20,9,15,4,703.0,2
2026-08-25,12976,Jp Mysore Exp,RKMP,Rani Kamalapati,17,07:35,07:37,12,15,4,709.0,2
2026-08-25,12976,Jp Mysore Exp,NDPM,Narmadapuram,18,08:33,08:35,16,18,2,777.0,2
2026-08-25,12976,Jp Mysore Exp,ET,Itarsi Jn,19,09:15,09:20,5,9,2,795.0,2
2026-08-25,12976,Jp Mysore Exp,BZU,Betul,20,10:58,11:00,18,19,1,901.0,2
2026-08-25,12976,Jp Mysore Exp,PAR,Pandhurna,21,12:09,12:10,35,36,2,988.0,2
2026-08-25,12976,Jp Mysore Exp,NGP,Nagpur,22,14:10,14:15,2,15,2,1092.0,2
2026-08-25,12976,Jp Mysore Exp,SEGM,Sevagram,23,15:08,15:10,37,38,4,1168.0,2
2026-08-25,12976,Jp Mysore Exp,CD,Chandrapur,24,16:48,16:50,52,53,1,1289.0,2
2026-08-25,12976,Jp Mysore Exp,BPQ,Balharshah,25,17:45,17:50,8,21,1,1303.0,2
2026-08-25,12976,Jp Mysore Exp,SKZR,Sirpur Kagazngr,26,18:39,18:40,42,44,2,1373.0,2
2026-08-25,12976,Jp Mysore Exp,BPA,Bellampalli,27,19:04,19:05,64,65,2,1411.0,2
2026-08-25,12976,Jp Mysore Exp,MCI,Manchiryal,28,19:19,19:20,74,76,2,1431.0,2
2026-08-25,12976,Jp Mysore Exp,KZJ,Kazipet Jn,29,21:18,21:20,91,95,2,1537.0,2
2026-08-25,12976,Jp Mysore Exp,KCG,Kacheguda,30,23:55,00:05,71,88,2,1675.0,3
2026-08-25,12976,Jp Mysore Exp,MBNR,Mahbubnagar,32,01:48,01:50,86,87,1,1781.0,3
2026-08-25,12976,Jp Mysore Exp,GWD,Gadwal,33,03:09,03:10,99,100,2,1856.0,3
2026-08-25,12976,Jp Mysore Exp,KRNT,Kurnool City,34,04:18,04:20,90,91,2,1911.0,3
2026-08-25,12976,Jp Mysore Exp,DHNE,Dhone,35,05:20,05:25,57,62,1,1965.0,3
2026-08-25,12976,Jp Mysore Exp,GTL,Guntakal Jn,36,06:55,07:05,55,60,7,2033.0,3
2026-08-25,12976,Jp Mysore Exp,ATP,Anantapur,37,08:28,08:30,65,65,4,2119.0,3
2026-08-25,12976,Jp Mysore Exp,DMM,Dharmavaram Jn,38,09:15,09:20,48,58,1,2153.0,3
2026-08-25,12976,Jp Mysore Exp,HUP,Hindupur,39,10:20,10:21,74,77,3,2231.0,3
2026-08-25,12976,Jp Mysore Exp,BNC,Bengaluru Cant,40,11:58,12:00,85,87,1,2337.0,3
2026-08-25,12976,Jp Mysore Exp,SBC,KSR Bengaluru,41,12:30,12:50,81,94,5,2341.0,3
2026-08-25,12976,Jp Mysore Exp,MYA,Mandya,42,14:10,14:12,107,106,2,2434.0,3
2026-08-25,12976,Jp Mysore Exp,MYS,Mysuru Jn,43,16:00,,64,,4,2480.0,3
2026-08-25,12028,Shatabdi Exp,BNC,Bengaluru Cant,2,06:09,06:10,10,10,2,5.0,1
2026-08-25,12028,Shatabdi Exp,JTJ,Jolarpettai,3,07:49,07:50,12,16,4,149.0,1
2026-08-25,12028,Shatabdi Exp,KPD,Katpadi Jn,4,08:53,08:55,11,13,2,232.0,1
2026-08-25,12028,Shatabdi Exp,MAS,Mgr Chennai Ctl,5,11:00,,16,,2,362.0,1
2026-08-25,14034,Jammu Mail,MCTM,Martyr Captain Tushar Mahajan,2,15:38,15:40,16,17,2,24.0,1
2026-08-25,14034,Jammu Mail,JAT,Jammu Tawi,3,16:45,16:50,17,24,1,77.0,1
2026-08-25,14034,Jammu Mail,VJPJ,Vijiypur Jammu,4,17:08,17:10,26,29,2,98.0,1
2026-08-25,14034,Jammu Mail,HRNR,Hira Nagar,6,17:58,18:00,25,30,2,125.0,1
2026-08-25,14034,Jammu Mail,PTKC,PATHANKOT CANTT,8,19:20,19:23,14,18,1,177.0,1
2026-08-25,14034,Jammu Mail,MEX,Mukerian,9,19:56,19:58,19,23,1,216.0,1
2026-08-25,14034,Jammu Mail,DZA,Dasuya,10,20:11,20:13,20,21,1,232.0,1
2026-08-25,14034,Jammu Mail,TDO,Tanda Urmar,11,20:28,20:30,21,25,1,247.0,1
2026-08-25,14034,Jammu Mail,JRC,Jalandhar Cant,12,21:30,21:33,12,19,2,289.0,1
2026-08-25,14034,Jammu Mail,PGW,Phagwara Jn,13,21:45,21:47,18,21,1,306.0,1
2026-08-25,14034,Jammu Mail,LDH,Ludhiana Jn,14,22:25,22:35,14,18,3,342.0,1
2026-08-25,14034,Jammu Mail,UMB,Ambala Cant Jn,15,00:25,00:30,,5,3,455.0,2
2026-08-25,14034,Jammu Mail,KKDE,Kurukshetra Jn,16,01:00,01:02,16,21,2,497.0,2
2026-08-25,14034,Jammu Mail,KUN,Karnal,17,01:25,01:27,25,28,1,530.0,2
2026-08-25,14034,Jammu Mail,PNP,Panipat Jn,18,01:49,01:51,34,41,1,565.0,2
2026-08-25,14034,Jammu Mail,SMK,Samalkha,19,02:05,02:07,40,44,1,582.0,2
2026-08-25,14034,Jammu Mail,SNP,Sonipat,20,02:26,02:28,23,27,1,610.0,2
2026-08-25,14034,Jammu Mail,NUR,Narela,21,02:41,02:43,29,31,1,627.0,2
2026-08-25,14034,Jammu Mail,ANDI,Adrsh Ngr Delhi,22,02:54,02:56,27,28,1,644.0,2
2026-08-25,14034,Jammu Mail,SZM,Subzi Mandi,23,03:04,03:06,29,34,2,650.0,2
2026-08-25,16587,Bikaner Exp,TK,Tumakuru,2,12:48,12:50,12,13,3,65.0,1
2026-08-25,16587,Bikaner Exp,TTR,Tiptur,3,13:38,13:40,5,9,3,135.0,1
2026-08-25,16587,Bikaner Exp,ASK,Arsikere Jn,4,14:00,14:02,9,16,2,161.0,1
2026-08-25,16587,Bikaner Exp,RRB,Birur Jn,5,14:40,14:41,24,29,2,206.0,1
2026-08-25,16587,Bikaner Exp,DVG,Davangere,6,15:58,16:00,29,31,1,320.0,1
2026-08-25,16587,Bikaner Exp,RNR,Ranibennur,7,16:33,16:35,22,24,2,357.0,1
2026-08-25,16587,Bikaner Exp,UBL,Sss Hubballi Jn,8,19:40,19:50,,3,5,464.0,1
2026-08-25,16587,Bikaner Exp,GDG,Gadag Jn,9,21:15,21:20,17,44,2,522.0,1
2026-08-25,16587,Bikaner Exp,BGK,Bagalkot,10,23:05,23:10,15,23,1,616.0,1
2026-08-25,16587,Bikaner Exp,LMT,Almatti,11,23:49,23:50,17,23,1,651.0,1
2026-08-25,16587,Bikaner Exp,BJP,Vijayapura,12,01:20,01:25,34,41,1,712.0,2
2026-08-25,16587,Bikaner Exp,SUR,Solapur Jn,13,05:00,05:05,11,15,4,821.0,2
2026-08-25,16587,Bikaner Exp,PUNE,Pune Jn,14,09:35,09:40,15,24,3,1085.0,2
2026-08-25,16587,Bikaner Exp,KYN,Kalyan Jn,15,12:17,12:20,25,25,7,1223.0,2
2026-08-25,16587,Bikaner Exp,BSR,Vasai Road,16,13:20,13:25,15,18,6,1275.0,2
2026-08-25,16587,Bikaner Exp,BOR,Boisar,17,14:03,14:05,21,23,2,1327.0,2
2026-08-25,16587,Bikaner Exp,VAPI,Vapi,18,14:53,14:55,21,23,1,1398.0,2
2026-08-25,16587,Bikaner Exp,ST,Surat,19,16:25,16:30,11,14,1,1490.0,2
2026-08-25,16587,Bikaner Exp,AKV,Ankleshwar Jn,20,17:01,17:03,19,19,1,1540.0,2
2026-08-25,16587,Bikaner Exp,BRC,Vadodara Jn,21,18:04,18:14,19,19,2,1619.0,2
2026-08-25,16587,Bikaner Exp,ANND,Anand Jn,22,18:49,18:51,20,20,2,1655.0,2
2026-08-25,16587,Bikaner Exp,ND,Nadiad Jn,23,19:07,19:09,19,21,2,1673.0,2
2026-08-25,16587,Bikaner Exp,ADI,Ahmedabad Jn,24,19:55,20:05,11,18,3,1719.0,2
2026-08-25,16587,Bikaner Exp,MSH,Mahesana Jn,25,21:28,21:30,15,19,4,1788.0,2
2026-08-25,16587,Bikaner Exp,PNU,Palanpur Jn,26,23:00,23:05,,7,2,1853.0,2
2026-08-25,16587,Bikaner Exp,ABR,Abu Road,27,23:45,23:55,,4,1,1906.0,2
2026-08-25,16587,Bikaner Exp,FA,Falna,28,01:13,01:15,4,6,2,2005.0,3
2026-08-25,16587,Bikaner Exp,RANI,Rani,29,01:22,01:24,4,5,1,2019.0,3
2026-08-25,16587,Bikaner Exp,MJ,Marwar Jn,30,02:20,02:25,1,8,1,2071.0,3
2026-08-25,16587,Bikaner Exp,PMY,Pali Marwar,31,02:53,02:58,5,5,3,2101.0,3
2026-08-25,16587,Bikaner Exp,JU,Jodhpur Jn,33,04:15,04:25,15,22,2,2174.0,3
2026-08-25,16587,Bikaner Exp,MTD,Merta Road Junction,34,05:50,05:55,16,18,3,2278.0,3
2026-08-25,16587,Bikaner Exp,NGO,Nagaur,35,06:38,06:43,8,13,2,2336.0,3
2026-08-25,16587,Bikaner Exp,NOK,Nokha,36,07:15,07:17,22,25,1,2387.0,3
2026-08-25,12017,Ddn Shtbdi Exp,GZB,Ghaziabad,2,07:21,07:23,5,7,1,26.0,1
2026-08-25,12017,Ddn Shtbdi Exp,MTC,Meerut City,3,08:01,08:03,9,9,3,73.0,1
2026-08-25,12017,Ddn Shtbdi Exp,MOZ,Muzaffarnagar,4,08:41,08:43,8,9,1,129.0,1
2026-08-25,12017,Ddn Shtbdi Exp,SRE,Saharanpur,5,09:50,10:15,,5,4,187.0,1
2026-08-25,12017,Ddn Shtbdi Exp,RK,Roorkee,6,10:49,10:51,8,9,1,222.0,1
2026-08-25,12017,Ddn Shtbdi Exp,HW,Haridwar Jn,7,11:35,11:40,11,17,1,263.0,1
2026-08-25,12017,Ddn Shtbdi Exp,DDN,Dehradun,8,12:55,,13,,2,315.0,1
2026-08-25,12273,Ndls Duronto Ex,ASN,Asansol Jn,2,10:50,10:55,8,10,4,200.0,1
2026-08-25,12273,Ndls Duronto Ex,JSME,Jasidih Jn,3,12:08,12:10,21,24,3,311.0,1
2026-08-25,12273,Ndls Duronto Ex,PNBE,Patna Jn,4,16:03,16:10,11,20,4,532.0,1
2026-08-25,12273,Ndls Duronto Ex,DDU,Dd Upadhyaya Jn,5,20:08,20:15,,4,8,744.0,1
2026-08-25,12273,Ndls Duronto Ex,CNB,Kanpur Central,6,00:50,00:55,13,22,1,1091.0,2
2026-08-25,12273,Ndls Duronto Ex,NDLS,New Delhi,7,06:40,,2,,8,1531.0,2
2026-08-25,12324,Bme Hwh Sf Exp,BLT,Balotra Jn,2,18:20,18:25,40,39,1,97.0,1
2026-08-25,12324,Bme Hwh Sf Exp,SMR,Samdhari Jn,3,19:01,19:06,51,51,1,130.0,1
2026-08-25,12324,Bme Hwh Sf Exp,JU,Jodhpur Jn,4,20:30,20:40,66,76,2,210.0,1
2026-08-25,12324,Bme Hwh Sf Exp,MTD,Merta Road Junction,5,21:57,22:02,77,77,2,314.0,1
2026-08-25,12324,Bme Hwh Sf Exp,DNA,Degana Jn,6,22:34,22:37,82,82,4,359.0,1
2026-08-25,12324,Bme Hwh Sf Exp,CTKT,Choti Khatu,7,23:02,23:04,55,53,1,389.0,1
2026-08-25,12324,Bme Hwh Sf Exp,DIA,Didwana,8,23:34,23:37,56,57,2,424.0,1
2026-08-25,12324,Bme Hwh Sf Exp,LAU,Ladnun,9,00:17,00:20,37,36,2,455.0,2
2026-08-25,12324,Bme Hwh Sf Exp,SUJH,Sujangarh,10,00:30,00:33,40,39,1,465.0,2
2026-08-25,12324,Bme Hwh Sf Exp,RTGH,Ratangarh Jn,11,01:30,01:35,,18,1,511.0,2
2026-08-25,12324,Bme Hwh Sf Exp,CUR,Churu,12,02:05,02:15,21,23,1,554.0,2
2026-08-25,12324,Bme Hwh Sf Exp,SDLP,Sadulpur Jn,13,03:10,03:15,24,34,3,612.0,2
2026-08-25,12324,Bme Hwh Sf Exp,LHU,Loharu,14,03:55,03:58,33,34,1,661.0,2
2026-08-25,12324,Bme Hwh Sf Exp,RE,Rewari,16,05:49,05:51,7,18,5,753.0,2
2026-08-25,12324,Bme Hwh Sf Exp,DLI,Old Delhi,17,07:35,07:50,20,35,6,835.0,2
2026-08-25,12324,Bme Hwh Sf Exp,CNB,Kanpur Central,18,13:35,13:45,41,43,5,1270.0,2
2026-08-25,12324,Bme Hwh Sf Exp,PRYJ,Prayagraj Jn.,19,16:25,16:30,55,60,4,1465.0,2
2026-08-25,12324,Bme Hwh Sf Exp,DDU,Dd Upadhyaya Jn,20,19:18,19:25,30,38,3,1606.0,2
2026-08-25,12324,Bme Hwh Sf Exp,SSM,Sasaram,21,20:30,20:32,57,58,3,1706.0,2
2026-08-25,12324,Bme Hwh Sf Exp,GAYA,Gaya Jn,22,22:05,22:10,51,54,2,1809.0,2
2026-08-25,12324,Bme Hwh Sf Exp,KQR,Koderma Jn,23,23:23,23:25,56,57,3,1885.0,2
2026-08-25,12324,Bme Hwh Sf Exp,DHN,Dhanbad Jn,24,01:15,01:20,39,41,1,2007.0,3
2026-08-25,12324,Bme Hwh Sf Exp,ASN,Asansol Jn,25,02:11,02:16,40,42,5,2066.0,3
2026-08-25,12324,Bme Hwh Sf Exp,HWH,Howrah Jn,26,05:45,,29,,17,2266.0,3
2026-08-25,20902,Vande Bharat Exp,ADI,Ahmedabad Jn,2,14:40,14:50,,3,5,30.0,1
2026-08-25,20902,Vande Bharat Exp,BRC,Vadodara Jn,4,15:48,15:51,10,11,1,130.0,1
2026-08-25,20902,Vande Bharat Exp,ST,Surat,5,17:05,17:08,13,15,2,259.0,1
2026-08-25,20902,Vande Bharat Exp,VAPI,Vapi,8,18:18,18:20,13,13,2,351.0,1
2026-08-25,20902,Vande Bharat Exp,BVI,Borivali,9,19:37,19:39,18,19,7,491.0,1
2026-08-25,20902,Vande Bharat Exp,MMCT,Mumbai Central,10,20:35,,7,,5,521.0,1
2026-08-25,12270,Mas Duronto Exp,GWL,Gwalior,2,19:18,19:20,33,38,1,306.0,1
2026-08-25,12270,Mas Duronto Exp,VGLJ,V Lakshmibai Jhansi Jhs,3,20:45,20:50,25,28,2,403.0,1
2026-08-25,12270,Mas Duronto Exp,RKMP,Rani Kamalapati,4,00:12,00:20,35,39,5,700.0,2
2026-08-25,12270,Mas Duronto Exp,NGP,Nagpur,5,05:35,05:40,33,38,2,1083.0,2
2026-08-25,12270,Mas Duronto Exp,BPQ,Balharshah,6,08:30,08:35,29,33,1,1294.0,2
2026-08-25,12270,Mas Duronto Exp,BZA,Vijayawada Jn,7,14:20,14:30,53,52,5,1744.0,2
2026-08-25,12270,Mas Duronto Exp,MAS,Mgr Chennai Ctl,8,20:50,,23,,1,2174.0,2
2026-08-25,16588,Bkn Ypr Exp,NOK,Nokha,2,19:49,19:51,13,14,2,65.0,1
2026-08-25,16588,Bkn Ypr Exp,NGO,Nagaur,3,20:21,20:26,31,34,1,116.0,1
2026-08-25,16588,Bkn Ypr Exp,MTD,Merta Road Junction,4,21:08,21:13,8,15,3,173.0,1
2026-08-25,16588,Bkn Ypr Exp,JU,Jodhpur Jn,5,22:40,22:50,14,22,5,278.0,1
2026-08-25,16588,Bkn Ypr Exp,PMY,Pali Marwar,7,00:03,00:08,19,18,1,351.0,2
2026-08-25,16588,Bkn Ypr Exp,MJ,Marwar Jn,8,01:10,01:15,8,14,1,381.0,2
2026-08-25,16588,Bkn Ypr Exp,RANI,Rani,9,01:47,01:49,15,19,2,433.0,2
2026-08-25,16588,Bkn Ypr Exp,FA,Falna,10,02:01,02:03,18,19,1,447.0,2
2026-08-25,16588,Bkn Ypr Exp,ABR,Abu Road,11,03:20,03:30,16,18,2,546.0,2
2026-08-25,16588,Bkn Ypr Exp,PNU,Palanpur Jn,12,04:20,04:22,2,7,1,599.0,2
2026-08-25,16588,Bkn Ypr Exp,MSH,Mahesana Jn,13,05:13,05:15,13,16,6,664.0,2
2026-08-25,16588,Bkn Ypr Exp,ADI,Ahmedabad Jn,14,06:50,07:00,,18,7,733.0,2
2026-08-25,16588,Bkn Ypr Exp,ND,Nadiad Jn,15,07:59,08:01,7,9,1,778.0,2
2026-08-25,16588,Bkn Ypr Exp,ANND,Anand Jn,16,08:14,08:16,9,11,4,797.0,2
2026-08-25,16588,Bkn Ypr Exp,BRC,Vadodara Jn,17,08:58,09:03,8,11,1,832.0,2
2026-08-25,16588,Bkn Ypr Exp,AKV,Ankleshwar Jn,18,09:57,09:59,20,20,2,912.0,2
2026-08-25,16588,Bkn Ypr Exp,ST,Surat,19,10:41,10:46,15,18,2,961.0,2
2026-08-25,16588,Bkn Ypr Exp,VAPI,Vapi,20,12:03,12:05,12,15,2,1054.0,2
2026-08-25,16588,Bkn Ypr Exp,BOR,Boisar,21,12:48,12:50,15,15,3,1125.0,2
2026-08-25,16588,Bkn Ypr Exp,BSR,Vasai Road,22,13:45,13:50,8,11,7,1176.0,2
2026-08-25,16588,Bkn Ypr Exp,KYN,Kalyan Jn,23,15:17,15:20,11,15,6,1229.0,2
2026-08-25,16588,Bkn Ypr Exp,PUNE,Pune Jn,24,18:55,19:00,1,21,3,1367.0,2
2026-08-25,16588,Bkn Ypr Exp,SUR,Solapur Jn,25,23:05,23:10,3,10,3,1630.0,2
2026-08-25,16588,Bkn Ypr Exp,BJP,Vijayapura,26,00:45,00:50,,7,1,1739.0,3
2026-08-25,16588,Bkn Ypr Exp,LMT,Almatti,27,01:44,01:45,4,18,1,1801.0,3
2026-08-25,16588,Bkn Ypr Exp,BGK,Bagalkot,28,02:38,02:40,37,40,3,1836.0,3
2026-08-25,16588,Bkn Ypr Exp,GDG,Gadag Jn,29,05:20,05:30,24,28,1,1930.0,3
2026-08-25,16588,Bkn Ypr Exp,UBL,Sss Hubballi Jn,30,07:50,08:00,,14,4,1988.0,3
2026-08-25,16588,Bkn Ypr Exp,RNR,Ranibennur,31,09:18,09:20,16,18,3,2095.0,3
2026-08-25,16588,Bkn Ypr Exp,DVG,Davangere,32,09:53,09:55,15,17,2,2131.0,3
2026-08-25,16588,Bkn Ypr Exp,RRB,Birur Jn,33,11:18,11:20,20,22,1,2246.0,3
2026-08-25,16588,Bkn Ypr Exp,ASK,Arsikere Jn,34,11:58,12:00,33,36,1,2291.0,3
2026-08-25,16588,Bkn Ypr Exp,TTR,Tiptur,35,12:24,12:25,43,58,2,2317.0,3
2026-08-25,16588,Bkn Ypr Exp,TK,Tumakuru,36,13:13,13:15,71,74,2,2387.0,3
2026-08-25,16588,Bkn Ypr Exp,YPR,Yesvantpur Jn,37,16:00,,29,,5,2451.0,3
2026-08-25,12275,Ndls Humsafar,NDLS,New Delhi,2,06:15,,10,,5,636.0,2
2026-08-25,12323,Hwh Bme Exp,ASN,Asansol Jn,2,21:08,21:13,20,24,4,200.0,1
2026-08-25,12323,Hwh Bme Exp,DHN,Dhanbad Jn,3,22:35,22:40,8,11,3,259.0,1
2026-08-25,12323,Hwh Bme Exp,KQR,Koderma Jn,4,00:06,00:08,12,15,4,382.0,2
2026-08-25,12323,Hwh Bme Exp,GAYA,Gaya Jn,5,01:45,01:50,8,10,1,458.0,2
2026-08-25,12323,Hwh Bme Exp,SSM,Sasaram,6,03:06,03:08,21,23,2,561.0,2
2026-08-25,12323,Hwh Bme Exp,DDU,Dd Upadhyaya Jn,7,04:28,04:35,31,28,4,661.0,2
2026-08-25,12323,Hwh Bme Exp,PRYJ,Prayagraj Jn.,8,06:45,06:47,30,35,3,802.0,2
2026-08-25,12323,Hwh Bme Exp,CNB,Kanpur Central,9,09:10,09:15,27,31,2,997.0,2
2026-08-25,12323,Hwh Bme Exp,DLI,Old Delhi,10,15:15,15:30,37,62,11,1432.0,2
2026-08-25,12323,Hwh Bme Exp,RE,Rewari,11,17:18,17:20,66,75,6,1514.0,2
2026-08-25,12323,Hwh Bme Exp,LHU,Loharu,13,18:50,18:53,67,73,3,1605.0,2
2026-08-25,12323,Hwh Bme Exp,SDLP,Sadulpur Jn,14,19:50,19:55,64,67,4,1655.0,2
2026-08-25,12323,Hwh Bme Exp,CUR,Churu,15,20:35,20:45,65,72,2,1713.0,2
2026-08-25,12323,Hwh Bme Exp,RTGH,Ratangarh Jn,16,21:50,21:55,66,68,2,1756.0,2
2026-08-25,12323,Hwh Bme Exp,SUJH,Sujangarh,17,22:35,22:38,69,72,1,1801.0,2
2026-08-25,12323,Hwh Bme Exp,LAU,Ladnun,18,22:48,22:51,70,72,1,1811.0,2
2026-08-25,12323,Hwh Bme Exp,DIA,Didwana,19,23:14,23:17,72,76,1,1842.0,2
2026-08-25,12323,Hwh Bme Exp,CTKT,Choti Khatu,20,23:48,23:50,77,77,1,1878.0,2
2026-08-25,12323,Hwh Bme Exp,DNA,Degana Jn,21,00:24,00:27,82,85,4,1908.0,3
2026-08-25,12323,Hwh Bme Exp,MTD,Merta Road Junction,22,00:58,01:03,79,80,1,1953.0,3
2026-08-25,12323,Hwh Bme Exp,JU,Jodhpur Jn,23,02:30,02:40,74,86,5,2057.0,3
2026-08-25,12323,Hwh Bme Exp,SMR,Samdhari Jn,24,03:53,03:58,91,92,1,2137.0,3
2026-08-25,12323,Hwh Bme Exp,BLT,Balotra Jn,25,04:27,04:32,97,98,1,2170.0,3
2026-08-25,12323,Hwh Bme Exp,BME,Barmer,26,06:30,,60,,3,2266.0,3
2026-08-25,12286,Sc Duronto Exp,VGLJ,V Lakshmibai Jhansi Jhs,2,20:45,20:50,172,180,2,403.0,1
2026-08-25,12286,Sc Duronto Exp,RKMP,Rani Kamalapati,3,00:12,00:20,195,196,5,700.0,2
2026-08-25,12286,Sc Duronto Exp,NGP,Nagpur,4,05:35,05:40,199,205,2,1083.0,2
2026-08-25,12286,Sc Duronto Exp,BPQ,Balharshah,5,08:30,08:35,197,208,1,1294.0,2
2026-08-25,12286,Sc Duronto Exp,SC,Secunderabad Jn,6,14:35,,212,,1,1660.0,2
2026-08-25,12990,Aii Ddr Express,BER,Beawar,2,21:23,21:25,13,13,1,53.0,1
2026-08-25,12990,Aii Ddr Express,SOD,Sojat Road,3,22:16,22:18,15,15,2,119.0,1
2026-08-25,12990,Aii Ddr Express,MJ,Marwar Jn,4,22:35,22:40,,6,2,140.0,1
2026-08-25,12990,Aii Ddr Express,RANI,Rani,5,23:12,23:14,7,6,2,192.0,1
2026-08-25,12990,Aii Ddr Express,FA,Falna,6,23:26,23:28,7,9,1,207.0,1
2026-08-25,12990,Aii Ddr Express,PDWA,Pindwara,8,00:11,00:13,12,13,2,262.0,2
2026-08-25,12990,Aii Ddr Express,ABR,Abu Road,9,00:55,01:05,2,4,3,306.0,2
2026-08-25,12990,Aii Ddr Express,PNU,Palanpur Jn,10,02:00,02:02,,4,1,358.0,2
2026-08-25,12990,Aii Ddr Express,UJA,Unjha,11,02:36,02:38,13,13,2,403.0,2
2026-08-25,12990,Aii Ddr Express,MSH,Mahesana Jn,12,02:56,02:58,10,10,6,423.0,2
2026-08-25,12990,Aii Ddr Express,ADI,Ahmedabad Jn,13,04:20,04:30,,6,8,492.0,2
2026-08-25,12990,Aii Ddr Express,ND,Nadiad Jn,14,05:41,05:43,5,5,1,538.0,2
2026-08-25,12990,Aii Ddr Express,ANND,Anand Jn,15,05:58,06:00,4,5,4,556.0,2
2026-08-25,12990,Aii Ddr Express,BRC,Vadodara Jn,16,06:35,06:40,6,6,1,592.0,2
2026-08-25,12990,Aii Ddr Express,BH,Bharuch Jn,17,07:36,07:38,8,15,4,662.0,2
2026-08-25,12990,Aii Ddr Express,ST,Surat,18,08:42,08:47,13,15,2,721.0,2
2026-08-25,12990,Aii Ddr Express,NVS,Navsari,19,09:03,09:05,16,16,2,750.0,2
2026-08-25,12990,Aii Ddr Express,BL,Valsad,20,09:43,09:45,17,18,3,790.0,2
2026-08-25,12990,Aii Ddr Express,BVI,Borivali,21,11:58,12:00,15,14,7,954.0,2
2026-08-25,22439,Vande Bharat Ex,UMB,Ambala Cant Jn,2,08:10,08:12,6,11,7,199.0,1
2026-08-25,22439,Vande Bharat Ex,LDH,Ludhiana Jn,3,09:19,09:21,14,18,2,312.0,1
2026-08-25,22439,Vande Bharat Ex,PTKC,PATHANKOT CANTT,5,11:15,11:17,27,28,2,478.0,1
2026-08-25,22439,Vande Bharat Ex,JAT,Jammu Tawi,6,12:43,12:45,28,30,1,577.0,1
2026-08-25,22439,Vande Bharat Ex,SVDK,Shri Mata Vaishno Devi Katra,7,14:20,,31,,1,655.0,1
2026-08-25,12285,Nzm Duronto,BPQ,Balharshah,2,17:55,18:00,163,169,4,367.0,1
2026-08-25,12285,Nzm Duronto,NGP,Nagpur,3,20:40,20:45,183,187,1,578.0,1
2026-08-25,12285,Nzm Duronto,RKMP,Rani Kamalapati,4,02:04,02:12,172,173,1,967.0,2
2026-08-25,12285,Nzm Duronto,VGLJ,V Lakshmibai Jhansi Jhs,5,05:30,05:35,176,179,5,1264.0,2
2026-08-25,12285,Nzm Duronto,NZM,H Nizamuddin,6,10:40,,200,,6,1667.0,2
2026-08-25,22440,Vande Bharat Ex,JAT,Jammu Tawi,2,16:10,16:12,30,31,1,78.0,1
2026-08-25,22440,Vande Bharat Ex,PTKC,PATHANKOT CANTT,3,17:29,17:31,32,33,1,178.0,1
2026-08-25,22440,Vande Bharat Ex,LDH,Ludhiana Jn,5,19:34,19:36,29,31,1,343.0,1
2026-08-25,22440,Vande Bharat Ex,UMB,Ambala Cant Jn,6,20:54,20:56,29,32,1,456.0,1
2026-08-25,22440,Vande Bharat Ex,NDLS,New Delhi,7,23:10,,36,,14,655.0,1
2026-08-25,14033,Jammu Mail,SZM,Subzi Mandi,7,20:23,20:25,5,6,1,626.0,1
2026-08-25,14033,Jammu Mail,NUR,Narela,8,20:45,20:47,9,11,2,649.0,1
2026-08-25,14033,Jammu Mail,SNP,Sonipat,9,21:01,21:03,12,15,2,667.0,1
2026-08-25,14033,Jammu Mail,GNU,Ganaur,10,21:19,21:21,18,25,2,683.0,1
2026-08-25,14033,Jammu Mail,SMK,Samalkha,11,21:32,21:34,28,33,2,695.0,1
2026-08-25,14033,Jammu Mail,PNP,Panipat Jn,12,21:48,21:50,16,17,3,712.0,1
2026-08-25,14033,Jammu Mail,KUN,Karnal,13,22:12,22:14,24,25,2,746.0,1
2026-08-25,14033,Jammu Mail,KKDE,Kurukshetra Jn,14,22:47,22:49,30,31,1,779.0,1
2026-08-25,14033,Jammu Mail,UMB,Ambala Cant Jn,15,00:05,00:10,1,4,7,821.0,2
2026-08-25,14033,Jammu Mail,RPJ,Rajpura Jn,16,00:30,00:32,8,9,1,849.0,2
2026-08-25,14033,Jammu Mail,LDH,Ludhiana Jn,17,01:40,01:47,11,16,4,935.0,2
2026-08-25,14033,Jammu Mail,PGW,Phagwara Jn,18,02:16,02:18,27,28,2,971.0,2
2026-08-25,14033,Jammu Mail,JRC,Jalandhar Cant,19,02:35,02:38,29,31,1,987.0,2
2026-08-25,14033,Jammu Mail,TDO,Tanda Urmar,20,03:27,03:29,26,26,4,1030.0,2
2026-08-25,14033,Jammu Mail,DZA,Dasuya,21,03:41,03:43,30,30,2,1045.0,2
2026-08-25,14033,Jammu Mail,MEX,Mukerian,22,03:58,04:00,32,34,2,1060.0,2
2026-08-25,14033,Jammu Mail,PTKC,PATHANKOT CANTT,23,04:35,04:40,24,27,2,1100.0,2
2026-08-25,14033,Jammu Mail,HRNR,Hira Nagar,25,05:38,05:40,39,40,1,1152.0,2
2026-08-25,14033,Jammu Mail,VJPJ,Vijiypur Jammu,26,06:06,06:08,33,34,1,1178.0,2
2026-08-25,14033,Jammu Mail,JAT,Jammu Tawi,27,06:30,06:35,42,49,3,1199.0,2
2026-08-25,14033,Jammu Mail,MCTM,Martyr Captain Tushar Mahajan,28,08:02,08:04,44,47,2,1252.0,2
2026-08-25,14033,Jammu Mail,SVDK,Shri Mata Vaishno Devi Katra,29,09:20,,16,,4,1277.0,2
