train_no,station_code,prev_delay_bucket,predicted_delay_min
11013,AD,0-5,46.7
11013,AD,5-15,46.8
11013,AD,15-30,47.1
11013,AD,30-60,47.8
11013,AD,60-120,84.3
11013,AD,120+,123.3
11013,ATP,0-5,30.5
11013,ATP,5-15,30.6
11013,ATP,15-30,30.9
11013,ATP,30-60,35.9
11013,ATP,60-120,72.2
11013,ATP,120+,119.2
11013,BNC,0-5,41.7
11013,BNC,5-15,41.7
11013,BNC,15-30,42.1
11013,BNC,30-60,46.8
11013,BNC,60-120,89.9
11013,BNC,120+,139.0
11013,BNCE,0-5,23.1
11013,BNCE,5-15,23.2
11013,BNCE,15-30,23.5
11013,BNCE,30-60,28.3
11013,BNCE,60-120,61.2
11013,BNCE,120+,109.7
11013,CBE,0-5,11.4
11013,CBE,5-15,11.4
11013,CBE,15-30,11.6
11013,CBE,30-60,16.1
11013,CBE,60-120,45.3
11013,CBE,120+,83.5
11013,DMM,0-5,21.3
11013,DMM,5-15,21.3
11013,DMM,15-30,21.6
11013,DMM,30-60,26.6
11013,DMM,60-120,58.7
11013,DMM,120+,106.6
11013,DPJ,0-5,34.0
11013,DPJ,5-15,34.0
11013,DPJ,15-30,34.3
11013,DPJ,30-60,38.9
11013,DPJ,60-120,78.0
11013,DPJ,120+,127.8
11013,DUD,0-5,55.5
11013,DUD,5-15,55.7
11013,DUD,15-30,56.0
11013,DUD,30-60,59.4
11013,DUD,60-120,100.2
11013,DUD,120+,145.8
11013,ED,0-5,26.1
11013,ED,5-15,26.1
11013,ED,15-30,26.4
11013,ED,30-60,30.8
11013,ED,60-120,64.3
11013,ED,120+,111.9
11013,GBD,0-5,30.0
11013,GBD,5-15,30.0
11013,GBD,15-30,30.3
11013,GBD,30-60,34.4
11013,GBD,60-120,69.4
11013,GBD,120+,116.3
11013,GTL,0-5,33.0
11013,GTL,5-15,33.0
11013,GTL,15-30,33.3
11013,GTL,30-60,37.9
11013,GTL,60-120,76.1
11013,GTL,120+,125.9
11013,GUR,0-5,60.2
11013,GUR,5-15,60.4
11013,GUR,15-30,60.7
11013,GUR,30-60,64.5
11013,GUR,60-120,107.5
11013,GUR,120+,151.2
11013,HSRA,0-5,33.0
11013,HSRA,5-15,33.0
11013,HSRA,15-30,33.3
11013,HSRA,30-60,37.9
11013,HSRA,60-120,76.1
11013,HSRA,120+,125.8
11013,HUP,0-5,31.1
11013,HUP,5-15,31.1
11013,HUP,15-30,31.4
11013,HUP,30-60,35.3
11013,HUP,60-120,72.9
11013,HUP,120+,120.4
11013,KLBG,0-5,55.3
11013,KLBG,5-15,55.5
11013,KLBG,15-30,55.8
11013,KLBG,30-60,59.1
11013,KLBG,60-120,100.1
11013,KLBG,120+,144.0
11013,KSN,0-5,32.4
11013,KSN,5-15,32.4
11013,KSN,15-30,32.7
11013,KSN,30-60,37.1
11013,KSN,60-120,75.3
11013,KSN,120+,125.4
11013,KWV,0-5,44.1
11013,KWV,5-15,44.4
11013,KWV,15-30,44.7
11013,KWV,30-60,48.5
11013,KWV,60-120,90.8
11013,KWV,120+,136.4
11013,KYN,0-5,11.5
11013,KYN,5-15,11.5
11013,KYN,15-30,11.7
11013,KYN,30-60,15.7
11013,KYN,60-120,43.7
11013,KYN,120+,78.9
11013,LTT,0-5,1.7
11013,LTT,5-15,1.7
11013,LTT,15-30,1.9
11013,LTT,30-60,5.4
11013,LTT,60-120,25.3
11013,LTT,120+,47.8
11013,MALM,0-5,34.2
11013,MALM,5-15,34.3
11013,MALM,15-30,34.3
11013,MALM,30-60,38.3
11013,MALM,60-120,77.0
11013,MALM,120+,126.4
11013,PUNE,0-5,34.7
11013,PUNE,5-15,34.7
11013,PUNE,15-30,34.8
11013,PUNE,30-60,38.9
11013,PUNE,60-120,77.3
11013,PUNE,120+,126.2
11013,RC,0-5,34.6
11013,RC,5-15,34.6
11013,RC,15-30,34.7
11013,RC,30-60,38.8
11013,RC,60-120,77.6
11013,RC,120+,127.1
11013,SA,0-5,26.0
11013,SA,5-15,26.0
11013,SA,15-30,26.1
11013,SA,30-60,30.3
11013,SA,60-120,65.5
11013,SA,120+,111.4
11013,SBC,0-5,30.9
11013,SBC,5-15,30.9
11013,SBC,15-30,31.0
11013,SBC,30-60,34.9
11013,SBC,60-120,71.3
11013,SBC,120+,117.3
11013,SDB,0-5,44.6
11013,SDB,5-15,44.8
11013,SDB,15-30,44.9
11013,SDB,30-60,48.7
11013,SDB,60-120,90.0
11013,SDB,120+,135.3
11013,SSPN,0-5,26.1
11013,SSPN,5-15,26.1
11013,SSPN,15-30,26.2
11013,SSPN,30-60,30.6
11013,SSPN,60-120,61.7
11013,SSPN,120+,108.5
11013,SUR,0-5,43.2
11013,SUR,5-15,43.2
11013,SUR,15-30,43.3
11013,SUR,30-60,47.5
11013,SUR,60-120,88.8
11013,SUR,120+,136.4
11013,TNA,0-5,6.8
11013,TNA,5-15,6.9
11013,TNA,15-30,6.7
11013,TNA,30-60,10.1
11013,TNA,60-120,34.7
11013,TNA,120+,61.9
11013,TUP,0-5,26.2
11013,TUP,5-15,26.3
11013,TUP,15-30,26.3
11013,TUP,30-60,30.8
11013,TUP,60-120,65.4
11013,TUP,120+,112.2
11013,WADI,0-5,33.1
11013,WADI,5-15,33.1
11013,WADI,15-30,33.2
11013,WADI,30-60,37.5
11013,WADI,60-120,75.8
11013,WADI,120+,125.1
11013,YG,0-5,34.6
11013,YG,5-15,34.6
11013,YG,15-30,34.7
11013,YG,30-60,38.8
11013,YG,60-120,77.6
11013,YG,120+,126.3
11013,YNK,0-5,30.3
11013,YNK,5-15,30.4
11013,YNK,15-30,30.5
11013,YNK,30-60,34.9
11013,YNK,60-120,70.9
11013,YNK,120+,117.6
11014,AD,0-5,38.7
11014,AD,5-15,38.8
11014,AD,15-30,39.1
11014,AD,30-60,40.6
11014,AD,60-120,68.2
11014,AD,120+,105.7
11014,ATP,0-5,18.7
11014,ATP,5-15,18.8
11014,ATP,15-30,18.9
11014,ATP,30-60,25.1
11014,ATP,60-120,55.5
11014,ATP,120+,103.3
11014,BNC,0-5,21.9
11014,BNC,5-15,21.9
11014,BNC,15-30,22.2
11014,BNC,30-60,28.2
11014,BNC,60-120,60.2
11014,BNC,120+,110.0
11014,CBE,0-5,2.7
11014,CBE,5-15,2.8
11014,CBE,15-30,2.4
11014,CBE,30-60,7.2
11014,CBE,60-120,26.6
11014,CBE,120+,51.3
11014,DD,0-5,12.1
11014,DD,5-15,12.1
11014,DD,15-30,12.2
11014,DD,30-60,17.5
11014,DD,60-120,46.2
11014,DD,120+,81.3
11014,DMM,0-5,15.4
11014,DMM,5-15,15.5
11014,DMM,15-30,15.6
11014,DMM,30-60,21.5
11014,DMM,60-120,51.4
11014,DMM,120+,96.6
11014,DPJ,0-5,16.4
11014,DPJ,5-15,16.5
11014,DPJ,15-30,16.6
11014,DPJ,30-60,22.4
11014,DPJ,60-120,51.5
11014,DPJ,120+,98.6
11014,DUD,0-5,20.6
11014,DUD,5-15,20.6
11014,DUD,15-30,20.8
11014,DUD,30-60,26.4
11014,DUD,60-120,56.6
11014,DUD,120+,105.9
11014,ED,0-5,6.8
11014,ED,5-15,6.9
11014,ED,15-30,6.8
11014,ED,30-60,11.3
11014,ED,60-120,33.7
11014,ED,120+,60.9
11014,GBD,0-5,38.6
11014,GBD,5-15,38.6
11014,GBD,15-30,38.9
11014,GBD,30-60,45.1
11014,GBD,60-120,83.3
11014,GBD,120+,136.7
11014,GTL,0-5,29.3
11014,GTL,5-15,29.4
11014,GTL,15-30,29.7
11014,GTL,30-60,35.3
11014,GTL,60-120,68.7
11014,GTL,120+,118.3
11014,GUR,0-5,17.0
11014,GUR,5-15,17.1
11014,GUR,15-30,17.2
11014,GUR,30-60,22.7
11014,GUR,60-120,50.6
11014,GUR,120+,96.2
11014,HSRA,0-5,20.5
11014,HSRA,5-15,20.6
11014,HSRA,15-30,20.7
11014,HSRA,30-60,26.2
11014,HSRA,60-120,55.5
11014,HSRA,120+,103.3
11014,HUP,0-5,36.7
11014,HUP,5-15,36.7
11014,HUP,15-30,37.0
11014,HUP,30-60,42.6
11014,HUP,60-120,80.3
11014,HUP,120+,132.8
11014,KLBG,0-5,17.0
11014,KLBG,5-15,17.1
11014,KLBG,15-30,17.2
11014,KLBG,30-60,22.7
11014,KLBG,60-120,50.6
11014,KLBG,120+,96.2
11014,KSN,0-5,26.6
11014,KSN,5-15,26.7
11014,KSN,15-30,26.8
11014,KSN,30-60,32.7
11014,KSN,60-120,65.0
11014,KSN,120+,115.4
11014,KWV,0-5,30.0
11014,KWV,5-15,30.0
11014,KWV,15-30,30.3
11014,KWV,30-60,35.9
11014,KWV,60-120,68.9
11014,KWV,120+,117.2
11014,KYN,0-5,33.9
11014,KYN,5-15,33.9
11014,KYN,15-30,34.2
11014,KYN,30-60,40.0
11014,KYN,60-120,74.6
11014,KYN,120+,124.4
11014,LTT,0-5,23.1
11014,LTT,5-15,23.1
11014,LTT,15-30,23.4
11014,LTT,30-60,29.1
11014,LTT,60-120,59.3
11014,LTT,120+,107.6
11014,MALM,0-5,23.7
11014,MALM,5-15,23.7
11014,MALM,15-30,24.0
11014,MALM,30-60,29.6
11014,MALM,60-120,60.3
11014,MALM,120+,110.4
11014,PUNE,0-5,16.3
11014,PUNE,5-15,16.3
11014,PUNE,15-30,16.5
11014,PUNE,30-60,21.9
11014,PUNE,60-120,50.0
11014,PUNE,120+,95.6
11014,RC,0-5,22.3
11014,RC,5-15,22.3
11014,RC,15-30,22.6
11014,RC,30-60,28.3
11014,RC,60-120,58.5
11014,RC,120+,106.7
11014,SA,0-5,11.9
11014,SA,5-15,11.9
11014,SA,15-30,11.8
11014,SA,30-60,16.4
11014,SA,60-120,42.7
11014,SA,120+,74.6
11014,SBC,0-5,27.9
11014,SBC,5-15,27.9
11014,SBC,15-30,28.2
11014,SBC,30-60,34.0
11014,SBC,60-120,65.7
11014,SBC,120+,116.2
11014,SDB,0-5,13.3
11014,SDB,5-15,13.3
11014,SDB,15-30,13.5
11014,SDB,30-60,18.6
11014,SDB,60-120,46.2
11014,SDB,120+,82.6
11014,SSPN,0-5,26.8
11014,SSPN,5-15,26.8
11014,SSPN,15-30,27.1
11014,SSPN,30-60,32.8
11014,SSPN,60-120,65.0
11014,SSPN,120+,115.3
11014,SUR,0-5,21.9
11014,SUR,5-15,21.9
11014,SUR,15-30,22.2
11014,SUR,30-60,27.9
11014,SUR,60-120,58.2
11014,SUR,120+,106.7
11014,TNA,0-5,34.2
11014,TNA,5-15,34.2
11014,TNA,15-30,34.5
11014,TNA,30-60,40.0
11014,TNA,60-120,76.3
11014,TNA,120+,126.4
11014,TUP,0-5,7.6
11014,TUP,5-15,7.6
11014,TUP,15-30,7.5
11014,TUP,30-60,12.1
11014,TUP,60-120,35.8
11014,TUP,120+,65.3
11014,WADI,0-5,12.6
11014,WADI,5-15,12.6
11014,WADI,15-30,12.6
11014,WADI,30-60,17.6
11014,WADI,60-120,45.5
11014,WADI,120+,79.3
11014,YG,0-5,26.5
11014,YG,5-15,26.5
11014,YG,15-30,26.8
11014,YG,30-60,32.5
11014,YG,60-120,63.9
11014,YG,120+,114.4
11014,YNK,0-5,55.9
11014,YNK,5-15,56.0
11014,YNK,15-30,56.3
11014,YNK,30-60,62.5
11014,YNK,60-120,103.4
11014,YNK,120+,156.4
11301,AD,0-5,47.6
11301,AD,5-15,47.6
11301,AD,15-30,47.9
11301,AD,30-60,49.1
11301,AD,60-120,77.6
11301,AD,120+,113.0
11301,AKOR,0-5,29.9
11301,AKOR,5-15,30.0
11301,AKOR,15-30,30.1
11301,AKOR,30-60,36.1
11301,AKOR,60-120,70.1
11301,AKOR,120+,120.0
11301,ATP,0-5,34.7
11301,ATP,5-15,34.8
11301,ATP,15-30,34.9
11301,ATP,30-60,40.9
11301,ATP,60-120,76.7
11301,ATP,120+,128.0
11301,BNC,0-5,24.5
11301,BNC,5-15,24.5
11301,BNC,15-30,24.5
11301,BNC,30-60,30.4
11301,BNC,60-120,62.4
11301,BNC,120+,110.7
11301,BNCE,0-5,17.4
11301,BNCE,5-15,17.5
11301,BNCE,15-30,17.2
11301,BNCE,30-60,22.1
11301,BNCE,60-120,52.7
11301,BNCE,120+,87.1
11301,CSMT,0-5,1.9
11301,CSMT,5-15,1.9
11301,CSMT,15-30,1.5
11301,CSMT,30-60,4.8
11301,CSMT,60-120,20.5
11301,CSMT,120+,38.3
11301,DBU,0-5,40.0
11301,DBU,5-15,40.0
11301,DBU,15-30,40.2
11301,DBU,30-60,46.0
11301,DBU,60-120,83.4
11301,DBU,120+,133.1
11301,DD,0-5,22.0
11301,DD,5-15,22.1
11301,DD,15-30,22.1
11301,DD,30-60,27.7
11301,DD,60-120,58.7
11301,DD,120+,105.3
11301,DMM,0-5,21.9
11301,DMM,5-15,21.9
11301,DMM,15-30,21.9
11301,DMM,30-60,27.4
11301,DMM,60-120,58.0
11301,DMM,120+,104.2
11301,DR,0-5,3.2
11301,DR,5-15,3.3
11301,DR,15-30,2.8
11301,DR,30-60,6.2
11301,DR,60-120,23.0
11301,DR,120+,44.9
11301,DUD,0-5,32.9
11301,DUD,5-15,32.9
11301,DUD,15-30,33.1
11301,DUD,30-60,38.7
11301,DUD,60-120,72.3
11301,DUD,120+,121.6
11301,GBD,0-5,35.7
11301,GBD,5-15,35.8
11301,GBD,15-30,35.9
11301,GBD,30-60,41.2
11301,GBD,60-120,73.7
11301,GBD,120+,120.7
11301,GTL,0-5,34.7
11301,GTL,5-15,34.7
11301,GTL,15-30,34.9
11301,GTL,30-60,40.4
11301,GTL,60-120,73.5
11301,GTL,120+,122.1
11301,GUR,0-5,32.0
11301,GUR,5-15,32.0
11301,GUR,15-30,32.2
11301,GUR,30-60,37.7
11301,GUR,60-120,71.0
11301,GUR,120+,119.3
11301,HUP,0-5,33.6
11301,HUP,5-15,33.7
11301,HUP,15-30,33.9
11301,HUP,30-60,39.1
11301,HUP,60-120,71.2
11301,HUP,120+,116.9
11301,KLBG,0-5,31.4
11301,KLBG,5-15,31.4
11301,KLBG,15-30,31.6
11301,KLBG,30-60,37.3
11301,KLBG,60-120,70.1
11301,KLBG,120+,118.4
11301,KSN,0-5,34.1
11301,KSN,5-15,34.1
11301,KSN,15-30,34.3
11301,KSN,30-60,39.8
11301,KSN,60-120,72.8
11301,KSN,120+,121.5
11301,KWV,0-5,30.5
11301,KWV,5-15,30.5
11301,KWV,15-30,30.7
11301,KWV,30-60,36.1
11301,KWV,60-120,67.9
11301,KWV,120+,116.3
11301,KYN,0-5,9.9
11301,KYN,5-15,10.0
11301,KYN,15-30,9.6
11301,KYN,30-60,13.7
11301,KYN,60-120,35.1
11301,KYN,120+,60.7
11301,LNL,0-5,11.3
11301,LNL,5-15,11.4
11301,LNL,15-30,11.1
11301,LNL,30-60,15.2
11301,LNL,60-120,40.2
11301,LNL,120+,67.9
11301,MALM,0-5,34.4
11301,MALM,5-15,34.4
11301,MALM,15-30,34.6
11301,MALM,30-60,40.1
11301,MALM,60-120,73.8
11301,MALM,120+,123.4
11301,NW,0-5,27.3
11301,NW,5-15,27.3
11301,NW,15-30,27.5
11301,NW,30-60,32.5
11301,NW,60-120,64.2
11301,NW,120+,111.1
11301,PKD,0-5,29.0
11301,PKD,5-15,29.0
11301,PKD,15-30,29.2
11301,PKD,30-60,34.6
11301,PKD,60-120,66.7
11301,PKD,120+,114.1
11301,PUNE,0-5,17.1
11301,PUNE,5-15,17.2
11301,PUNE,15-30,17.1
11301,PUNE,30-60,21.6
11301,PUNE,60-120,50.3
11301,PUNE,120+,82.9
11301,RC,0-5,36.2
11301,RC,5-15,36.3
11301,RC,15-30,36.5
11301,RC,30-60,42.2
11301,RC,60-120,77.4
11301,RC,120+,127.8
11301,RNN,0-5,91.8
11301,RNN,5-15,91.8
11301,RNN,15-30,91.5
11301,RNN,30-60,94.4
11301,RNN,60-120,128.3
11301,RNN,120+,159.5
11301,SADP,0-5,31.2
11301,SADP,5-15,31.2
11301,SADP,15-30,31.4
11301,SADP,30-60,37.0
11301,SADP,60-120,70.1
11301,SADP,120+,118.6
11301,SBC,0-5,11.9
11301,SBC,5-15,12.0
11301,SBC,15-30,11.6
11301,SBC,30-60,15.9
11301,SBC,60-120,40.5
11301,SBC,120+,68.4
11301,SDB,0-5,30.8
11301,SDB,5-15,30.8
11301,SDB,15-30,31.0
11301,SDB,30-60,36.7
11301,SDB,60-120,69.7
11301,SDB,120+,118.2
11301,SSPN,0-5,24.5
11301,SSPN,5-15,24.5
11301,SSPN,15-30,24.5
11301,SSPN,30-60,30.0
11301,SSPN,60-120,60.7
11301,SSPN,120+,107.4
11301,SUR,0-5,25.3
11301,SUR,5-15,25.4
11301,SUR,15-30,25.4
11301,SUR,30-60,30.8
11301,SUR,60-120,62.1
11301,SUR,120+,109.4
11301,URI,0-5,19.0
11301,URI,5-15,19.0
11301,URI,15-30,19.0
11301,URI,30-60,24.2
11301,URI,60-120,54.4
11301,URI,120+,93.2
11301,WADI,0-5,21.6
11301,WADI,5-15,21.6
11301,WADI,15-30,21.6
11301,WADI,30-60,27.2
11301,WADI,60-120,57.5
11301,WADI,120+,104.5
11301,YG,0-5,28.5
11301,YG,5-15,28.5
11301,YG,15-30,28.7
11301,YG,30-60,34.2
11301,YG,60-120,66.7
11301,YG,120+,115.1
11301,YNK,0-5,42.3
11301,YNK,5-15,42.3
11301,YNK,15-30,42.5
11301,YNK,30-60,47.9
11301,YNK,60-120,85.0
11301,YNK,120+,134.2
11302,AD,0-5,24.1
11302,AD,5-15,24.2
11302,AD,15-30,24.3
11302,AD,30-60,26.9
11302,AD,60-120,45.1
11302,AD,120+,60.1
11302,AKOR,0-5,32.7
11302,AKOR,5-15,32.7
11302,AKOR,15-30,33.2
11302,AKOR,30-60,40.3
11302,AKOR,60-120,70.6
11302,AKOR,120+,107.0
11302,ATP,0-5,11.5
11302,ATP,5-15,11.5
11302,ATP,15-30,11.7
11302,ATP,30-60,16.9
11302,ATP,60-120,31.6
11302,ATP,120+,45.9
11302,BNC,0-5,7.9
11302,BNC,5-15,7.9
11302,BNC,15-30,8.2
11302,BNC,30-60,12.5
11302,BNC,60-120,27.1
11302,BNC,120+,38.9
11302,CSMT,0-5,16.9
11302,CSMT,5-15,16.9
11302,CSMT,15-30,17.3
11302,CSMT,30-60,23.6
11302,CSMT,60-120,47.0
11302,CSMT,120+,69.4
11302,DBU,0-5,21.4
11302,DBU,5-15,21.4
11302,DBU,15-30,21.7
11302,DBU,30-60,28.0
11302,DBU,60-120,53.7
11302,DBU,120+,81.3
11302,DD,0-5,9.7
11302,DD,5-15,9.7
11302,DD,15-30,10.0
11302,DD,30-60,14.5
11302,DD,60-120,29.7
11302,DD,120+,43.8
11302,DMM,0-5,10.0
11302,DMM,5-15,10.1
11302,DMM,15-30,10.3
11302,DMM,30-60,14.9
11302,DMM,60-120,30.0
11302,DMM,120+,44.2
11302,DR,0-5,24.6
11302,DR,5-15,24.6
11302,DR,15-30,25.0
11302,DR,30-60,30.8
11302,DR,60-120,60.3
11302,DR,120+,90.1
11302,DUD,0-5,21.3
11302,DUD,5-15,21.3
11302,DUD,15-30,21.6
11302,DUD,30-60,27.3
11302,DUD,60-120,51.8
11302,DUD,120+,78.7
11302,GBD,0-5,23.1
11302,GBD,5-15,23.2
11302,GBD,15-30,23.4
11302,GBD,30-60,29.0
11302,GBD,60-120,54.3
11302,GBD,120+,82.4
11302,GTL,0-5,17.8
11302,GTL,5-15,17.8
11302,GTL,15-30,18.1
11302,GTL,30-60,23.8
11302,GTL,60-120,44.0
11302,GTL,120+,65.2
11302,GUR,0-5,18.1
11302,GUR,5-15,18.2
11302,GUR,15-30,18.4
11302,GUR,30-60,24.1
11302,GUR,60-120,45.3
11302,GUR,120+,66.5
11302,HUP,0-5,24.0
11302,HUP,5-15,24.0
11302,HUP,15-30,24.3
11302,HUP,30-60,29.9
11302,HUP,60-120,56.0
11302,HUP,120+,84.6
11302,KLBG,0-5,17.3
11302,KLBG,5-15,17.3
11302,KLBG,15-30,17.5
11302,KLBG,30-60,23.2
11302,KLBG,60-120,42.6
11302,KLBG,120+,62.5
11302,KSN,0-5,16.3
11302,KSN,5-15,16.3
11302,KSN,15-30,16.5
11302,KSN,30-60,22.1
11302,KSN,60-120,40.0
11302,KSN,120+,59.4
11302,KWV,0-5,27.0
11302,KWV,5-15,27.0
11302,KWV,15-30,27.3
11302,KWV,30-60,33.0
11302,KWV,60-120,60.9
11302,KWV,120+,91.6
11302,KYN,0-5,27.8
11302,KYN,5-15,27.9
11302,KYN,15-30,28.5
11302,KYN,30-60,34.9
11302,KYN,60-120,64.6
11302,KYN,120+,97.5
11302,LNL,0-5,17.1
11302,LNL,5-15,17.1
11302,LNL,15-30,17.4
11302,LNL,30-60,23.1
11302,LNL,60-120,44.7
11302,LNL,120+,64.6
11302,MALM,0-5,16.7
11302,MALM,5-15,16.8
11302,MALM,15-30,17.0
11302,MALM,30-60,22.6
11302,MALM,60-120,40.8
11302,MALM,120+,60.0
11302,NW,0-5,23.6
11302,NW,5-15,23.6
11302,NW,15-30,23.9
11302,NW,30-60,29.7
11302,NW,60-120,55.5
11302,NW,120+,83.3
11302,PKD,0-5,26.8
11302,PKD,5-15,26.8
11302,PKD,15-30,27.1
11302,PKD,30-60,32.9
11302,PKD,60-120,60.9
11302,PKD,120+,91.0
11302,PUNE,0-5,15.8
11302,PUNE,5-15,15.8
11302,PUNE,15-30,16.1
11302,PUNE,30-60,21.8
11302,PUNE,60-120,40.0
11302,PUNE,120+,58.9
11302,RC,0-5,11.9
11302,RC,5-15,11.9
11302,RC,15-30,12.1
11302,RC,30-60,16.9
11302,RC,60-120,30.3
11302,RC,120+,45.5
11302,SADP,0-5,15.7
11302,SADP,5-15,15.8
11302,SADP,15-30,16.1
11302,SADP,30-60,21.6
11302,SADP,60-120,39.0
11302,SADP,120+,57.7
11302,SBC,0-5,4.7
11302,SBC,5-15,4.8
11302,SBC,15-30,5.0
11302,SBC,30-60,7.6
11302,SBC,60-120,19.1
11302,SBC,120+,24.7
11302,SDB,0-5,16.5
11302,SDB,5-15,16.6
11302,SDB,15-30,16.8
11302,SDB,30-60,22.4
11302,SDB,60-120,40.4
11302,SDB,120+,59.7
11302,SSPN,0-5,27.0
11302,SSPN,5-15,27.1
11302,SSPN,15-30,27.7
11302,SSPN,30-60,33.4
11302,SSPN,60-120,61.3
11302,SSPN,120+,92.7
11302,SUR,0-5,17.1
11302,SUR,5-15,17.1
11302,SUR,15-30,17.4
11302,SUR,30-60,23.0
11302,SUR,60-120,42.2
11302,SUR,120+,61.5
11302,URI,0-5,11.6
11302,URI,5-15,11.7
11302,URI,15-30,11.9
11302,URI,30-60,16.8
11302,URI,60-120,31.8
11302,URI,120+,47.3
11302,WADI,0-5,12.3
11302,WADI,5-15,12.3
11302,WADI,15-30,12.5
11302,WADI,30-60,17.6
11302,WADI,60-120,32.2
11302,WADI,120+,49.0
11302,YG,0-5,12.8
11302,YG,5-15,12.9
11302,YG,15-30,13.0
11302,YG,30-60,17.9
11302,YG,60-120,32.2
11302,YG,120+,48.8
11302,YNK,0-5,17.5
11302,YNK,5-15,17.5
11302,YNK,15-30,17.8
11302,YNK,30-60,23.4
11302,YNK,60-120,42.8
11302,YNK,120+,63.4
12001,AGC,0-5,26.9
12001,AGC,5-15,26.9
12001,AGC,15-30,27.3
12001,AGC,30-60,33.0
12001,AGC,60-120,63.1
12001,AGC,120+,94.9
12001,BINA,0-5,12.4
12001,BINA,5-15,12.4
12001,BINA,15-30,12.5
12001,BINA,30-60,21.0
12001,BINA,60-120,42.5
12001,BINA,120+,76.1
12001,BPL,0-5,11.7
12001,BPL,5-15,11.7
12001,BPL,15-30,12.7
12001,BPL,30-60,21.7
12001,BPL,60-120,45.9
12001,BPL,120+,85.1
12001,DHO,0-5,15.7
12001,DHO,5-15,15.8
12001,DHO,15-30,16.8
12001,DHO,30-60,27.2
12001,DHO,60-120,59.7
12001,DHO,120+,103.8
12001,GWL,0-5,23.6
12001,GWL,5-15,23.6
12001,GWL,15-30,24.7
12001,GWL,30-60,35.0
12001,GWL,60-120,72.5
12001,GWL,120+,122.4
12001,LAR,0-5,17.9
12001,LAR,5-15,17.9
12001,LAR,15-30,19.0
12001,LAR,30-60,29.2
12001,LAR,60-120,62.7
12001,LAR,120+,107.9
12001,MRA,0-5,24.7
12001,MRA,5-15,24.7
12001,MRA,15-30,26.0
12001,MRA,30-60,36.0
12001,MRA,60-120,74.6
12001,MRA,120+,126.1
12001,MTJ,0-5,26.1
12001,MTJ,5-15,26.1
12001,MTJ,15-30,27.4
12001,MTJ,30-60,37.8
12001,MTJ,60-120,75.9
12001,MTJ,120+,129.2
12001,NDLS,0-5,24.0
12001,NDLS,5-15,24.1
12001,NDLS,15-30,25.1
12001,NDLS,30-60,34.7
12001,NDLS,60-120,71.9
12001,NDLS,120+,121.1
12001,RKMP,0-5,10.9
12001,RKMP,5-15,10.9
12001,RKMP,15-30,11.7
12001,RKMP,30-60,19.8
12001,RKMP,60-120,42.9
12001,RKMP,120+,80.8
12001,VGLJ,0-5,15.7
12001,VGLJ,5-15,15.7
12001,VGLJ,15-30,16.6
12001,VGLJ,30-60,26.2
12001,VGLJ,60-120,56.7
12001,VGLJ,120+,99.7
12002,AGC,0-5,26.3
12002,AGC,5-15,26.3
12002,AGC,15-30,26.7
12002,AGC,30-60,32.0
12002,AGC,60-120,59.3
12002,AGC,120+,92.4
12002,BINA,0-5,14.8
12002,BINA,5-15,14.8
12002,BINA,15-30,15.1
12002,BINA,30-60,22.7
12002,BINA,60-120,46.4
12002,BINA,120+,83.6
12002,BPL,0-5,18.3
12002,BPL,5-15,18.3
12002,BPL,15-30,18.8
12002,BPL,30-60,26.8
12002,BPL,60-120,54.7
12002,BPL,120+,94.5
12002,DHO,0-5,14.4
12002,DHO,5-15,14.4
12002,DHO,15-30,14.8
12002,DHO,30-60,22.4
12002,DHO,60-120,45.8
12002,DHO,120+,84.3
12002,GWL,0-5,15.6
12002,GWL,5-15,15.6
12002,GWL,15-30,16.3
12002,GWL,30-60,24.3
12002,GWL,60-120,49.3
12002,GWL,120+,91.8
12002,LAR,0-5,23.7
12002,LAR,5-15,23.7
12002,LAR,15-30,24.4
12002,LAR,30-60,32.4
12002,LAR,60-120,64.6
12002,LAR,120+,110.4
12002,MRA,0-5,18.1
12002,MRA,5-15,18.1
12002,MRA,15-30,18.7
12002,MRA,30-60,25.6
12002,MRA,60-120,53.3
12002,MRA,120+,96.9
12002,MTJ,0-5,14.2
12002,MTJ,5-15,14.2
12002,MTJ,15-30,14.8
12002,MTJ,30-60,21.1
12002,MTJ,60-120,43.8
12002,MTJ,120+,85.4
12002,NDLS,0-5,2.7
12002,NDLS,5-15,2.7
12002,NDLS,15-30,3.0
12002,NDLS,30-60,5.4
12002,NDLS,60-120,18.3
12002,NDLS,120+,39.6
12002,RKMP,0-5,9.7
12002,RKMP,5-15,9.7
12002,RKMP,15-30,10.2
12002,RKMP,30-60,14.6
12002,RKMP,60-120,36.0
12002,RKMP,120+,67.6
12002,VGLJ,0-5,14.9
12002,VGLJ,5-15,14.9
12002,VGLJ,15-30,15.5
12002,VGLJ,30-60,21.6
12002,VGLJ,60-120,44.3
12002,VGLJ,120+,84.9
12003,ALJN,0-5,20.2
12003,ALJN,5-15,20.2
12003,ALJN,15-30,21.7
12003,ALJN,30-60,30.5
12003,ALJN,60-120,54.7
12003,ALJN,120+,75.8
12003,CNB,0-5,8.2
12003,CNB,5-15,8.2
12003,CNB,15-30,9.8
12003,CNB,30-60,17.8
12003,CNB,60-120,39.3
12003,CNB,120+,58.3
12003,ETW,0-5,19.1
12003,ETW,5-15,19.2
12003,ETW,15-30,20.1
12003,ETW,30-60,32.4
12003,ETW,60-120,62.3
12003,ETW,120+,96.1
12003,GZB,0-5,13.1
12003,GZB,5-15,13.1
12003,GZB,15-30,14.1
12003,GZB,30-60,25.9
12003,GZB,60-120,49.5
12003,GZB,120+,77.0
12003,LJN,0-5,4.8
12003,LJN,5-15,4.8
12003,LJN,15-30,4.8
12003,LJN,30-60,10.6
12003,LJN,60-120,30.0
12003,LJN,120+,42.6
12003,NDLS,0-5,22.4
12003,NDLS,5-15,22.5
12003,NDLS,15-30,20.8
12003,NDLS,30-60,29.0
12003,NDLS,60-120,51.5
12003,NDLS,120+,78.8
12003,ON,0-5,9.7
12003,ON,5-15,9.7
12003,ON,15-30,9.8
12003,ON,30-60,17.1
12003,ON,60-120,39.3
12003,ON,120+,61.3
12003,PHD,0-5,13.3
12003,PHD,5-15,13.3
12003,PHD,15-30,14.2
12003,PHD,30-60,24.6
12003,PHD,60-120,48.0
12003,PHD,120+,78.2
12003,TDL,0-5,13.7
12003,TDL,5-15,13.8
12003,TDL,15-30,14.7
12003,TDL,30-60,24.9
12003,TDL,60-120,48.4
12003,TDL,120+,79.2
12004,ALJN,0-5,7.9
12004,ALJN,5-15,7.9
12004,ALJN,15-30,9.5
12004,ALJN,30-60,14.8
12004,ALJN,60-120,33.7
12004,ALJN,120+,48.1
12004,CNB,0-5,3.0
12004,CNB,5-15,3.0
12004,CNB,15-30,4.5
12004,CNB,30-60,10.0
12004,CNB,60-120,26.3
12004,CNB,120+,39.2
12004,ETW,0-5,9.4
12004,ETW,5-15,9.4
12004,ETW,15-30,10.3
12004,ETW,30-60,18.8
12004,ETW,60-120,40.3
12004,ETW,120+,62.2
12004,GZB,0-5,3.7
12004,GZB,5-15,3.7
12004,GZB,15-30,4.6
12004,GZB,30-60,10.2
12004,GZB,60-120,27.3
12004,GZB,120+,40.5
12004,LJN,0-5,2.0
12004,LJN,5-15,2.0
12004,LJN,15-30,2.6
12004,LJN,30-60,8.0
12004,LJN,60-120,23.0
12004,LJN,120+,36.4
12004,NDLS,0-5,13.7
12004,NDLS,5-15,13.8
12004,NDLS,15-30,11.7
12004,NDLS,30-60,17.0
12004,NDLS,60-120,30.6
12004,NDLS,120+,44.0
12004,ON,0-5,3.0
12004,ON,5-15,3.0
12004,ON,15-30,3.8
12004,ON,30-60,8.9
12004,ON,60-120,24.6
12004,ON,120+,37.6
12004,PHD,0-5,10.4
12004,PHD,5-15,10.4
12004,PHD,15-30,11.3
12004,PHD,30-60,19.8
12004,PHD,60-120,41.1
12004,PHD,120+,66.3
12004,TDL,0-5,2.3
12004,TDL,5-15,2.3
12004,TDL,15-30,2.9
12004,TDL,30-60,7.4
12004,TDL,60-120,21.0
12004,TDL,120+,34.1
12007,KPD,0-5,12.0
12007,KPD,5-15,12.0
12007,KPD,15-30,13.7
12007,KPD,30-60,20.4
12007,KPD,60-120,44.2
12007,KPD,120+,76.1
12007,MAS,0-5,2.6
12007,MAS,5-15,2.7
12007,MAS,15-30,4.1
12007,MAS,30-60,10.4
12007,MAS,60-120,25.0
12007,MAS,120+,51.5
12007,MYS,0-5,2.7
12007,MYS,5-15,2.7
12007,MYS,15-30,3.5
12007,MYS,30-60,9.8
12007,MYS,60-120,24.4
12007,MYS,120+,52.4
12007,SBC,0-5,24.6
12007,SBC,5-15,24.7
12007,SBC,15-30,23.0
12007,SBC,30-60,32.6
12007,SBC,60-120,55.9
12007,SBC,120+,103.0
12008,KPD,0-5,8.3
12008,KPD,5-15,8.4
12008,KPD,15-30,10.5
12008,KPD,30-60,17.4
12008,KPD,60-120,38.7
12008,KPD,120+,70.3
12008,MAS,0-5,5.4
12008,MAS,5-15,5.4
12008,MAS,15-30,7.6
12008,MAS,30-60,14.5
12008,MAS,60-120,36.9
12008,MAS,120+,68.6
12008,MYS,0-5,2.4
12008,MYS,5-15,2.4
12008,MYS,15-30,3.7
12008,MYS,30-60,10.0
12008,MYS,60-120,24.9
12008,MYS,120+,52.6
12008,SBC,0-5,19.6
12008,SBC,5-15,19.6
12008,SBC,15-30,18.5
12008,SBC,30-60,26.8
12008,SBC,60-120,51.8
12008,SBC,120+,89.6
12009,ADI,0-5,49.9
12009,ADI,5-15,50.0
12009,ADI,15-30,49.8
12009,ADI,30-60,53.5
12009,ADI,60-120,89.8
12009,ADI,120+,134.8
12009,ANND,0-5,38.5
12009,ANND,5-15,38.5
12009,ANND,15-30,38.3
12009,ANND,30-60,51.6
12009,ANND,60-120,94.0
12009,ANND,120+,158.3
12009,BH,0-5,39.8
12009,BH,5-15,39.8
12009,BH,15-30,39.2
12009,BH,30-60,52.7
12009,BH,60-120,95.7
12009,BH,120+,159.9
12009,BRC,0-5,39.5
12009,BRC,5-15,39.5
12009,BRC,15-30,38.9
12009,BRC,30-60,52.4
12009,BRC,60-120,95.4
12009,BRC,120+,159.3
12009,BVI,0-5,16.6
12009,BVI,5-15,16.6
12009,BVI,15-30,15.4
12009,BVI,30-60,25.8
12009,BVI,60-120,59.8
12009,BVI,120+,111.2
12009,MMCT,0-5,6.6
12009,MMCT,5-15,6.6
12009,MMCT,15-30,5.4
12009,MMCT,30-60,15.1
12009,MMCT,60-120,39.3
12009,MMCT,120+,84.5
12009,ND,0-5,39.7
12009,ND,5-15,39.7
12009,ND,15-30,39.0
12009,ND,30-60,52.1
12009,ND,60-120,94.7
12009,ND,120+,158.3
12009,ST,0-5,39.0
12009,ST,5-15,39.0
12009,ST,15-30,38.3
12009,ST,30-60,50.8
12009,ST,60-120,93.2
12009,ST,120+,157.1
12009,VAPI,0-5,37.5
12009,VAPI,5-15,37.6
12009,VAPI,15-30,37.3
12009,VAPI,30-60,45.7
12009,VAPI,60-120,87.6
12009,VAPI,120+,149.6
12010,ADI,0-5,35.4
12010,ADI,5-15,35.4
12010,ADI,15-30,36.2
12010,ADI,30-60,39.8
12010,ADI,60-120,73.8
12010,ADI,120+,115.6
12010,ANND,0-5,23.6
12010,ANND,5-15,23.6
12010,ANND,15-30,24.9
12010,ANND,30-60,33.3
12010,ANND,60-120,68.5
12010,ANND,120+,122.2
12010,BH,0-5,24.0
12010,BH,5-15,24.0
12010,BH,15-30,24.9
12010,BH,30-60,33.3
12010,BH,60-120,68.5
12010,BH,120+,122.8
12010,BRC,0-5,23.7
12010,BRC,5-15,23.7
12010,BRC,15-30,24.6
12010,BRC,30-60,33.0
12010,BRC,60-120,68.5
12010,BRC,120+,122.5
12010,BVI,0-5,31.8
12010,BVI,5-15,31.8
12010,BVI,15-30,32.8
12010,BVI,30-60,42.9
12010,BVI,60-120,80.8
12010,BVI,120+,138.8
12010,MMCT,0-5,19.0
12010,MMCT,5-15,19.0
12010,MMCT,15-30,19.9
12010,MMCT,30-60,28.3
12010,MMCT,60-120,62.6
12010,MMCT,120+,112.6
12010,ND,0-5,20.9
12010,ND,5-15,20.9
12010,ND,15-30,21.8
12010,ND,30-60,29.7
12010,ND,60-120,63.5
12010,ND,120+,115.2
12010,ST,0-5,23.5
12010,ST,5-15,23.5
12010,ST,15-30,24.4
12010,ST,30-60,32.2
12010,ST,60-120,68.1
12010,ST,120+,121.8
12010,VAPI,0-5,24.0
12010,VAPI,5-15,24.0
12010,VAPI,15-30,24.9
12010,VAPI,30-60,33.3
12010,VAPI,60-120,70.8
12010,VAPI,120+,124.2
12017,DDN,0-5,16.0
12017,DDN,5-15,16.0
12017,DDN,15-30,17.6
12017,DDN,30-60,26.5
12017,DDN,60-120,52.6
12017,DDN,120+,86.1
12017,GZB,0-5,5.5
12017,GZB,5-15,5.5
12017,GZB,15-30,7.1
12017,GZB,30-60,14.1
12017,GZB,60-120,36.7
12017,GZB,120+,68.7
12017,HW,0-5,3.3
12017,HW,5-15,3.4
12017,HW,15-30,4.2
12017,HW,30-60,10.8
12017,HW,60-120,30.5
12017,HW,120+,59.6
12017,MOZ,0-5,13.4
12017,MOZ,5-15,13.4
12017,MOZ,15-30,14.4
12017,MOZ,30-60,26.4
12017,MOZ,60-120,53.9
12017,MOZ,120+,101.9
12017,MTC,0-5,11.4
12017,MTC,5-15,11.4
12017,MTC,15-30,12.4
12017,MTC,30-60,22.9
12017,MTC,60-120,48.4
12017,MTC,120+,94.2
12017,NDLS,0-5,2.5
12017,NDLS,5-15,2.6
12017,NDLS,15-30,3.3
12017,NDLS,30-60,9.6
12017,NDLS,60-120,24.2
12017,NDLS,120+,52.2
12017,RK,0-5,3.4
12017,RK,5-15,3.4
12017,RK,15-30,4.2
12017,RK,30-60,10.3
12017,RK,60-120,29.5
12017,RK,120+,58.2
12017,SRE,0-5,2.6
12017,SRE,5-15,2.7
12017,SRE,15-30,3.3
12017,SRE,30-60,9.1
12017,SRE,60-120,23.6
12017,SRE,120+,51.5
12027,BNC,0-5,27.3
12027,BNC,5-15,27.3
12027,BNC,15-30,26.3
12027,BNC,30-60,33.0
12027,BNC,60-120,55.7
12027,BNC,120+,88.1
12027,JTJ,0-5,7.6
12027,JTJ,5-15,7.6
12027,JTJ,15-30,9.3
12027,JTJ,30-60,17.5
12027,JTJ,60-120,41.6
12027,JTJ,120+,77.8
12027,KPD,0-5,16.9
12027,KPD,5-15,16.9
12027,KPD,15-30,17.8
12027,KPD,30-60,30.5
12027,KPD,60-120,60.4
12027,KPD,120+,111.9
12027,MAS,0-5,2.6
12027,MAS,5-15,2.6
12027,MAS,15-30,3.3
12027,MAS,30-60,9.7
12027,MAS,60-120,24.8
12027,MAS,120+,52.8
12027,SBC,0-5,21.2
12027,SBC,5-15,21.3
12027,SBC,15-30,19.6
12027,SBC,30-60,28.2
12027,SBC,60-120,53.7
12027,SBC,120+,96.2
12028,BNC,0-5,18.8
12028,BNC,5-15,18.8
12028,BNC,15-30,18.4
12028,BNC,30-60,24.0
12028,BNC,60-120,46.6
12028,BNC,120+,77.9
12028,JTJ,0-5,11.9
12028,JTJ,5-15,11.9
12028,JTJ,15-30,14.1
12028,JTJ,30-60,23.7
12028,JTJ,60-120,50.9
12028,JTJ,120+,95.2
12028,KPD,0-5,13.5
12028,KPD,5-15,13.5
12028,KPD,15-30,15.0
12028,KPD,30-60,26.1
12028,KPD,60-120,54.9
12028,KPD,120+,103.3
12028,MAS,0-5,5.5
12028,MAS,5-15,5.6
12028,MAS,15-30,7.0
12028,MAS,30-60,13.4
12028,MAS,60-120,37.1
12028,MAS,120+,71.1
12028,SBC,0-5,2.7
12028,SBC,5-15,2.7
12028,SBC,15-30,3.9
12028,SBC,30-60,9.6
12028,SBC,60-120,28.8
12028,SBC,120+,58.4
12051,CHI,0-5,35.4
12051,CHI,5-15,35.4
12051,CHI,15-30,35.9
12051,CHI,30-60,39.7
12051,CHI,60-120,72.6
12051,CHI,120+,101.4
12051,CSMT,0-5,0.9
12051,CSMT,5-15,1.0
12051,CSMT,15-30,1.2
12051,CSMT,30-60,4.4
12051,CSMT,60-120,15.8
12051,CSMT,120+,22.1
12051,DR,0-5,6.1
12051,DR,5-15,6.2
12051,DR,15-30,6.7
12051,DR,30-60,11.7
12051,DR,60-120,30.1
12051,DR,120+,45.2
12051,KKW,0-5,30.3
12051,KKW,5-15,30.4
12051,KKW,15-30,31.2
12051,KKW,30-60,39.2
12051,KKW,60-120,74.1
12051,KKW,120+,114.6
12051,KUDL,0-5,30.5
12051,KUDL,5-15,30.6
12051,KUDL,15-30,31.4
12051,KUDL,30-60,39.4
12051,KUDL,60-120,73.8
12051,KUDL,120+,115.1
12051,MAO,0-5,16.5
12051,MAO,5-15,16.6
12051,MAO,15-30,17.3
12051,MAO,30-60,24.6
12051,MAO,60-120,49.1
12051,MAO,120+,76.0
12051,PNVL,0-5,19.3
12051,PNVL,5-15,19.4
12051,PNVL,15-30,20.2
12051,PNVL,30-60,27.3
12051,PNVL,60-120,54.1
12051,PNVL,120+,82.6
12051,RN,0-5,25.2
12051,RN,5-15,25.2
12051,RN,15-30,26.0
12051,RN,30-60,33.1
12051,RN,60-120,64.7
12051,RN,120+,98.1
12051,SWV,0-5,30.9
12051,SWV,5-15,30.9
12051,SWV,15-30,31.8
12051,SWV,30-60,39.3
12051,SWV,60-120,73.0
12051,SWV,120+,113.5
12051,THVM,0-5,29.3
12051,THVM,5-15,29.4
12051,THVM,15-30,30.3
12051,THVM,30-60,37.2
12051,THVM,60-120,71.4
12051,THVM,120+,107.8
12051,TNA,0-5,11.6
12051,TNA,5-15,11.7
12051,TNA,15-30,12.1
12051,TNA,30-60,18.3
12051,TNA,60-120,36.3
12051,TNA,120+,57.8
12052,CHI,0-5,35.7
12052,CHI,5-15,35.7
12052,CHI,15-30,36.2
12052,CHI,30-60,40.7
12052,CHI,60-120,69.4
12052,CHI,120+,105.3
12052,CSMT,0-5,29.2
12052,CSMT,5-15,29.2
12052,CSMT,15-30,29.6
12052,CSMT,30-60,38.4
12052,CSMT,60-120,74.8
12052,CSMT,120+,126.7
12052,DR,0-5,47.5
12052,DR,5-15,47.5
12052,DR,15-30,48.0
12052,DR,30-60,57.9
12052,DR,60-120,99.8
12052,DR,120+,156.5
12052,KKW,0-5,19.0
12052,KKW,5-15,19.0
12052,KKW,15-30,19.5
12052,KKW,30-60,25.6
12052,KKW,60-120,58.3
12052,KKW,120+,94.0
12052,KUDL,0-5,17.1
12052,KUDL,5-15,17.1
12052,KUDL,15-30,17.4
12052,KUDL,30-60,23.5
12052,KUDL,60-120,54.9
12052,KUDL,120+,88.4
12052,MAO,0-5,3.3
12052,MAO,5-15,3.3
12052,MAO,15-30,3.2
12052,MAO,30-60,8.1
12052,MAO,60-120,24.7
12052,MAO,120+,43.2
12052,PNVL,0-5,45.4
12052,PNVL,5-15,45.4
12052,PNVL,15-30,45.8
12052,PNVL,30-60,55.7
12052,PNVL,60-120,95.6
12052,PNVL,120+,149.6
12052,RN,0-5,21.3
12052,RN,5-15,21.3
12052,RN,15-30,21.8
12052,RN,30-60,28.2
12052,RN,60-120,61.1
12052,RN,120+,101.3
12052,SWV,0-5,12.4
12052,SWV,5-15,12.4
12052,SWV,15-30,12.7
12052,SWV,30-60,18.2
12052,SWV,60-120,45.3
12052,SWV,120+,74.4
12052,THVM,0-5,16.9
12052,THVM,5-15,16.9
12052,THVM,15-30,17.2
12052,THVM,30-60,22.7
12052,THVM,60-120,53.2
12052,THVM,120+,85.5
12052,TNA,0-5,46.6
12052,TNA,5-15,46.6
12052,TNA,15-30,47.0
12052,TNA,30-60,56.6
12052,TNA,60-120,95.8
12052,TNA,120+,148.8
12101,AK,0-5,52.7
12101,AK,5-15,53.0
12101,AK,15-30,52.2
12101,AK,30-60,55.8
12101,AK,60-120,72.1
12101,AK,120+,97.5
12101,BD,0-5,21.9
12101,BD,5-15,22.2
12101,BD,15-30,20.9
12101,BD,30-60,24.3
12101,BD,60-120,41.0
12101,BD,120+,63.0
12101,BSL,0-5,33.9
12101,BSL,5-15,34.2
12101,BSL,15-30,33.5
12101,BSL,30-60,38.0
12101,BSL,60-120,59.5
12101,BSL,120+,93.8
12101,BSP,0-5,8.8
12101,BSP,5-15,9.1
12101,BSP,15-30,8.5
12101,BSP,30-60,12.8
12101,BSP,60-120,24.3
12101,BSP,120+,41.7
12101,CKP,0-5,109.7
12101,CKP,5-15,108.0
12101,CKP,15-30,107.2
12101,CKP,30-60,111.6
12101,CKP,60-120,122.9
12101,CKP,120+,149.9
12101,DURG,0-5,8.9
12101,DURG,5-15,9.3
12101,DURG,15-30,8.2
12101,DURG,30-60,12.1
12101,DURG,60-120,23.3
12101,DURG,120+,39.3
12101,JSG,0-5,19.2
12101,JSG,5-15,19.5
12101,JSG,15-30,18.2
12101,JSG,30-60,23.3
12101,JSG,60-120,37.1
12101,JSG,120+,58.4
12101,KGP,0-5,177.0
12101,KGP,5-15,175.3
12101,KGP,15-30,175.4
12101,KGP,30-60,176.6
12101,KGP,60-120,186.9
12101,KGP,120+,209.6
12101,KYN,0-5,5.5
12101,KYN,5-15,5.8
12101,KYN,15-30,5.0
12101,KYN,30-60,9.6
12101,KYN,60-120,17.1
12101,KYN,120+,30.7
12101,LTT,0-5,0.0
12101,LTT,5-15,0.2
12101,LTT,15-30,0.0
12101,LTT,30-60,2.6
12101,LTT,60-120,6.8
12101,LTT,120+,14.7
12101,NGP,0-5,5.0
12101,NGP,5-15,5.3
12101,NGP,15-30,4.7
12101,NGP,30-60,9.2
12101,NGP,60-120,17.0
12101,NGP,120+,31.7
12101,RJN,0-5,7.1
12101,RJN,5-15,7.4
12101,RJN,15-30,6.3
12101,RJN,30-60,10.2
12101,RJN,60-120,19.8
12101,RJN,120+,34.8
12101,ROU,0-5,23.6
12101,ROU,5-15,23.9
12101,ROU,15-30,23.0
12101,ROU,30-60,25.4
12101,ROU,60-120,38.2
12101,ROU,120+,68.2
12101,SHM,0-5,200.8
12101,SHM,5-15,199.1
12101,SHM,15-30,198.2
12101,SHM,30-60,209.1
12101,SHM,60-120,220.0
12101,SHM,120+,253.2
12101,SRC,0-5,200.8
12101,SRC,5-15,199.1
12101,SRC,15-30,198.2
12101,SRC,30-60,209.1
12101,SRC,60-120,220.0
12101,SRC,120+,253.2
12101,TATA,0-5,138.6
12101,TATA,5-15,136.9
12101,TATA,15-30,136.9
12101,TATA,30-60,138.9
12101,TATA,60-120,153.4
12101,TATA,120+,176.8
12102,AK,0-5,208.7
12102,AK,5-15,207.0
12102,AK,15-30,203.9
12102,AK,30-60,185.5
12102,AK,60-120,187.4
12102,AK,120+,210.2
12102,BD,0-5,166.9
12102,BD,5-15,165.2
12102,BD,15-30,162.1
12102,BD,30-60,156.1
12102,BD,60-120,163.0
12102,BD,120+,198.8
12102,BSL,0-5,165.2
12102,BSL,5-15,163.5
12102,BSL,15-30,160.5
12102,BSL,30-60,152.8
12102,BSL,60-120,159.5
12102,BSL,120+,202.2
12102,BSP,0-5,90.5
12102,BSP,5-15,88.8
12102,BSP,15-30,87.9
12102,BSP,30-60,89.9
12102,BSP,60-120,101.5
12102,BSP,120+,134.4
12102,CKP,0-5,15.1
12102,CKP,5-15,15.4
12102,CKP,15-30,14.4
12102,CKP,30-60,18.5
12102,CKP,60-120,30.8
12102,CKP,120+,48.6
12102,DURG,0-5,92.8
12102,DURG,5-15,91.1
12102,DURG,15-30,90.2
12102,DURG,30-60,92.2
12102,DURG,60-120,103.9
12102,DURG,120+,136.3
12102,G,0-5,70.9
12102,G,5-15,69.2
12102,G,15-30,68.3
12102,G,30-60,72.9
12102,G,60-120,88.8
12102,G,120+,122.2
12102,JSG,0-5,47.7
12102,JSG,5-15,45.9
12102,JSG,15-30,45.0
12102,JSG,30-60,48.9
12102,JSG,60-120,63.5
12102,JSG,120+,91.4
12102,KGP,0-5,4.1
12102,KGP,5-15,4.5
12102,KGP,15-30,3.1
12102,KGP,30-60,1.3
12102,KGP,60-120,4.1
12102,KGP,120+,5.0
12102,KYN,0-5,152.2
12102,KYN,5-15,150.5
12102,KYN,15-30,149.5
12102,KYN,30-60,151.5
12102,KYN,60-120,164.5
12102,KYN,120+,201.8
12102,LTT,0-5,154.0
12102,LTT,5-15,152.3
12102,LTT,15-30,151.3
12102,LTT,30-60,151.9
12102,LTT,60-120,164.9
12102,LTT,120+,202.1
12102,NGP,0-5,127.9
12102,NGP,5-15,126.2
12102,NGP,15-30,124.7
12102,NGP,30-60,119.3
12102,NGP,60-120,129.6
12102,NGP,120+,157.0
12102,R,0-5,78.9
12102,R,5-15,77.2
12102,R,15-30,76.1
12102,R,30-60,72.8
12102,R,60-120,86.2
12102,R,120+,117.0
12102,RJN,0-5,111.6
12102,RJN,5-15,109.9
12102,RJN,15-30,108.8
12102,RJN,30-60,104.9
12102,RJN,60-120,117.8
12102,RJN,120+,146.6
12102,ROU,0-5,47.4
12102,ROU,5-15,47.7
12102,ROU,15-30,46.4
12102,ROU,30-60,42.3
12102,ROU,60-120,54.6
12102,ROU,120+,80.9
12102,SHM,0-5,0.0
12102,SHM,5-15,0.0
12102,SHM,15-30,0.0
12102,SHM,30-60,0.0
12102,SHM,60-120,0.0
12102,SHM,120+,0.0
12102,SRC,0-5,0.1
12102,SRC,5-15,0.4
12102,SRC,15-30,0.0
12102,SRC,30-60,0.0
12102,SRC,60-120,0.0
12102,SRC,120+,0.0
12102,TATA,0-5,13.6
12102,TATA,5-15,13.9
12102,TATA,15-30,12.2
12102,TATA,30-60,9.9
12102,TATA,60-120,13.3
12102,TATA,120+,21.4
12137,AGC,0-5,25.7
12137,AGC,5-15,25.8
12137,AGC,15-30,25.5
12137,AGC,30-60,28.0
12137,AGC,60-120,51.1
12137,AGC,120+,79.7
12137,BAB,0-5,26.7
12137,BAB,5-15,26.7
12137,BAB,15-30,26.9
12137,BAB,30-60,33.5
12137,BAB,60-120,65.9
12137,BAB,120+,114.2
12137,BAQ,0-5,29.7
12137,BAQ,5-15,29.8
12137,BAQ,15-30,29.9
12137,BAQ,30-60,36.9
12137,BAQ,60-120,69.1
12137,BAQ,120+,120.1
12137,BAU,0-5,30.3
12137,BAU,5-15,30.4
12137,BAU,15-30,30.5
12137,BAU,30-60,37.7
12137,BAU,60-120,69.8
12137,BAU,120+,122.0
12137,BGZ,0-5,35.8
12137,BGZ,5-15,35.8
12137,BGZ,15-30,35.9
12137,BGZ,30-60,43.1
12137,BGZ,60-120,77.4
12137,BGZ,120+,131.4
12137,BHS,0-5,25.8
12137,BHS,5-15,25.9
12137,BHS,15-30,26.0
12137,BHS,30-60,32.8
12137,BHS,60-120,64.5
12137,BHS,120+,113.4
12137,BINA,0-5,12.5
12137,BINA,5-15,12.5
12137,BINA,15-30,12.6
12137,BINA,30-60,18.3
12137,BINA,60-120,41.2
12137,BINA,120+,81.5
12137,BLZ,0-5,52.5
12137,BLZ,5-15,52.5
12137,BLZ,15-30,52.6
12137,BLZ,30-60,58.9
12137,BLZ,60-120,97.1
12137,BLZ,120+,147.5
12137,BPF,0-5,32.0
12137,BPF,5-15,32.1
12137,BPF,15-30,32.2
12137,BPF,30-60,38.6
12137,BPF,60-120,69.3
12137,BPF,120+,121.1
12137,BPL,0-5,17.7
12137,BPL,5-15,17.7
12137,BPL,15-30,17.6
12137,BPL,30-60,23.3
12137,BPL,60-120,48.6
12137,BPL,120+,89.2
12137,BRZ,0-5,51.4
12137,BRZ,5-15,51.5
12137,BRZ,15-30,51.5
12137,BRZ,30-60,57.6
12137,BRZ,60-120,94.5
12137,BRZ,120+,143.5
12137,BSL,0-5,30.7
12137,BSL,5-15,30.7
12137,BSL,15-30,30.9
12137,BSL,30-60,37.2
12137,BSL,60-120,66.3
12137,BSL,120+,112.9
12137,BTI,0-5,37.7
12137,BTI,5-15,37.7
12137,BTI,15-30,37.8
12137,BTI,30-60,44.6
12137,BTI,60-120,76.1
12137,BTI,120+,128.2
12137,CSMT,0-5,3.4
12137,CSMT,5-15,3.4
12137,CSMT,15-30,3.2
12137,CSMT,30-60,7.0
12137,CSMT,60-120,21.6
12137,CSMT,120+,49.0
12137,CSN,0-5,34.4
12137,CSN,5-15,34.4
12137,CSN,15-30,34.5
12137,CSN,30-60,40.9
12137,CSN,60-120,71.4
12137,CSN,120+,123.1
12137,DAA,0-5,25.1
12137,DAA,5-15,25.2
12137,DAA,15-30,25.4
12137,DAA,30-60,31.3
12137,DAA,60-120,60.5
12137,DAA,120+,104.8
12137,DBA,0-5,28.5
12137,DBA,5-15,28.5
12137,DBA,15-30,28.7
12137,DBA,30-60,34.7
12137,DBA,60-120,63.9
12137,DBA,120+,112.3
12137,DHO,0-5,12.6
12137,DHO,5-15,12.6
12137,DHO,15-30,12.7
12137,DHO,30-60,18.0
12137,DHO,60-120,39.2
12137,DHO,120+,77.0
12137,DKZ,0-5,27.9
12137,DKZ,5-15,28.0
12137,DKZ,15-30,28.1
12137,DKZ,30-60,34.2
12137,DKZ,60-120,63.3
12137,DKZ,120+,111.1
12137,DR,0-5,8.4
12137,DR,5-15,8.4
12137,DR,15-30,8.3
12137,DR,30-60,13.4
12137,DR,60-120,30.4
12137,DR,120+,65.8
12137,ET,0-5,16.4
12137,ET,5-15,16.5
12137,ET,15-30,16.5
12137,ET,30-60,22.2
12137,ET,60-120,46.2
12137,ET,120+,85.4
12137,FDB,0-5,16.4
12137,FDB,5-15,16.5
12137,FDB,15-30,16.5
12137,FDB,30-60,22.2
12137,FDB,60-120,46.3
12137,FDB,120+,85.6
12137,FDK,0-5,52.6
12137,FDK,5-15,52.7
12137,FDK,15-30,52.7
12137,FDK,30-60,58.7
12137,FDK,60-120,95.8
12137,FDK,120+,145.0
12137,FZR,0-5,34.0
12137,FZR,5-15,34.1
12137,FZR,15-30,34.2
12137,FZR,30-60,40.6
12137,FZR,60-120,71.1
12137,FZR,120+,122.8
12137,GJUT,0-5,46.4
12137,GJUT,5-15,46.4
12137,GJUT,15-30,46.4
12137,GJUT,30-60,52.4
12137,GJUT,60-120,86.2
12137,GJUT,120+,136.2
12137,GNA,0-5,42.4
12137,GNA,5-15,42.4
12137,GNA,15-30,42.5
12137,GNA,30-60,48.8
12137,GNA,60-120,81.8
12137,GNA,120+,134.3
12137,GWL,0-5,34.0
12137,GWL,5-15,34.0
12137,GWL,15-30,34.2
12137,GWL,30-60,40.8
12137,GWL,60-120,72.4
12137,GWL,120+,121.8
12137,HD,0-5,25.1
12137,HD,5-15,25.1
12137,HD,15-30,25.4
12137,HD,30-60,31.6
12137,HD,60-120,60.9
12137,HD,120+,105.2
12137,JHL,0-5,50.3
12137,JHL,5-15,50.3
12137,JHL,15-30,50.3
12137,JHL,30-60,56.5
12137,JHL,60-120,92.9
12137,JHL,120+,143.3
12137,JIND,0-5,45.2
12137,JIND,5-15,45.2
12137,JIND,15-30,45.2
12137,JIND,30-60,51.3
12137,JIND,60-120,84.9
12137,JIND,120+,136.7
12137,JL,0-5,33.7
12137,JL,5-15,33.8
12137,JL,15-30,33.9
12137,JL,30-60,40.5
12137,JL,60-120,71.0
12137,JL,120+,122.7
12137,KKN,0-5,18.3
12137,KKN,5-15,18.3
12137,KKN,15-30,18.4
12137,KKN,30-60,24.2
12137,KKN,60-120,49.2
12137,KKN,120+,90.4
12137,KKP,0-5,48.9
12137,KKP,5-15,49.0
12137,KKP,15-30,49.0
12137,KKP,30-60,55.2
12137,KKP,60-120,89.9
12137,KKP,120+,140.1
12137,KNW,0-5,12.0
12137,KNW,5-15,12.0
12137,KNW,15-30,12.1
12137,KNW,30-60,17.6
12137,KNW,60-120,39.0
12137,KNW,120+,77.7
12137,KSRA,0-5,23.8
12137,KSRA,5-15,23.8
12137,KSRA,15-30,24.0
12137,KSRA,30-60,29.8
12137,KSRA,60-120,58.5
12137,KSRA,120+,103.5
12137,KSV,0-5,31.8
12137,KSV,5-15,31.8
12137,KSV,15-30,31.9
12137,KSV,30-60,38.5
12137,KSV,60-120,68.7
12137,KSV,120+,117.1
12137,KYN,0-5,20.7
12137,KYN,5-15,20.8
12137,KYN,15-30,20.7
12137,KYN,30-60,26.5
12137,KYN,60-120,52.4
12137,KYN,120+,94.1
12137,LAR,0-5,21.3
12137,LAR,5-15,21.3
12137,LAR,15-30,21.3
12137,LAR,30-60,27.1
12137,LAR,60-120,54.9
12137,LAR,120+,98.6
12137,MAUR,0-5,55.1
12137,MAUR,5-15,55.1
12137,MAUR,15-30,55.1
12137,MAUR,30-60,61.0
12137,MAUR,60-120,98.4
12137,MAUR,120+,148.2
12137,MMR,0-5,27.1
12137,MMR,5-15,27.1
12137,MMR,15-30,27.3
12137,MMR,30-60,33.5
12137,MMR,60-120,62.7
12137,MMR,120+,111.1
12137,MRA,0-5,34.6
12137,MRA,5-15,34.7
12137,MRA,15-30,34.7
12137,MRA,30-60,41.3
12137,MRA,60-120,72.6
12137,MRA,120+,122.2
12137,MSZ,0-5,53.4
12137,MSZ,5-15,53.4
12137,MSZ,15-30,53.4
12137,MSZ,30-60,59.4
12137,MSZ,60-120,96.1
12137,MSZ,120+,145.7
12137,MTJ,0-5,25.4
12137,MTJ,5-15,25.5
12137,MTJ,15-30,25.7
12137,MTJ,30-60,31.9
12137,MTJ,60-120,61.1
12137,MTJ,120+,108.0
12137,NDLS,0-5,24.2
12137,NDLS,5-15,24.3
12137,NDLS,15-30,24.5
12137,NDLS,30-60,30.5
12137,NDLS,60-120,59.5
12137,NDLS,120+,105.0
12137,NDPM,0-5,23.4
12137,NDPM,5-15,23.5
12137,NDPM,15-30,23.5
12137,NDPM,30-60,29.3
12137,NDPM,60-120,57.6
12137,NDPM,120+,102.5
12137,NK,0-5,27.0
12137,NK,5-15,27.0
12137,NK,15-30,27.1
12137,NK,30-60,33.4
12137,NK,60-120,62.5
12137,NK,120+,110.6
12137,NRW,0-5,49.3
12137,NRW,5-15,49.3
12137,NRW,15-30,49.3
12137,NRW,30-60,55.4
12137,NRW,60-120,91.0
12137,NRW,120+,140.8
12137,NZM,0-5,24.3
12137,NZM,5-15,24.4
12137,NZM,15-30,24.4
12137,NZM,30-60,30.7
12137,NZM,60-120,59.4
12137,NZM,120+,105.5
12137,RKM,0-5,17.3
12137,RKM,5-15,17.4
12137,RKM,15-30,17.4
12137,RKM,30-60,23.2
12137,RKM,60-120,47.4
12137,RKM,120+,87.9
12137,RKMP,0-5,12.6
12137,RKMP,5-15,12.7
12137,RKMP,15-30,12.7
12137,RKMP,30-60,18.2
12137,RKMP,60-120,39.2
12137,RKMP,120+,78.2
12137,ROK,0-5,41.4
12137,ROK,5-15,41.4
12137,ROK,15-30,41.5
12137,ROK,30-60,47.7
12137,ROK,60-120,79.5
12137,ROK,120+,132.2
12137,SSB,0-5,29.9
12137,SSB,5-15,30.0
12137,SSB,15-30,30.1
12137,SSB,30-60,36.7
12137,SSB,60-120,65.7
12137,SSB,120+,115.9
12137,TUN,0-5,51.8
12137,TUN,5-15,51.8
12137,TUN,15-30,51.8
12137,TUN,30-60,57.8
12137,TUN,60-120,94.3
12137,TUN,120+,143.4
12137,VGLJ,0-5,21.2
12137,VGLJ,5-15,21.2
12137,VGLJ,15-30,21.1
12137,VGLJ,30-60,27.1
12137,VGLJ,60-120,54.3
12137,VGLJ,120+,98.2
12138,AGC,0-5,47.2
12138,AGC,5-15,47.2
12138,AGC,15-30,46.9
12138,AGC,30-60,49.9
12138,AGC,60-120,79.3
12138,AGC,120+,119.2
12138,BAB,0-5,24.9
12138,BAB,5-15,24.9
12138,BAB,15-30,25.2
12138,BAB,30-60,32.9
12138,BAB,60-120,64.0
12138,BAB,120+,106.4
12138,BAQ,0-5,28.2
12138,BAQ,5-15,28.3
12138,BAQ,15-30,28.5
12138,BAQ,30-60,37.2
12138,BAQ,60-120,70.0
12138,BAQ,120+,120.9
12138,BAU,0-5,29.9
12138,BAU,5-15,29.9
12138,BAU,15-30,30.2
12138,BAU,30-60,38.8
12138,BAU,60-120,72.2
12138,BAU,120+,123.7
12138,BGZ,0-5,18.7
12138,BGZ,5-15,18.8
12138,BGZ,15-30,18.8
12138,BGZ,30-60,26.2
12138,BGZ,60-120,53.9
12138,BGZ,120+,95.4
12138,BHS,0-5,34.5
12138,BHS,5-15,34.6
12138,BHS,15-30,34.8
12138,BHS,30-60,43.4
12138,BHS,60-120,78.4
12138,BHS,120+,131.0
12138,BINA,0-5,23.5
12138,BINA,5-15,23.5
12138,BINA,15-30,23.8
12138,BINA,30-60,31.5
12138,BINA,60-120,62.2
12138,BINA,120+,108.2
12138,BLZ,0-5,6.0
12138,BLZ,5-15,6.1
12138,BLZ,15-30,5.9
12138,BLZ,30-60,10.6
12138,BLZ,60-120,24.7
12138,BLZ,120+,50.7
12138,BPF,0-5,40.2
12138,BPF,5-15,40.3
12138,BPF,15-30,40.5
12138,BPF,30-60,48.0
12138,BPF,60-120,82.3
12138,BPF,120+,133.3
12138,BPL,0-5,27.8
12138,BPL,5-15,27.9
12138,BPL,15-30,28.1
12138,BPL,30-60,36.1
12138,BPL,60-120,67.3
12138,BPL,120+,118.7
12138,BRZ,0-5,6.5
12138,BRZ,5-15,6.5
12138,BRZ,15-30,6.3
12138,BRZ,30-60,11.3
12138,BRZ,60-120,25.6
12138,BRZ,120+,52.1
12138,BSL,0-5,37.0
12138,BSL,5-15,37.0
12138,BSL,15-30,37.2
12138,BSL,30-60,44.5
12138,BSL,60-120,76.9
12138,BSL,120+,126.5
12138,BTI,0-5,0.0
12138,BTI,5-15,0.0
12138,BTI,15-30,0.0
12138,BTI,30-60,2.3
12138,BTI,60-120,10.1
12138,BTI,120+,22.9
12138,CSMT,0-5,37.3
12138,CSMT,5-15,37.3
12138,CSMT,15-30,37.5
12138,CSMT,30-60,45.1
12138,CSMT,60-120,78.5
12138,CSMT,120+,130.6
12138,CSN,0-5,39.9
12138,CSN,5-15,39.9
12138,CSN,15-30,40.2
12138,CSN,30-60,47.5
12138,CSN,60-120,80.5
12138,CSN,120+,130.2
12138,DAA,0-5,34.5
12138,DAA,5-15,34.5
12138,DAA,15-30,34.7
12138,DAA,30-60,42.6
12138,DAA,60-120,74.7
12138,DAA,120+,125.0
12138,DBA,0-5,28.1
12138,DBA,5-15,28.1
12138,DBA,15-30,28.4
12138,DBA,30-60,36.1
12138,DBA,60-120,66.1
12138,DBA,120+,115.2
12138,DHO,0-5,24.2
12138,DHO,5-15,24.2
12138,DHO,15-30,24.5
12138,DHO,30-60,31.8
12138,DHO,60-120,60.7
12138,DHO,120+,107.0
12138,DKZ,0-5,14.1
12138,DKZ,5-15,14.1
12138,DKZ,15-30,14.2
12138,DKZ,30-60,20.8
12138,DKZ,60-120,42.9
12138,DKZ,120+,79.2
12138,DR,0-5,43.1
12138,DR,5-15,43.2
12138,DR,15-30,43.4
12138,DR,30-60,51.1
12138,DR,60-120,86.1
12138,DR,120+,138.1
12138,ET,0-5,33.2
12138,ET,5-15,33.2
12138,ET,15-30,33.5
12138,ET,30-60,41.4
12138,ET,60-120,73.2
12138,ET,120+,123.1
12138,FDB,0-5,24.7
12138,FDB,5-15,24.7
12138,FDB,15-30,25.0
12138,FDB,30-60,32.4
12138,FDB,60-120,61.4
12138,FDB,120+,108.7
12138,FDK,0-5,3.4
12138,FDK,5-15,3.4
12138,FDK,15-30,3.2
12138,FDK,30-60,7.1
12138,FDK,60-120,18.4
12138,FDK,120+,36.9
12138,FZR,0-5,0.0
12138,FZR,5-15,0.0
12138,FZR,15-30,0.0
12138,FZR,30-60,2.3
12138,FZR,60-120,11.4
12138,FZR,120+,24.3
12138,GJUT,0-5,5.0
12138,GJUT,5-15,5.0
12138,GJUT,15-30,4.8
12138,GJUT,30-60,9.1
12138,GJUT,60-120,22.0
12138,GJUT,120+,43.7
12138,GNA,0-5,5.1
12138,GNA,5-15,5.1
12138,GNA,15-30,5.0
12138,GNA,30-60,9.2
12138,GNA,60-120,22.3
12138,GNA,120+,44.5
12138,GWL,0-5,25.2
12138,GWL,5-15,25.2
12138,GWL,15-30,25.5
12138,GWL,30-60,33.1
12138,GWL,60-120,63.0
12138,GWL,120+,110.4
12138,HD,0-5,47.0
12138,HD,5-15,47.0
12138,HD,15-30,47.3
12138,HD,30-60,55.5
12138,HD,60-120,91.1
12138,HD,120+,141.7
12138,JHL,0-5,5.0
12138,JHL,5-15,5.0
12138,JHL,15-30,4.8
12138,JHL,30-60,9.1
12138,JHL,60-120,21.5
12138,JHL,120+,42.8
12138,JIND,0-5,10.1
12138,JIND,5-15,10.1
12138,JIND,15-30,10.1
12138,JIND,30-60,16.1
12138,JIND,60-120,32.2
12138,JIND,120+,64.8
12138,JL,0-5,34.5
12138,JL,5-15,34.5
12138,JL,15-30,34.8
12138,JL,30-60,42.8
12138,JL,60-120,74.5
12138,JL,120+,124.1
12138,KKN,0-5,49.3
12138,KKN,5-15,49.4
12138,KKN,15-30,49.6
12138,KKN,30-60,58.1
12138,KKN,60-120,94.2
12138,KKN,120+,144.1
12138,KKP,0-5,4.3
12138,KKP,5-15,4.3
12138,KKP,15-30,4.2
12138,KKP,30-60,8.5
12138,KKP,60-120,20.9
12138,KKP,120+,41.7
12138,KNW,0-5,26.6
12138,KNW,5-15,26.7
12138,KNW,15-30,26.9
12138,KNW,30-60,34.7
12138,KNW,60-120,65.1
12138,KNW,120+,114.2
12138,KSV,0-5,27.5
12138,KSV,5-15,27.6
12138,KSV,15-30,27.8
12138,KSV,30-60,35.8
12138,KSV,60-120,65.8
12138,KSV,120+,114.6
12138,KYN,0-5,37.9
12138,KYN,5-15,37.9
12138,KYN,15-30,38.2
12138,KYN,30-60,45.5
12138,KYN,60-120,78.5
12138,KYN,120+,128.8
12138,LAR,0-5,29.1
12138,LAR,5-15,29.1
12138,LAR,15-30,29.4
12138,LAR,30-60,37.4
12138,LAR,60-120,68.2
12138,LAR,120+,118.7
12138,MAUR,0-5,3.4
12138,MAUR,5-15,3.5
12138,MAUR,15-30,3.3
12138,MAUR,30-60,7.4
12138,MAUR,60-120,19.0
12138,MAUR,120+,38.3
12138,MMR,0-5,43.4
12138,MMR,5-15,43.4
12138,MMR,15-30,43.7
12138,MMR,30-60,51.2
12138,MMR,60-120,85.6
12138,MMR,120+,136.0
12138,MRA,0-5,22.5
12138,MRA,5-15,22.6
12138,MRA,15-30,22.7
12138,MRA,30-60,29.3
12138,MRA,60-120,57.1
12138,MRA,120+,98.7
12138,MSZ,0-5,4.8
12138,MSZ,5-15,4.9
12138,MSZ,15-30,4.6
12138,MSZ,30-60,8.9
12138,MSZ,60-120,21.5
12138,MSZ,120+,43.0
12138,MTJ,0-5,29.3
12138,MTJ,5-15,29.4
12138,MTJ,15-30,29.6
12138,MTJ,30-60,37.6
12138,MTJ,60-120,68.3
12138,MTJ,120+,118.1
12138,NDLS,0-5,13.2
12138,NDLS,5-15,13.2
12138,NDLS,15-30,13.3
12138,NDLS,30-60,19.8
12138,NDLS,60-120,41.4
12138,NDLS,120+,78.0
12138,NDPM,0-5,32.9
12138,NDPM,5-15,32.9
12138,NDPM,15-30,33.1
12138,NDPM,30-60,41.2
12138,NDPM,60-120,73.2
12138,NDPM,120+,123.3
12138,NK,0-5,42.8
12138,NK,5-15,42.9
12138,NK,15-30,43.1
12138,NK,30-60,50.5
12138,NK,60-120,84.4
12138,NK,120+,134.9
12138,NRW,0-5,11.7
12138,NRW,5-15,11.8
12138,NRW,15-30,11.7
12138,NRW,30-60,18.1
12138,NRW,60-120,36.3
12138,NRW,120+,69.8
12138,RKM,0-5,40.0
12138,RKM,5-15,40.1
12138,RKM,15-30,40.3
12138,RKM,30-60,47.6
12138,RKM,60-120,81.8
12138,RKM,120+,132.4
12138,RKMP,0-5,29.6
12138,RKMP,5-15,29.6
12138,RKMP,15-30,29.9
12138,RKMP,30-60,37.9
12138,RKMP,60-120,69.2
12138,RKMP,120+,120.7
12138,ROK,0-5,12.7
12138,ROK,5-15,12.8
12138,ROK,15-30,12.7
12138,ROK,30-60,19.0
12138,ROK,60-120,37.9
12138,ROK,120+,71.9
12138,SSB,0-5,12.8
12138,SSB,5-15,12.8
12138,SSB,15-30,12.8
12138,SSB,30-60,19.1
12138,SSB,60-120,39.7
12138,SSB,120+,74.6
12138,TUN,0-5,5.1
12138,TUN,5-15,5.2
12138,TUN,15-30,4.9
12138,TUN,30-60,9.5
12138,TUN,60-120,21.7
12138,TUN,120+,42.8
12138,VGLJ,0-5,21.8
12138,VGLJ,5-15,21.9
12138,VGLJ,15-30,21.8
12138,VGLJ,30-60,28.6
12138,VGLJ,60-120,56.7
12138,VGLJ,120+,99.3
12155,AGC,0-5,27.7
12155,AGC,5-15,27.8
12155,AGC,15-30,28.2
12155,AGC,30-60,33.9
12155,AGC,60-120,63.5
12155,AGC,120+,95.3
12155,BAQ,0-5,17.5
12155,BAQ,5-15,17.6
12155,BAQ,15-30,17.7
12155,BAQ,30-60,26.7
12155,BAQ,60-120,48.4
12155,BAQ,120+,86.9
12155,BHS,0-5,13.2
12155,BHS,5-15,13.2
12155,BHS,15-30,13.5
12155,BHS,30-60,21.0
12155,BHS,60-120,41.0
12155,BHS,120+,75.1
12155,BINA,0-5,12.5
12155,BINA,5-15,12.5
12155,BINA,15-30,13.1
12155,BINA,30-60,22.9
12155,BINA,60-120,45.7
12155,BINA,120+,78.7
12155,BPL,0-5,7.2
12155,BPL,5-15,7.3
12155,BPL,15-30,7.9
12155,BPL,30-60,13.8
12155,BPL,60-120,33.7
12155,BPL,120+,60.0
12155,GWL,0-5,26.4
12155,GWL,5-15,26.4
12155,GWL,15-30,27.3
12155,GWL,30-60,37.5
12155,GWL,60-120,71.5
12155,GWL,120+,116.5
12155,MRA,0-5,25.4
12155,MRA,5-15,25.5
12155,MRA,15-30,26.3
12155,MRA,30-60,36.3
12155,MRA,60-120,69.0
12155,MRA,120+,113.0
12155,NZM,0-5,19.9
12155,NZM,5-15,19.9
12155,NZM,15-30,20.7
12155,NZM,30-60,32.2
12155,NZM,60-120,60.4
12155,NZM,120+,103.0
12155,RKMP,0-5,3.1
12155,RKMP,5-15,3.1
12155,RKMP,15-30,3.2
12155,RKMP,30-60,7.4
12155,RKMP,60-120,20.5
12155,RKMP,120+,40.6
12155,VGLJ,0-5,20.7
12155,VGLJ,5-15,20.7
12155,VGLJ,15-30,21.5
12155,VGLJ,30-60,32.8
12155,VGLJ,60-120,61.4
12155,VGLJ,120+,103.4
12156,AGC,0-5,24.4
12156,AGC,5-15,24.4
12156,AGC,15-30,25.3
12156,AGC,30-60,32.0
12156,AGC,60-120,62.4
12156,AGC,120+,96.8
12156,BAQ,0-5,26.2
12156,BAQ,5-15,26.2
12156,BAQ,15-30,26.9
12156,BAQ,30-60,38.6
12156,BAQ,60-120,75.4
12156,BAQ,120+,121.5
12156,BHS,0-5,27.7
12156,BHS,5-15,27.7
12156,BHS,15-30,28.7
12156,BHS,30-60,40.3
12156,BHS,60-120,77.3
12156,BHS,120+,126.4
12156,BINA,0-5,17.6
12156,BINA,5-15,17.7
12156,BINA,15-30,18.7
12156,BINA,30-60,30.0
12156,BINA,60-120,61.5
12156,BINA,120+,102.7
12156,BPL,0-5,25.5
12156,BPL,5-15,25.5
12156,BPL,15-30,26.6
12156,BPL,30-60,38.1
12156,BPL,60-120,75.6
12156,BPL,120+,122.6
12156,GWL,0-5,15.9
12156,GWL,5-15,15.9
12156,GWL,15-30,17.0
12156,GWL,30-60,27.4
12156,GWL,60-120,55.7
12156,GWL,120+,93.6
12156,MRA,0-5,15.3
12156,MRA,5-15,15.3
12156,MRA,15-30,16.3
12156,MRA,30-60,26.5
12156,MRA,60-120,51.6
12156,MRA,120+,88.9
12156,NZM,0-5,1.1
12156,NZM,5-15,1.1
12156,NZM,15-30,1.2
12156,NZM,30-60,4.2
12156,NZM,60-120,14.9
12156,NZM,120+,27.3
12156,RKMP,0-5,17.0
12156,RKMP,5-15,17.0
12156,RKMP,15-30,18.0
12156,RKMP,30-60,28.1
12156,RKMP,60-120,57.7
12156,RKMP,120+,95.7
12156,VGLJ,0-5,16.7
12156,VGLJ,5-15,16.7
12156,VGLJ,15-30,17.7
12156,VGLJ,30-60,27.4
12156,VGLJ,60-120,54.8
12156,VGLJ,120+,92.1
12163,AD,0-5,39.1
12163,AD,5-15,39.1
12163,AD,15-30,39.6
12163,AD,30-60,41.4
12163,AD,60-120,76.9
12163,AD,120+,118.3
12163,AJJ,0-5,29.2
12163,AJJ,5-15,29.2
12163,AJJ,15-30,29.7
12163,AJJ,30-60,35.6
12163,AJJ,60-120,72.0
12163,AJJ,120+,121.1
12163,GTL,0-5,22.9
12163,GTL,5-15,22.9
12163,GTL,15-30,23.4
12163,GTL,30-60,29.4
12163,GTL,60-120,63.1
12163,GTL,120+,113.7
12163,GY,0-5,29.9
12163,GY,5-15,29.9
12163,GY,15-30,30.4
12163,GY,30-60,36.5
12163,GY,60-120,73.6
12163,GY,120+,122.4
12163,HX,0-5,31.0
12163,HX,5-15,31.0
12163,HX,15-30,31.4
12163,HX,30-60,37.6
12163,HX,60-120,76.2
12163,HX,120+,127.2
12163,KLBG,0-5,38.0
12163,KLBG,5-15,38.0
12163,KLBG,15-30,38.4
12163,KLBG,30-60,45.1
12163,KLBG,60-120,90.3
12163,KLBG,120+,148.5
12163,KOU,0-5,32.7
12163,KOU,5-15,32.7
12163,KOU,15-30,33.1
12163,KOU,30-60,38.7
12163,KOU,60-120,78.5
12163,KOU,120+,131.2
12163,KYN,0-5,2.9
12163,KYN,5-15,2.9
12163,KYN,15-30,2.9
12163,KYN,30-60,6.9
12163,KYN,60-120,24.4
12163,KYN,120+,47.9
12163,LNL,0-5,10.4
12163,LNL,5-15,10.4
12163,LNL,15-30,10.9
12163,LNL,30-60,15.7
12163,LNL,60-120,46.2
12163,LNL,120+,94.9
12163,LTT,0-5,0.0
12163,LTT,5-15,0.0
12163,LTT,15-30,0.0
12163,LTT,30-60,0.0
12163,LTT,60-120,5.2
12163,LTT,120+,9.5
12163,MALM,0-5,30.2
12163,MALM,5-15,30.2
12163,MALM,15-30,30.6
12163,MALM,30-60,37.2
12163,MALM,60-120,77.1
12163,MALM,120+,131.1
12163,MAS,0-5,12.8
12163,MAS,5-15,12.8
12163,MAS,15-30,13.3
12163,MAS,30-60,18.0
12163,MAS,60-120,49.4
12163,MAS,120+,99.1
12163,PER,0-5,35.0
12163,PER,5-15,35.0
12163,PER,15-30,35.4
12163,PER,30-60,40.9
12163,PER,60-120,80.5
12163,PER,120+,132.6
12163,PUNE,0-5,15.8
12163,PUNE,5-15,15.8
12163,PUNE,15-30,16.3
12163,PUNE,30-60,21.6
12163,PUNE,60-120,54.0
12163,PUNE,120+,103.9
12163,PUT,0-5,28.1
12163,PUT,5-15,28.1
12163,PUT,15-30,28.5
12163,PUT,30-60,33.6
12163,PUT,60-120,68.6
12163,PUT,120+,117.4
12163,RC,0-5,30.3
12163,RC,5-15,30.4
12163,RC,15-30,30.7
12163,RC,30-60,37.3
12163,RC,60-120,77.3
12163,RC,120+,131.4
12163,RJP,0-5,33.6
12163,RJP,5-15,33.7
12163,RJP,15-30,34.0
12163,RJP,30-60,39.1
12163,RJP,60-120,78.2
12163,RJP,120+,130.1
12163,RU,0-5,24.2
12163,RU,5-15,24.2
12163,RU,15-30,24.6
12163,RU,30-60,29.8
12163,RU,60-120,62.4
12163,RU,120+,111.7
12163,SADP,0-5,29.9
12163,SADP,5-15,29.9
12163,SADP,15-30,30.3
12163,SADP,30-60,36.8
12163,SADP,60-120,77.0
12163,SADP,120+,131.2
12163,SUR,0-5,31.8
12163,SUR,5-15,31.8
12163,SUR,15-30,32.2
12163,SUR,30-60,38.6
12163,SUR,60-120,80.9
12163,SUR,120+,136.4
12163,TNA,0-5,0.0
12163,TNA,5-15,0.0
12163,TNA,15-30,0.0
12163,TNA,30-60,1.5
12163,TNA,60-120,11.2
12163,TNA,120+,27.7
12163,TRT,0-5,24.0
12163,TRT,5-15,24.1
12163,TRT,15-30,24.4
12163,TRT,30-60,29.6
12163,TRT,60-120,62.4
12163,TRT,120+,111.9
12163,TU,0-5,27.0
12163,TU,5-15,27.0
12163,TU,15-30,27.4
12163,TU,30-60,32.6
12163,TU,60-120,67.5
12163,TU,120+,117.7
12163,WADI,0-5,26.3
12163,WADI,5-15,26.4
12163,WADI,15-30,26.6
12163,WADI,30-60,32.3
12163,WADI,60-120,70.3
12163,WADI,120+,124.8
12163,YA,0-5,34.4
12163,YA,5-15,34.4
12163,YA,15-30,34.5
12163,YA,30-60,40.2
12163,YA,60-120,79.0
12163,YA,120+,131.7
12163,YG,0-5,29.7
12163,YG,5-15,29.7
12163,YG,15-30,29.9
12163,YG,30-60,35.7
12163,YG,60-120,75.0
12163,YG,120+,129.7
12164,AD,0-5,31.7
12164,AD,5-15,31.7
12164,AD,15-30,32.2
12164,AD,30-60,33.8
12164,AD,60-120,68.7
12164,AD,120+,108.7
12164,AJJ,0-5,12.4
12164,AJJ,5-15,12.4
12164,AJJ,15-30,12.7
12164,AJJ,30-60,18.2
12164,AJJ,60-120,48.2
12164,AJJ,120+,98.0
12164,GTL,0-5,22.6
12164,GTL,5-15,22.6
12164,GTL,15-30,23.0
12164,GTL,30-60,29.6
12164,GTL,60-120,67.7
12164,GTL,120+,122.3
12164,GY,0-5,21.9
12164,GY,5-15,22.0
12164,GY,15-30,22.4
12164,GY,30-60,28.7
12164,GY,60-120,63.2
12164,GY,120+,113.0
12164,HX,0-5,21.6
12164,HX,5-15,21.6
12164,HX,15-30,22.0
12164,HX,30-60,28.3
12164,HX,60-120,63.4
12164,HX,120+,112.6
12164,KLBG,0-5,7.8
12164,KLBG,5-15,7.8
12164,KLBG,15-30,8.1
12164,KLBG,30-60,13.2
12164,KLBG,60-120,41.9
12164,KLBG,120+,86.4
12164,KOU,0-5,17.7
12164,KOU,5-15,17.7
12164,KOU,15-30,18.1
12164,KOU,30-60,23.6
12164,KOU,60-120,56.1
12164,KOU,120+,105.6
12164,KYN,0-5,63.7
12164,KYN,5-15,63.9
12164,KYN,15-30,65.3
12164,KYN,30-60,72.5
12164,KYN,60-120,135.2
12164,KYN,120+,194.6
12164,LNL,0-5,26.2
12164,LNL,5-15,26.2
12164,LNL,15-30,26.8
12164,LNL,30-60,33.8
12164,LNL,60-120,85.6
12164,LNL,120+,146.5
12164,LTT,0-5,56.1
12164,LTT,5-15,56.3
12164,LTT,15-30,56.7
12164,LTT,30-60,63.6
12164,LTT,60-120,123.6
12164,LTT,120+,184.7
12164,MALM,0-5,22.0
12164,MALM,5-15,22.0
12164,MALM,15-30,22.4
12164,MALM,30-60,28.2
12164,MALM,60-120,67.2
12164,MALM,120+,119.7
12164,MAS,0-5,5.3
12164,MAS,5-15,5.3
12164,MAS,15-30,5.8
12164,MAS,30-60,10.2
12164,MAS,60-120,41.9
12164,MAS,120+,82.2
12164,PUNE,0-5,20.1
12164,PUNE,5-15,20.1
12164,PUNE,15-30,20.6
12164,PUNE,30-60,26.7
12164,PUNE,60-120,69.3
12164,PUNE,120+,125.2
12164,PUT,0-5,13.8
12164,PUT,5-15,13.8
12164,PUT,15-30,14.2
12164,PUT,30-60,19.0
12164,PUT,60-120,50.9
12164,PUT,120+,99.3
12164,RC,0-5,14.9
12164,RC,5-15,14.9
12164,RC,15-30,15.3
12164,RC,30-60,20.5
12164,RC,60-120,53.3
12164,RC,120+,104.1
12164,RJP,0-5,20.0
12164,RJP,5-15,20.0
12164,RJP,15-30,20.4
12164,RJP,30-60,25.7
12164,RJP,60-120,58.2
12164,RJP,120+,106.1
12164,RU,0-5,15.5
12164,RU,5-15,15.6
12164,RU,15-30,15.9
12164,RU,30-60,20.0
12164,RU,60-120,52.9
12164,RU,120+,103.8
12164,SADP,0-5,10.9
12164,SADP,5-15,11.0
12164,SADP,15-30,11.2
12164,SADP,30-60,15.2
12164,SADP,60-120,47.1
12164,SADP,120+,95.8
12164,SUR,0-5,20.2
12164,SUR,5-15,20.2
12164,SUR,15-30,20.6
12164,SUR,30-60,26.3
12164,SUR,60-120,65.2
12164,SUR,120+,117.2
12164,TNA,0-5,61.7
12164,TNA,5-15,62.0
12164,TNA,15-30,63.3
12164,TNA,30-60,71.3
12164,TNA,60-120,137.8
12164,TNA,120+,201.5
12164,TRT,0-5,15.5
12164,TRT,5-15,15.6
12164,TRT,15-30,15.7
12164,TRT,30-60,19.8
12164,TRT,60-120,51.7
12164,TRT,120+,101.0
12164,TU,0-5,27.6
12164,TU,5-15,27.7
12164,TU,15-30,27.8
12164,TU,30-60,32.9
12164,TU,60-120,71.7
12164,TU,120+,122.3
12164,WADI,0-5,6.8
12164,WADI,5-15,6.8
12164,WADI,15-30,6.9
12164,WADI,30-60,10.6
12164,WADI,60-120,41.2
12164,WADI,120+,87.0
12164,YA,0-5,27.9
12164,YA,5-15,27.9
12164,YA,15-30,28.1
12164,YA,30-60,32.5
12164,YA,60-120,70.5
12164,YA,120+,120.9
12164,YG,0-5,13.6
12164,YG,5-15,13.6
12164,YG,15-30,13.7
12164,YG,30-60,17.4
12164,YG,60-120,50.4
12164,YG,120+,99.8
12165,BOY,0-5,31.5
12165,BOY,5-15,31.5
12165,BOY,15-30,32.3
12165,BOY,30-60,34.5
12165,BOY,60-120,61.7
12165,BOY,120+,98.8
12165,BSB,0-5,17.4
12165,BSB,5-15,17.4
12165,BSB,15-30,17.7
12165,BSB,30-60,23.6
12165,BSB,60-120,56.8
12165,BSB,120+,94.3
12165,BSL,0-5,39.6
12165,BSL,5-15,39.7
12165,BSL,15-30,40.5
12165,BSL,30-60,48.1
12165,BSL,60-120,88.5
12165,BSL,120+,146.6
12165,DEOS,0-5,21.3
12165,DEOS,5-15,21.3
12165,DEOS,15-30,22.0
12165,DEOS,30-60,28.6
12165,DEOS,60-120,62.4
12165,DEOS,120+,112.7
12165,ET,0-5,21.0
12165,ET,5-15,21.1
12165,ET,15-30,21.8
12165,ET,30-60,28.6
12165,ET,60-120,62.4
12165,ET,120+,112.7
12165,GKP,0-5,16.8
12165,GKP,5-15,16.8
12165,GKP,15-30,16.8
12165,GKP,30-60,22.1
12165,GKP,60-120,54.6
12165,GKP,120+,89.7
12165,JBP,0-5,28.0
12165,JBP,5-15,28.0
12165,JBP,15-30,28.8
12165,JBP,30-60,35.6
12165,JBP,60-120,70.8
12165,JBP,120+,125.0
12165,JL,0-5,41.4
12165,JL,5-15,41.4
12165,JL,15-30,42.2
12165,JL,30-60,50.6
12165,JL,60-120,90.6
12165,JL,120+,148.5
12165,JNH,0-5,22.9
12165,JNH,5-15,23.0
12165,JNH,15-30,23.6
12165,JNH,30-60,29.6
12165,JNH,60-120,62.8
12165,JNH,120+,112.5
12165,KTE,0-5,34.7
12165,KTE,5-15,34.7
12165,KTE,15-30,35.5
12165,KTE,30-60,42.0
12165,KTE,60-120,77.3
12165,KTE,120+,130.4
12165,KYN,0-5,27.5
12165,KYN,5-15,27.5
12165,KYN,15-30,28.3
12165,KYN,30-60,34.7
12165,KYN,60-120,69.3
12165,KYN,120+,121.7
12165,LTT,0-5,18.1
12165,LTT,5-15,18.1
12165,LTT,15-30,18.0
12165,LTT,30-60,22.7
12165,LTT,60-120,51.8
12165,LTT,120+,86.5
12165,MAU,0-5,18.6
12165,MAU,5-15,18.6
12165,MAU,15-30,19.3
12165,MAU,30-60,25.1
12165,MAU,60-120,56.8
12165,MAU,120+,97.5
12165,MMR,0-5,27.2
12165,MMR,5-15,27.2
12165,MMR,15-30,28.0
12165,MMR,30-60,34.4
12165,MMR,60-120,68.7
12165,MMR,120+,120.7
12165,NK,0-5,30.2
12165,NK,5-15,30.2
12165,NK,15-30,31.0
12165,NK,30-60,37.8
12165,NK,60-120,72.9
12165,NK,120+,125.8
12165,PRYJ,0-5,18.7
12165,PRYJ,5-15,18.7
12165,PRYJ,15-30,19.4
12165,PRYJ,30-60,25.1
12165,PRYJ,60-120,56.8
12165,PRYJ,120+,97.6
12165,STA,0-5,35.8
12165,STA,5-15,35.8
12165,STA,15-30,36.6
12165,STA,30-60,43.1
12165,STA,60-120,78.2
12165,STA,120+,130.5
12165,TNA,0-5,20.0
12165,TNA,5-15,20.0
12165,TNA,15-30,20.7
12165,TNA,30-60,26.5
12165,TNA,60-120,58.5
12165,TNA,120+,101.3
12166,BOY,0-5,26.9
12166,BOY,5-15,26.9
12166,BOY,15-30,26.9
12166,BOY,30-60,28.6
12166,BOY,60-120,55.1
12166,BOY,120+,79.1
12166,BSB,0-5,13.3
12166,BSB,5-15,13.4
12166,BSB,15-30,13.3
12166,BSB,30-60,18.6
12166,BSB,60-120,44.3
12166,BSB,120+,71.9
12166,BSL,0-5,44.1
12166,BSL,5-15,44.1
12166,BSL,15-30,44.4
12166,BSL,30-60,51.2
12166,BSL,60-120,87.6
12166,BSL,120+,140.2
12166,DEOS,0-5,16.3
12166,DEOS,5-15,16.3
12166,DEOS,15-30,16.3
12166,DEOS,30-60,21.9
12166,DEOS,60-120,51.9
12166,DEOS,120+,82.9
12166,ET,0-5,19.6
12166,ET,5-15,19.6
12166,ET,15-30,19.6
12166,ET,30-60,25.2
12166,ET,60-120,58.2
12166,ET,120+,91.5
12166,GKP,0-5,12.2
12166,GKP,5-15,12.2
12166,GKP,15-30,12.2
12166,GKP,30-60,17.5
12166,GKP,60-120,40.2
12166,GKP,120+,66.9
12166,JBP,0-5,35.1
12166,JBP,5-15,35.1
12166,JBP,15-30,35.4
12166,JBP,30-60,41.8
12166,JBP,60-120,75.9
12166,JBP,120+,124.7
12166,JL,0-5,46.0
12166,JL,5-15,46.0
12166,JL,15-30,46.4
12166,JL,30-60,53.1
12166,JL,60-120,90.3
12166,JL,120+,141.8
12166,JNH,0-5,22.2
12166,JNH,5-15,22.2
12166,JNH,15-30,22.1
12166,JNH,30-60,27.1
12166,JNH,60-120,59.6
12166,JNH,120+,93.4
12166,KTE,0-5,34.2
12166,KTE,5-15,34.2
12166,KTE,15-30,34.4
12166,KTE,30-60,40.3
12166,KTE,60-120,72.1
12166,KTE,120+,119.9
12166,KYN,0-5,36.5
12166,KYN,5-15,36.6
12166,KYN,15-30,36.9
12166,KYN,30-60,43.1
12166,KYN,60-120,79.6
12166,KYN,120+,128.4
12166,LTT,0-5,42.9
12166,LTT,5-15,42.9
12166,LTT,15-30,43.2
12166,LTT,30-60,49.3
12166,LTT,60-120,83.7
12166,LTT,120+,133.5
12166,MAU,0-5,13.5
12166,MAU,5-15,13.5
12166,MAU,15-30,13.5
12166,MAU,30-60,18.0
12166,MAU,60-120,45.7
12166,MAU,120+,73.8
12166,MMR,0-5,42.2
12166,MMR,5-15,42.2
12166,MMR,15-30,42.5
12166,MMR,30-60,48.7
12166,MMR,60-120,83.6
12166,MMR,120+,133.3
12166,NK,0-5,45.5
12166,NK,5-15,45.5
12166,NK,15-30,45.9
12166,NK,30-60,52.2
12166,NK,60-120,88.9
12166,NK,120+,140.2
12166,PRYJ,0-5,22.8
12166,PRYJ,5-15,22.8
12166,PRYJ,15-30,23.0
12166,PRYJ,30-60,28.2
12166,PRYJ,60-120,61.1
12166,PRYJ,120+,97.2
12166,STA,0-5,31.6
12166,STA,5-15,31.6
12166,STA,15-30,31.9
12166,STA,30-60,37.3
12166,STA,60-120,69.0
12166,STA,120+,115.7
12166,TNA,0-5,37.1
12166,TNA,5-15,37.2
12166,TNA,15-30,37.5
12166,TNA,30-60,43.8
12166,TNA,60-120,81.2
12166,TNA,120+,130.1
12203,ASR,0-5,235.6
12203,ASR,5-15,235.6
12203,ASR,15-30,234.0
12203,ASR,30-60,215.1
12203,ASR,60-120,208.8
12203,ASR,120+,228.1
12203,BE,0-5,109.9
12203,BE,5-15,109.9
12203,BE,15-30,109.1
12203,BE,30-60,100.1
12203,BE,60-120,105.2
12203,BE,120+,141.5
12203,BEAS,0-5,156.3
12203,BEAS,5-15,156.3
12203,BEAS,15-30,154.9
12203,BEAS,30-60,155.0
12203,BEAS,60-120,181.4
12203,BEAS,120+,254.7
12203,BGS,0-5,10.9
12203,BGS,5-15,10.9
12203,BGS,15-30,10.0
12203,BGS,30-60,16.8
12203,BGS,60-120,33.3
12203,BGS,120+,58.5
12203,BJU,0-5,15.9
12203,BJU,5-15,15.9
12203,BJU,15-30,15.0
12203,BJU,30-60,21.0
12203,BJU,60-120,40.2
12203,BJU,120+,68.8
12203,CPR,0-5,55.2
12203,CPR,5-15,55.2
12203,CPR,15-30,56.0
12203,CPR,30-60,65.2
12203,CPR,60-120,86.9
12203,CPR,120+,120.3
12203,DEOS,0-5,59.9
12203,DEOS,5-15,59.9
12203,DEOS,15-30,60.7
12203,DEOS,30-60,63.9
12203,DEOS,60-120,82.8
12203,DEOS,120+,113.5
12203,DLI,0-5,144.8
12203,DLI,5-15,144.8
12203,DLI,15-30,144.7
12203,DLI,30-60,168.0
12203,DLI,60-120,201.8
12203,DLI,120+,274.1
12203,DSS,0-5,30.5
12203,DSS,5-15,30.5
12203,DSS,15-30,30.0
12203,DSS,30-60,29.5
12203,DSS,60-120,42.3
12203,DSS,120+,68.4
12203,GKP,0-5,62.5
12203,GKP,5-15,62.5
12203,GKP,15-30,62.0
12203,GKP,30-60,61.7
12203,GKP,60-120,82.5
12203,GKP,120+,114.2
12203,HJP,0-5,59.0
12203,HJP,5-15,59.0
12203,HJP,15-30,58.4
12203,HJP,30-60,58.3
12203,HJP,60-120,78.9
12203,HJP,120+,111.7
12203,HPU,0-5,126.5
12203,HPU,5-15,126.5
12203,HPU,15-30,125.3
12203,HPU,30-60,147.7
12203,HPU,60-120,174.5
12203,HPU,120+,246.9
12203,HRI,0-5,51.8
12203,HRI,5-15,51.8
12203,HRI,15-30,51.6
12203,HRI,30-60,62.7
12203,HRI,60-120,87.4
12203,HRI,120+,123.0
12203,JUC,0-5,137.6
12203,JUC,5-15,137.6
12203,JUC,15-30,137.6
12203,JUC,30-60,159.9
12203,JUC,60-120,196.1
12203,JUC,120+,270.3
12203,KGG,0-5,13.3
12203,KGG,5-15,13.3
12203,KGG,15-30,12.7
12203,KGG,30-60,11.6
12203,KGG,60-120,26.0
12203,KGG,120+,46.7
12203,LDH,0-5,138.6
12203,LDH,5-15,138.6
12203,LDH,15-30,138.6
12203,LDH,30-60,161.0
12203,LDH,60-120,196.7
12203,LDH,120+,270.9
12203,LKO,0-5,66.3
12203,LKO,5-15,66.3
12203,LKO,15-30,65.7
12203,LKO,30-60,66.5
12203,LKO,60-120,89.2
12203,LKO,120+,123.0
12203,MB,0-5,99.8
12203,MB,5-15,99.8
12203,MB,15-30,99.5
12203,MB,30-60,110.1
12203,MB,60-120,128.9
12203,MB,120+,175.9
12203,MFP,0-5,59.9
12203,MFP,5-15,59.9
12203,MFP,15-30,59.3
12203,MFP,30-60,59.1
12203,MFP,60-120,78.3
12203,MFP,120+,111.1
12203,NDLS,0-5,164.5
12203,NDLS,5-15,164.8
12203,NDLS,15-30,163.8
12203,NDLS,30-60,175.1
12203,NDLS,60-120,194.9
12203,NDLS,120+,223.5
12203,PGW,0-5,138.8
12203,PGW,5-15,138.8
12203,PGW,15-30,138.7
12203,PGW,30-60,161.1
12203,PGW,60-120,196.9
12203,PGW,120+,271.1
12203,SBV,0-5,14.2
12203,SBV,5-15,14.2
12203,SBV,15-30,13.6
12203,SBV,30-60,12.5
12203,SBV,60-120,25.9
12203,SBV,120+,46.5
12203,SHC,0-5,12.8
12203,SHC,5-15,12.8
12203,SHC,15-30,12.0
12203,SHC,30-60,10.4
12203,SHC,60-120,35.1
12203,SHC,120+,54.8
12203,SPJ,0-5,41.0
12203,SPJ,5-15,41.0
12203,SPJ,15-30,40.4
12203,SPJ,30-60,40.0
12203,SPJ,60-120,61.2
12203,SPJ,120+,90.4
12203,SV,0-5,58.7
12203,SV,5-15,58.7
12203,SV,15-30,58.1
12203,SV,30-60,58.0
12203,SV,60-120,82.1
12203,SV,120+,114.9
12203,UMB,0-5,138.7
12203,UMB,5-15,138.7
12203,UMB,15-30,138.6
12203,UMB,30-60,161.0
12203,UMB,60-120,197.8
12203,UMB,120+,272.1
12204,ASR,0-5,5.6
12204,ASR,5-15,6.0
12204,ASR,15-30,5.7
12204,ASR,30-60,8.2
12204,ASR,60-120,9.8
12204,ASR,120+,11.9
12204,BE,0-5,57.7
12204,BE,5-15,57.8
12204,BE,15-30,57.8
12204,BE,30-60,60.7
12204,BE,60-120,80.6
12204,BE,120+,115.7
12204,BEAS,0-5,2.8
12204,BEAS,5-15,2.8
12204,BEAS,15-30,2.9
12204,BEAS,30-60,7.1
12204,BEAS,60-120,13.6
12204,BEAS,120+,21.1
12204,BGS,0-5,110.5
12204,BGS,5-15,110.3
12204,BGS,15-30,110.1
12204,BGS,30-60,113.9
12204,BGS,60-120,129.7
12204,BGS,120+,167.3
12204,BJU,0-5,107.1
12204,BJU,5-15,106.9
12204,BJU,15-30,106.7
12204,BJU,30-60,110.5
12204,BJU,60-120,130.3
12204,BJU,120+,167.3
12204,CPR,0-5,92.8
12204,CPR,5-15,92.6
12204,CPR,15-30,92.6
12204,CPR,30-60,97.8
12204,CPR,60-120,116.4
12204,CPR,120+,155.2
12204,DDL,0-5,0.0
12204,DDL,5-15,0.0
12204,DDL,15-30,0.0
12204,DDL,30-60,2.1
12204,DDL,60-120,5.6
12204,DDL,120+,18.2
12204,DEOS,0-5,79.7
12204,DEOS,5-15,79.4
12204,DEOS,15-30,79.4
12204,DEOS,30-60,84.9
12204,DEOS,60-120,100.8
12204,DEOS,120+,138.3
12204,DLI,0-5,15.9
12204,DLI,5-15,16.3
12204,DLI,15-30,16.2
12204,DLI,30-60,14.5
12204,DLI,60-120,22.8
12204,DLI,120+,28.2
12204,DSS,0-5,126.7
12204,DSS,5-15,126.4
12204,DSS,15-30,127.0
12204,DSS,30-60,128.4
12204,DSS,60-120,157.2
12204,DSS,120+,192.0
12204,GKP,0-5,64.8
12204,GKP,5-15,64.6
12204,GKP,15-30,64.6
12204,GKP,30-60,68.4
12204,GKP,60-120,84.2
12204,GKP,120+,116.1
12204,HJP,0-5,93.1
12204,HJP,5-15,92.9
12204,HJP,15-30,92.9
12204,HJP,30-60,97.9
12204,HJP,60-120,117.4
12204,HJP,120+,153.5
12204,HPU,0-5,24.9
12204,HPU,5-15,24.9
12204,HPU,15-30,25.0
12204,HPU,30-60,29.3
12204,HPU,60-120,42.1
12204,HPU,120+,63.7
12204,HRI,0-5,77.1
12204,HRI,5-15,76.8
12204,HRI,15-30,76.8
12204,HRI,30-60,81.8
12204,HRI,60-120,97.0
12204,HRI,120+,133.1
12204,JUC,0-5,0.0
12204,JUC,5-15,0.0
12204,JUC,15-30,0.0
12204,JUC,30-60,0.2
12204,JUC,60-120,5.0
12204,JUC,120+,8.5
12204,KGG,0-5,140.3
12204,KGG,5-15,140.0
12204,KGG,15-30,140.1
12204,KGG,30-60,145.5
12204,KGG,60-120,163.0
12204,KGG,120+,196.1
12204,LKO,0-5,95.1
12204,LKO,5-15,94.8
12204,LKO,15-30,94.8
12204,LKO,30-60,99.8
12204,LKO,60-120,119.3
12204,LKO,120+,155.7
12204,MB,0-5,36.4
12204,MB,5-15,36.4
12204,MB,15-30,36.4
12204,MB,30-60,39.8
12204,MB,60-120,57.6
12204,MB,120+,83.6
12204,MFP,0-5,103.3
12204,MFP,5-15,103.0
12204,MFP,15-30,103.0
12204,MFP,30-60,108.8
12204,MFP,60-120,128.2
12204,MFP,120+,164.2
12204,NDLS,0-5,0.5
12204,NDLS,5-15,0.5
12204,NDLS,15-30,0.3
12204,NDLS,30-60,1.1
12204,NDLS,60-120,4.5
12204,NDLS,120+,6.3
12204,PGW,0-5,2.8
12204,PGW,5-15,2.8
12204,PGW,15-30,2.9
12204,PGW,30-60,6.0
12204,PGW,60-120,12.6
12204,PGW,120+,17.6
12204,SBV,0-5,108.7
12204,SBV,5-15,108.4
12204,SBV,15-30,108.4
12204,SBV,30-60,114.0
12204,SBV,60-120,132.8
12204,SBV,120+,167.3
12204,SHC,0-5,92.0
12204,SHC,5-15,91.7
12204,SHC,15-30,91.7
12204,SHC,30-60,96.5
12204,SHC,60-120,116.3
12204,SHC,120+,147.3
12204,SPJ,0-5,106.5
12204,SPJ,5-15,106.2
12204,SPJ,15-30,106.3
12204,SPJ,30-60,111.9
12204,SPJ,60-120,134.7
12204,SPJ,120+,170.1
12204,SV,0-5,88.2
12204,SV,5-15,88.0
12204,SV,15-30,88.0
12204,SV,30-60,92.8
12204,SV,60-120,111.6
12204,SV,120+,144.2
12204,UMB,0-5,1.1
12204,UMB,5-15,1.1
12204,UMB,15-30,1.1
12204,UMB,30-60,3.7
12204,UMB,60-120,8.6
12204,UMB,120+,12.4
12229,BE,0-5,18.1
12229,BE,5-15,18.1
12229,BE,15-30,19.5
12229,BE,30-60,26.2
12229,BE,60-120,47.0
12229,BE,120+,78.0
12229,GZB,0-5,19.7
12229,GZB,5-15,19.7
12229,GZB,15-30,21.1
12229,GZB,30-60,31.3
12229,GZB,60-120,63.2
12229,GZB,120+,111.6
12229,HPU,0-5,19.2
12229,HPU,5-15,19.3
12229,HPU,15-30,19.9
12229,HPU,30-60,30.2
12229,HPU,60-120,57.6
12229,HPU,120+,98.9
12229,HRI,0-5,7.2
12229,HRI,5-15,7.3
12229,HRI,15-30,7.9
12229,HRI,30-60,14.5
12229,HRI,60-120,33.0
12229,HRI,120+,59.4
12229,LKO,0-5,2.1
12229,LKO,5-15,2.2
12229,LKO,15-30,2.4
12229,LKO,30-60,7.5
12229,LKO,60-120,19.9
12229,LKO,120+,40.5
12229,MB,0-5,11.7
12229,MB,5-15,11.8
12229,MB,15-30,12.3
12229,MB,30-60,21.7
12229,MB,60-120,42.6
12229,MB,120+,76.8
12229,NDLS,0-5,18.2
12229,NDLS,5-15,18.2
12229,NDLS,15-30,18.9
12229,NDLS,30-60,29.2
12229,NDLS,60-120,59.7
12229,NDLS,120+,104.8
12229,RMU,0-5,21.4
12229,RMU,5-15,21.4
12229,RMU,15-30,22.2
12229,RMU,30-60,32.7
12229,RMU,60-120,65.8
12229,RMU,120+,111.8
12229,SPN,0-5,9.8
12229,SPN,5-15,9.9
12229,SPN,15-30,10.7
12229,SPN,30-60,17.9
12229,SPN,60-120,42.2
12229,SPN,120+,76.2
12230,AMG,0-5,24.2
12230,AMG,5-15,24.2
12230,AMG,15-30,25.3
12230,AMG,30-60,32.1
12230,AMG,60-120,58.6
12230,AMG,120+,98.9
12230,BE,0-5,23.1
12230,BE,5-15,23.1
12230,BE,15-30,24.0
12230,BE,30-60,35.3
12230,BE,60-120,66.4
12230,BE,120+,112.5
12230,GZB,0-5,8.0
12230,GZB,5-15,8.0
12230,GZB,15-30,8.9
12230,GZB,30-60,15.9
12230,GZB,60-120,37.5
12230,GZB,120+,69.6
12230,HPU,0-5,15.7
12230,HPU,5-15,15.7
12230,HPU,15-30,16.5
12230,HPU,30-60,26.7
12230,HPU,60-120,47.6
12230,HPU,120+,88.5
12230,HRI,0-5,30.0
12230,HRI,5-15,30.0
12230,HRI,15-30,31.1
12230,HRI,30-60,43.2
12230,HRI,60-120,79.6
12230,HRI,120+,131.4
12230,LKO,0-5,19.6
12230,LKO,5-15,19.7
12230,LKO,15-30,20.5
12230,LKO,30-60,31.3
12230,LKO,60-120,58.2
12230,LKO,120+,100.9
12230,MB,0-5,14.4
12230,MB,5-15,14.5
12230,MB,15-30,15.1
12230,MB,30-60,25.2
12230,MB,60-120,44.6
12230,MB,120+,84.5
12230,NDLS,0-5,3.0
12230,NDLS,5-15,3.0
12230,NDLS,15-30,3.8
12230,NDLS,30-60,8.2
12230,NDLS,60-120,24.0
12230,NDLS,120+,47.3
12230,RMU,0-5,20.7
12230,RMU,5-15,20.7
12230,RMU,15-30,21.9
12230,RMU,30-60,32.6
12230,RMU,60-120,63.3
12230,RMU,120+,107.3
12230,SPN,0-5,27.0
12230,SPN,5-15,27.0
12230,SPN,15-30,28.1
12230,SPN,30-60,39.2
12230,SPN,60-120,74.8
12230,SPN,120+,125.0
12259,BKN,0-5,57.4
12259,BKN,5-15,57.4
12259,BKN,15-30,58.0
12259,BKN,30-60,62.0
12259,BKN,60-120,93.9
12259,BKN,120+,129.3
12259,CNB,0-5,15.2
12259,CNB,5-15,15.2
12259,CNB,15-30,15.2
12259,CNB,30-60,21.5
12259,CNB,60-120,50.7
12259,CNB,120+,79.4
12259,CUR,0-5,63.1
12259,CUR,5-15,63.2
12259,CUR,15-30,63.6
12259,CUR,30-60,78.3
12259,CUR,60-120,120.2
12259,CUR,120+,172.5
12259,DDU,0-5,3.4
12259,DDU,5-15,3.4
12259,DDU,15-30,3.2
12259,DDU,30-60,8.6
12259,DDU,60-120,23.4
12259,DDU,120+,41.4
12259,DHN,0-5,0.0
12259,DHN,5-15,0.0
12259,DHN,15-30,0.0
12259,DHN,30-60,0.5
12259,DHN,60-120,11.7
12259,DHN,120+,16.8
12259,KQR,0-5,7.8
12259,KQR,5-15,7.8
12259,KQR,15-30,7.7
12259,KQR,30-60,13.2
12259,KQR,60-120,34.1
12259,KQR,120+,56.0
12259,LHU,0-5,56.4
12259,LHU,5-15,56.4
12259,LHU,15-30,56.9
12259,LHU,30-60,70.6
12259,LHU,60-120,109.9
12259,LHU,120+,164.0
12259,NDLS,0-5,28.6
12259,NDLS,5-15,28.6
12259,NDLS,15-30,29.0
12259,NDLS,30-60,36.8
12259,NDLS,60-120,73.0
12259,NDLS,120+,125.5
12259,RTGH,0-5,65.9
12259,RTGH,5-15,65.9
12259,RTGH,15-30,66.4
12259,RTGH,30-60,80.2
12259,RTGH,60-120,120.3
12259,RTGH,120+,171.8
12259,SDAH,0-5,0.0
12259,SDAH,5-15,0.0
12259,SDAH,15-30,0.0
12259,SDAH,30-60,0.0
12259,SDAH,60-120,1.7
12259,SDAH,120+,0.3
12259,SDGH,0-5,71.6
12259,SDGH,5-15,71.3
12259,SDGH,15-30,71.8
12259,SDGH,30-60,85.6
12259,SDGH,60-120,124.3
12259,SDGH,120+,171.8
12259,SDLP,0-5,60.0
12259,SDLP,5-15,60.0
12259,SDLP,15-30,60.5
12259,SDLP,30-60,73.9
12259,SDLP,60-120,112.6
12259,SDLP,120+,162.7
12260,BKN,0-5,0.2
12260,BKN,5-15,0.2
12260,BKN,15-30,0.0
12260,BKN,30-60,3.9
12260,BKN,60-120,15.7
12260,BKN,120+,24.7
12260,CNB,0-5,30.7
12260,CNB,5-15,30.7
12260,CNB,15-30,31.1
12260,CNB,30-60,40.9
12260,CNB,60-120,80.2
12260,CNB,120+,139.2
12260,CUR,0-5,4.9
12260,CUR,5-15,5.0
12260,CUR,15-30,4.4
12260,CUR,30-60,10.0
12260,CUR,60-120,26.7
12260,CUR,120+,48.5
12260,DDU,0-5,36.2
12260,DDU,5-15,36.2
12260,DDU,15-30,36.6
12260,DDU,30-60,46.8
12260,DDU,60-120,90.3
12260,DDU,120+,151.3
12260,DHN,0-5,48.3
12260,DHN,5-15,48.4
12260,DHN,15-30,48.8
12260,DHN,30-60,64.2
12260,DHN,60-120,109.9
12260,DHN,120+,172.1
12260,KQR,0-5,42.9
12260,KQR,5-15,42.9
12260,KQR,15-30,43.4
12260,KQR,30-60,58.8
12260,KQR,60-120,103.5
12260,KQR,120+,166.0
12260,LHU,0-5,9.8
12260,LHU,5-15,9.9
12260,LHU,15-30,9.8
12260,LHU,30-60,15.5
12260,LHU,60-120,38.9
12260,LHU,120+,64.3
12260,NDLS,0-5,6.5
12260,NDLS,5-15,6.5
12260,NDLS,15-30,6.3
12260,NDLS,30-60,11.9
12260,NDLS,60-120,31.8
12260,NDLS,120+,57.2
12260,RTGH,0-5,5.5
12260,RTGH,5-15,5.6
12260,RTGH,15-30,5.3
12260,RTGH,30-60,10.1
12260,RTGH,60-120,26.6
12260,RTGH,120+,48.7
12260,SDAH,0-5,43.8
12260,SDAH,5-15,43.9
12260,SDAH,15-30,44.3
12260,SDAH,30-60,59.4
12260,SDAH,60-120,102.3
12260,SDAH,120+,163.9
12260,SDGH,0-5,3.3
12260,SDGH,5-15,3.3
12260,SDGH,15-30,2.7
12260,SDGH,30-60,6.7
12260,SDGH,60-120,20.7
12260,SDGH,120+,36.3
12260,SDLP,0-5,9.9
12260,SDLP,5-15,10.0
12260,SDLP,15-30,9.9
12260,SDLP,30-60,15.9
12260,SDLP,60-120,38.2
12260,SDLP,120+,62.3
12261,AK,0-5,288.8
12261,AK,5-15,288.8
12261,AK,15-30,281.1
12261,AK,30-60,236.1
12261,AK,60-120,217.6
12261,AK,120+,221.2
12261,BSL,0-5,146.1
12261,BSL,5-15,146.1
12261,BSL,15-30,137.4
12261,BSL,30-60,120.2
12261,BSL,60-120,143.9
12261,BSL,120+,202.8
12261,BSP,0-5,167.1
12261,BSP,5-15,167.1
12261,BSP,15-30,161.1
12261,BSP,30-60,141.1
12261,BSP,60-120,165.7
12261,BSP,120+,226.0
12261,CSMT,0-5,83.9
12261,CSMT,5-15,83.9
12261,CSMT,15-30,82.1
12261,CSMT,30-60,80.4
12261,CSMT,60-120,87.7
12261,CSMT,120+,119.1
12261,HWH,0-5,193.9
12261,HWH,5-15,193.9
12261,HWH,15-30,188.2
12261,HWH,30-60,184.9
12261,HWH,60-120,210.9
12261,HWH,120+,268.8
12261,KYN,0-5,107.8
12261,KYN,5-15,107.8
12261,KYN,15-30,102.1
12261,KYN,30-60,89.2
12261,KYN,60-120,103.2
12261,KYN,120+,127.9
12261,NGP,0-5,126.7
12261,NGP,5-15,126.7
12261,NGP,15-30,122.1
12261,NGP,30-60,129.4
12261,NGP,60-120,164.3
12261,NGP,120+,225.6
12261,R,0-5,106.3
12261,R,5-15,106.3
12261,R,15-30,101.6
12261,R,30-60,87.3
12261,R,60-120,95.4
12261,R,120+,103.5
12261,TATA,0-5,127.1
12261,TATA,5-15,127.1
12261,TATA,15-30,122.5
12261,TATA,30-60,131.7
12261,TATA,60-120,167.8
12261,TATA,120+,229.3
12262,AK,0-5,230.9
12262,AK,5-15,230.7
12262,AK,15-30,224.5
12262,AK,30-60,181.2
12262,AK,60-120,172.1
12262,AK,120+,172.4
12262,BSL,0-5,134.3
12262,BSL,5-15,134.1
12262,BSL,15-30,124.7
12262,BSL,30-60,115.4
12262,BSL,60-120,126.2
12262,BSL,120+,161.2
12262,BSP,0-5,86.2
12262,BSP,5-15,86.0
12262,BSP,15-30,82.4
12262,BSP,30-60,73.6
12262,BSP,60-120,90.9
12262,BSP,120+,115.0
12262,CSMT,0-5,99.6
12262,CSMT,5-15,99.5
12262,CSMT,15-30,91.7
12262,CSMT,30-60,84.3
12262,CSMT,60-120,106.5
12262,CSMT,120+,128.7
12262,HWH,0-5,0.0
12262,HWH,5-15,0.0
12262,HWH,15-30,0.0
12262,HWH,30-60,0.0
12262,HWH,60-120,1.9
12262,HWH,120+,0.0
12262,KYN,0-5,117.6
12262,KYN,5-15,117.4
12262,KYN,15-30,110.8
12262,KYN,30-60,103.1
12262,KYN,60-120,123.7
12262,KYN,120+,153.4
12262,NGP,0-5,83.7
12262,NGP,5-15,83.5
12262,NGP,15-30,81.3
12262,NGP,30-60,85.6
12262,NGP,60-120,109.2
12262,NGP,120+,131.9
12262,R,0-5,102.1
12262,R,5-15,101.9
12262,R,15-30,99.7
12262,R,30-60,97.3
12262,R,60-120,115.9
12262,R,120+,134.1
12262,TATA,0-5,0.0
12262,TATA,5-15,0.7
12262,TATA,15-30,0.0
12262,TATA,30-60,5.8
12262,TATA,60-120,16.4
12262,TATA,120+,25.1
12270,BPQ,0-5,25.5
12270,BPQ,5-15,25.5
12270,BPQ,15-30,27.2
12270,BPQ,30-60,31.4
12270,BPQ,60-120,69.1
12270,BPQ,120+,117.6
12270,BZA,0-5,29.9
12270,BZA,5-15,29.9
12270,BZA,15-30,31.4
12270,BZA,30-60,40.8
12270,BZA,60-120,87.7
12270,BZA,120+,152.0
12270,GWL,0-5,14.0
12270,GWL,5-15,14.1
12270,GWL,15-30,15.2
12270,GWL,30-60,24.2
12270,GWL,60-120,61.8
12270,GWL,120+,121.7
12270,MAS,0-5,16.1
12270,MAS,5-15,16.1
12270,MAS,15-30,17.4
12270,MAS,30-60,27.2
12270,MAS,60-120,68.5
12270,MAS,120+,128.9
12270,NGP,0-5,25.6
12270,NGP,5-15,25.6
12270,NGP,15-30,26.8
12270,NGP,30-60,36.2
12270,NGP,60-120,85.9
12270,NGP,120+,150.7
12270,NZM,0-5,4.5
12270,NZM,5-15,4.5
12270,NZM,15-30,5.7
12270,NZM,30-60,14.1
12270,NZM,60-120,47.7
12270,NZM,120+,89.3
12270,RKMP,0-5,21.3
12270,RKMP,5-15,21.3
12270,RKMP,15-30,22.4
12270,RKMP,30-60,31.3
12270,RKMP,60-120,75.8
12270,RKMP,120+,138.1
12270,VGLJ,0-5,10.8
12270,VGLJ,5-15,10.9
12270,VGLJ,15-30,12.1
12270,VGLJ,30-60,20.8
12270,VGLJ,60-120,56.4
12270,VGLJ,120+,114.2
12273,ASN,0-5,24.9
12273,ASN,5-15,24.9
12273,ASN,15-30,25.5
12273,ASN,30-60,30.8
12273,ASN,60-120,42.7
12273,ASN,120+,47.6
12273,CNB,0-5,27.0
12273,CNB,5-15,27.1
12273,CNB,15-30,28.2
12273,CNB,30-60,35.3
12273,CNB,60-120,51.0
12273,CNB,120+,62.9
12273,DDU,0-5,3.5
12273,DDU,5-15,3.5
12273,DDU,15-30,3.0
12273,DDU,30-60,6.6
12273,DDU,60-120,6.8
12273,DDU,120+,15.8
12273,HWH,0-5,8.5
12273,HWH,5-15,8.5
12273,HWH,15-30,8.1
12273,HWH,30-60,10.8
12273,HWH,60-120,14.2
12273,HWH,120+,28.7
12273,JSME,0-5,39.1
12273,JSME,5-15,39.1
12273,JSME,15-30,40.2
12273,JSME,30-60,47.4
12273,JSME,60-120,72.2
12273,JSME,120+,108.1
12273,NDLS,0-5,71.5
12273,NDLS,5-15,71.5
12273,NDLS,15-30,73.6
12273,NDLS,30-60,86.8
12273,NDLS,60-120,122.4
12273,NDLS,120+,170.7
12273,PNBE,0-5,26.3
12273,PNBE,5-15,26.4
12273,PNBE,15-30,26.7
12273,PNBE,30-60,35.4
12273,PNBE,60-120,52.2
12273,PNBE,120+,74.6
12274,ASN,0-5,72.0
12274,ASN,5-15,71.2
12274,ASN,15-30,67.3
12274,ASN,30-60,70.9
12274,ASN,60-120,101.5
12274,ASN,120+,137.6
12274,CNB,0-5,36.2
12274,CNB,5-15,35.4
12274,CNB,15-30,31.7
12274,CNB,30-60,41.4
12274,CNB,60-120,81.8
12274,CNB,120+,144.8
12274,DDU,0-5,32.7
12274,DDU,5-15,31.9
12274,DDU,15-30,30.6
12274,DDU,30-60,38.7
12274,DDU,60-120,78.2
12274,DDU,120+,139.7
12274,HWH,0-5,23.8
12274,HWH,5-15,23.0
12274,HWH,15-30,21.7
12274,HWH,30-60,32.0
12274,HWH,60-120,72.7
12274,HWH,120+,132.3
12274,JSME,0-5,34.1
12274,JSME,5-15,33.3
12274,JSME,15-30,32.3
12274,JSME,30-60,40.9
12274,JSME,60-120,79.4
12274,JSME,120+,142.3
12274,NDLS,0-5,7.0
12274,NDLS,5-15,7.0
12274,NDLS,15-30,5.8
12274,NDLS,30-60,10.9
12274,NDLS,60-120,37.2
12274,NDLS,120+,82.6
12274,PNBE,0-5,34.9
12274,PNBE,5-15,35.2
12274,PNBE,15-30,34.1
12274,PNBE,30-60,44.3
12274,PNBE,60-120,82.5
12274,PNBE,120+,144.3
12275,NDLS,0-5,23.3
12275,NDLS,5-15,23.3
12275,NDLS,15-30,24.5
12275,NDLS,30-60,32.8
12275,NDLS,60-120,58.7
12275,NDLS,120+,102.0
12275,PRYJ,0-5,3.2
12275,PRYJ,5-15,3.2
12275,PRYJ,15-30,3.9
12275,PRYJ,30-60,9.7
12275,PRYJ,60-120,23.8
12275,PRYJ,120+,51.0
12276,NDLS,0-5,15.2
12276,NDLS,5-15,15.2
12276,NDLS,15-30,14.0
12276,NDLS,30-60,20.0
12276,NDLS,60-120,35.0
12276,NDLS,120+,62.9
12276,PRYJ,0-5,3.0
12276,PRYJ,5-15,3.1
12276,PRYJ,15-30,4.5
12276,PRYJ,30-60,10.5
12276,PRYJ,60-120,25.1
12276,PRYJ,120+,53.7
12285,BPQ,0-5,24.2
12285,BPQ,5-15,24.2
12285,BPQ,15-30,23.1
12285,BPQ,30-60,27.4
12285,BPQ,60-120,43.7
12285,BPQ,120+,59.6
12285,NGP,0-5,26.7
12285,NGP,5-15,26.7
12285,NGP,15-30,25.5
12285,NGP,30-60,33.1
12285,NGP,60-120,56.5
12285,NGP,120+,86.8
12285,NZM,0-5,11.9
12285,NZM,5-15,11.9
12285,NZM,15-30,12.8
12285,NZM,30-60,21.4
12285,NZM,60-120,40.4
12285,NZM,120+,65.0
12285,RKMP,0-5,23.2
12285,RKMP,5-15,23.2
12285,RKMP,15-30,21.4
12285,RKMP,30-60,26.8
12285,RKMP,60-120,45.0
12285,RKMP,120+,67.1
12285,SC,0-5,16.1
12285,SC,5-15,16.2
12285,SC,15-30,14.4
12285,SC,30-60,18.9
12285,SC,60-120,34.5
12285,SC,120+,49.2
12285,VGLJ,0-5,12.9
12285,VGLJ,5-15,13.0
12285,VGLJ,15-30,13.8
12285,VGLJ,30-60,22.4
12285,VGLJ,60-120,41.4
12285,VGLJ,120+,69.0
12286,BPQ,0-5,43.8
12286,BPQ,5-15,43.9
12286,BPQ,15-30,44.6
12286,BPQ,30-60,50.6
12286,BPQ,60-120,81.3
12286,BPQ,120+,109.5
12286,NGP,0-5,34.9
12286,NGP,5-15,34.9
12286,NGP,15-30,37.3
12286,NGP,30-60,49.3
12286,NGP,60-120,88.2
12286,NGP,120+,128.1
12286,NZM,0-5,9.8
12286,NZM,5-15,9.8
12286,NZM,15-30,9.7
12286,NZM,30-60,14.4
12286,NZM,60-120,30.5
12286,NZM,120+,48.5
12286,RKMP,0-5,17.1
12286,RKMP,5-15,17.1
12286,RKMP,15-30,17.5
12286,RKMP,30-60,24.3
12286,RKMP,60-120,49.3
12286,RKMP,120+,79.2
12286,SC,0-5,16.5
12286,SC,5-15,16.5
12286,SC,15-30,17.2
12286,SC,30-60,23.9
12286,SC,60-120,49.6
12286,SC,120+,81.0
12286,VGLJ,0-5,11.7
12286,VGLJ,5-15,11.7
12286,VGLJ,15-30,11.8
12286,VGLJ,30-60,16.7
12286,VGLJ,60-120,33.6
12286,VGLJ,120+,59.1
12301,ASN,0-5,30.8
12301,ASN,5-15,30.8
12301,ASN,15-30,29.7
12301,ASN,30-60,36.4
12301,ASN,60-120,57.7
12301,ASN,120+,92.6
12301,CNB,0-5,22.2
12301,CNB,5-15,22.2
12301,CNB,15-30,21.1
12301,CNB,30-60,29.2
12301,CNB,60-120,50.5
12301,CNB,120+,88.5
12301,DDU,0-5,19.8
12301,DDU,5-15,19.8
12301,DDU,15-30,18.1
12301,DDU,30-60,25.3
12301,DDU,60-120,44.9
12301,DDU,120+,78.3
12301,DHN,0-5,15.7
12301,DHN,5-15,15.8
12301,DHN,15-30,14.0
12301,DHN,30-60,19.7
12301,DHN,60-120,36.4
12301,DHN,120+,60.6
12301,GAYA,0-5,2.5
12301,GAYA,5-15,2.5
12301,GAYA,15-30,3.2
12301,GAYA,30-60,9.6
12301,GAYA,60-120,25.6
12301,GAYA,120+,51.8
12301,HWH,0-5,16.4
12301,HWH,5-15,16.4
12301,HWH,15-30,14.5
12301,HWH,30-60,20.2
12301,HWH,60-120,35.9
12301,HWH,120+,65.3
12301,NDLS,0-5,32.0
12301,NDLS,5-15,32.0
12301,NDLS,15-30,30.3
12301,NDLS,30-60,42.8
12301,NDLS,60-120,74.4
12301,NDLS,120+,125.6
12301,PNME,0-5,11.2
12301,PNME,5-15,11.2
12301,PNME,15-30,12.1
12301,PNME,30-60,21.3
12301,PNME,60-120,45.6
12301,PNME,120+,85.8
12301,PRYJ,0-5,8.0
12301,PRYJ,5-15,8.0
12301,PRYJ,15-30,8.9
12301,PRYJ,30-60,16.3
12301,PRYJ,60-120,39.1
12301,PRYJ,120+,71.1
12302,ASN,0-5,33.9
12302,ASN,5-15,33.9
12302,ASN,15-30,35.0
12302,ASN,30-60,41.8
12302,ASN,60-120,74.5
12302,ASN,120+,118.5
12302,CNB,0-5,14.2
12302,CNB,5-15,14.2
12302,CNB,15-30,14.9
12302,CNB,30-60,24.3
12302,CNB,60-120,46.5
12302,CNB,120+,88.4
12302,DDU,0-5,12.5
12302,DDU,5-15,12.5
12302,DDU,15-30,12.5
12302,DDU,30-60,21.5
12302,DDU,60-120,43.3
12302,DDU,120+,83.4
12302,DHN,0-5,12.2
12302,DHN,5-15,12.2
12302,DHN,15-30,12.2
12302,DHN,30-60,20.2
12302,DHN,60-120,41.9
12302,DHN,120+,82.1
12302,GAYA,0-5,14.9
12302,GAYA,5-15,14.9
12302,GAYA,15-30,15.1
12302,GAYA,30-60,27.5
12302,GAYA,60-120,53.4
12302,GAYA,120+,98.5
12302,HWH,0-5,22.4
12302,HWH,5-15,22.4
12302,HWH,15-30,22.6
12302,HWH,30-60,33.4
12302,HWH,60-120,65.6
12302,HWH,120+,110.3
12302,NDLS,0-5,6.1
12302,NDLS,5-15,6.1
12302,NDLS,15-30,6.3
12302,NDLS,30-60,12.7
12302,NDLS,60-120,34.0
12302,NDLS,120+,62.1
12302,PNME,0-5,19.0
12302,PNME,5-15,19.1
12302,PNME,15-30,19.5
12302,PNME,30-60,31.5
12302,PNME,60-120,62.0
12302,PNME,120+,109.8
12302,PRYJ,0-5,11.7
12302,PRYJ,5-15,11.7
12302,PRYJ,15-30,11.9
12302,PRYJ,30-60,20.9
12302,PRYJ,60-120,45.2
12302,PRYJ,120+,84.8
12303,ALJN,0-5,71.9
12303,ALJN,5-15,72.0
12303,ALJN,15-30,72.3
12303,ALJN,30-60,73.0
12303,ALJN,60-120,101.2
12303,ALJN,120+,132.3
12303,ARA,0-5,42.2
12303,ARA,5-15,42.3
12303,ARA,15-30,42.6
12303,ARA,30-60,48.8
12303,ARA,60-120,83.2
12303,ARA,120+,132.6
12303,ASN,0-5,10.8
12303,ASN,5-15,10.8
12303,ASN,15-30,10.7
12303,ASN,30-60,15.5
12303,ASN,60-120,36.2
12303,ASN,120+,61.8
12303,BARH,0-5,29.1
12303,BARH,5-15,29.2
12303,BARH,15-30,29.3
12303,BARH,30-60,35.1
12303,BARH,60-120,66.9
12303,BARH,120+,112.1
12303,BKP,0-5,30.6
12303,BKP,5-15,30.6
12303,BKP,15-30,30.8
12303,BKP,30-60,36.8
12303,BKP,60-120,68.7
12303,BKP,120+,116.1
12303,BWN,0-5,11.3
12303,BWN,5-15,11.4
12303,BWN,15-30,11.2
12303,BWN,30-60,16.1
12303,BWN,60-120,38.2
12303,BWN,120+,64.9
12303,BXR,0-5,51.6
12303,BXR,5-15,51.6
12303,BXR,15-30,51.9
12303,BXR,30-60,57.7
12303,BXR,60-120,93.2
12303,BXR,120+,141.1
12303,CNB,0-5,34.6
12303,CNB,5-15,34.6
12303,CNB,15-30,34.7
12303,CNB,30-60,40.4
12303,CNB,60-120,72.9
12303,CNB,120+,121.0
12303,CRJ,0-5,14.8
12303,CRJ,5-15,14.8
12303,CRJ,15-30,14.8
12303,CRJ,30-60,19.5
12303,CRJ,60-120,43.6
12303,CRJ,120+,70.7
12303,DDU,0-5,21.4
12303,DDU,5-15,21.5
12303,DDU,15-30,21.4
12303,DDU,30-60,25.8
12303,DDU,60-120,53.6
12303,DDU,120+,84.6
12303,DGR,0-5,7.1
12303,DGR,5-15,7.2
12303,DGR,15-30,7.0
12303,DGR,30-60,10.9
12303,DGR,60-120,27.3
12303,DGR,120+,49.5
12303,DNR,0-5,39.4
12303,DNR,5-15,39.4
12303,DNR,15-30,39.7
12303,DNR,30-60,45.3
12303,DNR,60-120,78.0
12303,DNR,120+,126.2
12303,ETW,0-5,50.8
12303,ETW,5-15,50.8
12303,ETW,15-30,51.1
12303,ETW,30-60,57.9
12303,ETW,60-120,93.2
12303,ETW,120+,143.6
12303,HWH,0-5,0.0
12303,HWH,5-15,0.0
12303,HWH,15-30,0.0
12303,HWH,30-60,0.0
12303,HWH,60-120,1.7
12303,HWH,120+,2.9
12303,JAJ,0-5,5.2
12303,JAJ,5-15,5.2
12303,JAJ,15-30,4.9
12303,JAJ,30-60,8.1
12303,JAJ,60-120,23.6
12303,JAJ,120+,42.0
12303,JMT,0-5,14.7
12303,JMT,5-15,14.7
12303,JMT,15-30,14.7
12303,JMT,30-60,19.3
12303,JMT,60-120,42.9
12303,JMT,120+,69.1
12303,JMU,0-5,10.6
12303,JMU,5-15,10.6
12303,JMU,15-30,10.5
12303,JMU,30-60,14.7
12303,JMU,60-120,34.6
12303,JMU,120+,58.9
12303,JSME,0-5,26.9
12303,JSME,5-15,26.9
12303,JSME,15-30,27.1
12303,JSME,30-60,32.0
12303,JSME,60-120,60.9
12303,JSME,120+,97.2
12303,KIUL,0-5,13.3
12303,KIUL,5-15,13.4
12303,KIUL,15-30,13.4
12303,KIUL,30-60,17.8
12303,KIUL,60-120,40.8
12303,KIUL,120+,66.8
12303,MDP,0-5,23.2
12303,MDP,5-15,23.3
12303,MDP,15-30,23.3
12303,MDP,30-60,27.7
12303,MDP,60-120,57.3
12303,MDP,120+,90.3
12303,MKA,0-5,26.0
12303,MKA,5-15,26.0
12303,MKA,15-30,26.2
12303,MKA,30-60,31.2
12303,MKA,60-120,60.7
12303,MKA,120+,96.6
12303,NDLS,0-5,53.5
12303,NDLS,5-15,53.5
12303,NDLS,15-30,53.9
12303,NDLS,30-60,60.8
12303,NDLS,60-120,99.4
12303,NDLS,120+,151.7
12303,PNBE,0-5,35.3
12303,PNBE,5-15,35.3
12303,PNBE,15-30,35.5
12303,PNBE,30-60,40.5
12303,PNBE,60-120,70.7
12303,PNBE,120+,115.0
12303,PNC,0-5,34.6
12303,PNC,5-15,34.6
12303,PNC,15-30,34.3
12303,PNC,30-60,40.1
12303,PNC,60-120,71.6
12303,PNC,120+,118.7
12303,PRYJ,0-5,26.5
12303,PRYJ,5-15,26.6
12303,PRYJ,15-30,26.8
12303,PRYJ,30-60,32.0
12303,PRYJ,60-120,63.3
12303,PRYJ,120+,102.6
12303,TDL,0-5,50.1
12303,TDL,5-15,50.1
12303,TDL,15-30,50.4
12303,TDL,30-60,56.8
12303,TDL,60-120,93.0
12303,TDL,120+,143.4
12304,ALJN,0-5,8.9
12304,ALJN,5-15,8.9
12304,ALJN,15-30,8.5
12304,ALJN,30-60,10.4
12304,ALJN,60-120,26.2
12304,ALJN,120+,41.1
12304,ARA,0-5,20.0
12304,ARA,5-15,20.1
12304,ARA,15-30,20.2
12304,ARA,30-60,26.7
12304,ARA,60-120,60.0
12304,ARA,120+,109.0
12304,ASN,0-5,32.8
12304,ASN,5-15,32.9
12304,ASN,15-30,33.2
12304,ASN,30-60,40.2
12304,ASN,60-120,78.4
12304,ASN,120+,133.4
12304,BARH,0-5,52.6
12304,BARH,5-15,52.6
12304,BARH,15-30,53.1
12304,BARH,30-60,60.3
12304,BARH,60-120,100.0
12304,BARH,120+,151.8
12304,BKP,0-5,49.2
12304,BKP,5-15,49.3
12304,BKP,15-30,49.6
12304,BKP,30-60,56.9
12304,BKP,60-120,96.4
12304,BKP,120+,150.2
12304,BWN,0-5,26.6
12304,BWN,5-15,26.6
12304,BWN,15-30,27.0
12304,BWN,30-60,33.9
12304,BWN,60-120,70.5
12304,BWN,120+,123.8
12304,BXR,0-5,15.2
12304,BXR,5-15,15.3
12304,BXR,15-30,15.0
12304,BXR,30-60,20.0
12304,BXR,60-120,50.8
12304,BXR,120+,86.4
12304,CNB,0-5,9.0
12304,CNB,5-15,9.0
12304,CNB,15-30,8.7
12304,CNB,30-60,13.7
12304,CNB,60-120,40.3
12304,CNB,120+,71.9
12304,CRJ,0-5,32.8
12304,CRJ,5-15,32.9
12304,CRJ,15-30,33.2
12304,CRJ,30-60,39.7
12304,CRJ,60-120,76.6
12304,CRJ,120+,130.3
12304,DDU,0-5,10.9
12304,DDU,5-15,11.0
12304,DDU,15-30,10.7
12304,DDU,30-60,15.4
12304,DDU,60-120,43.3
12304,DDU,120+,76.5
12304,DGR,0-5,37.5
12304,DGR,5-15,37.5
12304,DGR,15-30,37.9
12304,DGR,30-60,45.1
12304,DGR,60-120,84.3
12304,DGR,120+,139.4
12304,DNR,0-5,33.8
12304,DNR,5-15,33.8
12304,DNR,15-30,34.2
12304,DNR,30-60,40.5
12304,DNR,60-120,77.1
12304,DNR,120+,130.2
12304,ETW,0-5,11.7
12304,ETW,5-15,11.7
12304,ETW,15-30,11.4
12304,ETW,30-60,16.1
12304,ETW,60-120,43.5
12304,ETW,120+,75.8
12304,HWH,0-5,25.8
12304,HWH,5-15,25.8
12304,HWH,15-30,26.0
12304,HWH,30-60,31.5
12304,HWH,60-120,62.6
12304,HWH,120+,105.9
12304,JAJ,0-5,17.9
12304,JAJ,5-15,17.9
12304,JAJ,15-30,18.2
12304,JAJ,30-60,24.1
12304,JAJ,60-120,57.2
12304,JAJ,120+,106.2
12304,JMT,0-5,31.0
12304,JMT,5-15,31.0
12304,JMT,15-30,31.3
12304,JMT,30-60,37.8
12304,JMT,60-120,73.7
12304,JMT,120+,126.4
12304,JMU,0-5,47.9
12304,JMU,5-15,47.9
12304,JMU,15-30,48.2
12304,JMU,30-60,55.6
12304,JMU,60-120,95.5
12304,JMU,120+,151.4
12304,JSME,0-5,27.1
12304,JSME,5-15,27.1
12304,JSME,15-30,27.5
12304,JSME,30-60,33.6
12304,JSME,60-120,67.9
12304,JSME,120+,119.5
12304,KIUL,0-5,48.1
12304,KIUL,5-15,48.1
12304,KIUL,15-30,48.5
12304,KIUL,30-60,55.3
12304,KIUL,60-120,95.3
12304,KIUL,120+,151.2
12304,MDP,0-5,32.1
12304,MDP,5-15,32.1
12304,MDP,15-30,32.5
12304,MDP,30-60,38.9
12304,MDP,60-120,74.9
12304,MDP,120+,127.5
12304,MKA,0-5,56.2
12304,MKA,5-15,56.3
12304,MKA,15-30,56.7
12304,MKA,30-60,62.5
12304,MKA,60-120,100.5
12304,MKA,120+,151.2
12304,NDLS,0-5,0.0
12304,NDLS,5-15,0.0
12304,NDLS,15-30,0.0
12304,NDLS,30-60,0.0
12304,NDLS,60-120,8.6
12304,NDLS,120+,20.6
12304,PNBE,0-5,31.5
12304,PNBE,5-15,31.6
12304,PNBE,15-30,31.9
12304,PNBE,30-60,37.8
12304,PNBE,60-120,72.2
12304,PNBE,120+,122.0
12304,PNC,0-5,156.2
12304,PNC,5-15,156.2
12304,PNC,15-30,157.5
12304,PNC,30-60,150.4
12304,PNC,60-120,186.9
12304,PNC,120+,214.8
12304,PRYJ,0-5,14.2
12304,PRYJ,5-15,14.3
12304,PRYJ,15-30,14.1
12304,PRYJ,30-60,17.7
12304,PRYJ,60-120,48.7
12304,PRYJ,120+,83.0
12304,TDL,0-5,1.8
12304,TDL,5-15,1.9
12304,TDL,15-30,1.4
12304,TDL,30-60,4.1
12304,TDL,60-120,20.4
12304,TDL,120+,43.0
12307,AH,0-5,30.4
12307,AH,5-15,30.4
12307,AH,15-30,30.6
12307,AH,30-60,36.2
12307,AH,60-120,63.3
12307,AH,120+,95.5
12307,ASN,0-5,13.7
12307,ASN,5-15,13.8
12307,ASN,15-30,14.0
12307,ASN,30-60,21.6
12307,ASN,60-120,37.9
12307,ASN,120+,71.4
12307,AUBR,0-5,17.3
12307,AUBR,5-15,17.4
12307,AUBR,15-30,17.6
12307,AUBR,30-60,25.6
12307,AUBR,60-120,47.1
12307,AUBR,120+,83.7
12307,BBU,0-5,18.6
12307,BBU,5-15,18.7
12307,BBU,15-30,18.9
12307,BBU,30-60,27.2
12307,BBU,60-120,51.7
12307,BBU,120+,93.5
12307,BDL,0-5,13.4
12307,BDL,5-15,13.4
12307,BDL,15-30,13.4
12307,BDL,30-60,21.3
12307,BDL,60-120,41.1
12307,BDL,120+,79.5
12307,BKI,0-5,12.8
12307,BKI,5-15,12.8
12307,BKI,15-30,13.4
12307,BKI,30-60,21.0
12307,BKI,60-120,42.6
12307,BKI,120+,78.2
12307,BTE,0-5,28.4
12307,BTE,5-15,28.5
12307,BTE,15-30,28.8
12307,BTE,30-60,38.3
12307,BTE,60-120,73.5
12307,BTE,120+,121.0
12307,BWN,0-5,20.5
12307,BWN,5-15,20.6
12307,BWN,15-30,20.9
12307,BWN,30-60,29.2
12307,BWN,60-120,57.4
12307,BWN,120+,98.5
12307,CNB,0-5,30.7
12307,CNB,5-15,30.8
12307,CNB,15-30,28.5
12307,CNB,30-60,37.7
12307,CNB,60-120,72.5
12307,CNB,120+,119.4
12307,DDU,0-5,11.7
12307,DDU,5-15,11.8
12307,DDU,15-30,12.1
12307,DDU,30-60,18.6
12307,DDU,60-120,37.8
12307,DDU,120+,72.1
12307,DHN,0-5,5.4
12307,DHN,5-15,5.5
12307,DHN,15-30,5.8
12307,DHN,30-60,9.6
12307,DHN,60-120,26.5
12307,DHN,120+,49.7
12307,DNA,0-5,23.8
12307,DNA,5-15,23.8
12307,DNA,15-30,24.1
12307,DNA,30-60,33.1
12307,DNA,60-120,64.3
12307,DNA,120+,107.5
12307,DOS,0-5,19.4
12307,DOS,5-15,19.5
12307,DOS,15-30,19.8
12307,DOS,30-60,27.6
12307,DOS,60-120,52.6
12307,DOS,120+,93.0
12307,ETW,0-5,39.4
12307,ETW,5-15,39.4
12307,ETW,15-30,37.5
12307,ETW,30-60,47.6
12307,ETW,60-120,83.6
12307,ETW,120+,137.6
12307,FTP,0-5,27.0
12307,FTP,5-15,27.1
12307,FTP,15-30,27.4
12307,FTP,30-60,36.3
12307,FTP,60-120,69.0
12307,FTP,120+,114.6
12307,GAYA,0-5,9.6
12307,GAYA,5-15,9.6
12307,GAYA,15-30,10.0
12307,GAYA,30-60,15.5
12307,GAYA,60-120,34.4
12307,GAYA,120+,63.1
12307,HWH,0-5,3.8
12307,HWH,5-15,3.8
12307,HWH,15-30,3.9
12307,HWH,30-60,7.0
12307,HWH,60-120,14.4
12307,HWH,120+,26.9
12307,IDH,0-5,19.6
12307,IDH,5-15,19.7
12307,IDH,15-30,20.4
12307,IDH,30-60,29.8
12307,IDH,60-120,60.0
12307,IDH,120+,102.0
12307,JP,0-5,22.2
12307,JP,5-15,22.3
12307,JP,15-30,22.6
12307,JP,30-60,31.6
12307,JP,60-120,60.8
12307,JP,120+,102.9
12307,JU,0-5,11.9
12307,JU,5-15,11.9
12307,JU,15-30,12.3
12307,JU,30-60,18.8
12307,JU,60-120,38.1
12307,JU,120+,72.3
12307,KMNC,0-5,22.7
12307,KMNC,5-15,22.7
12307,KMNC,15-30,23.0
12307,KMNC,30-60,32.0
12307,KMNC,60-120,61.5
12307,KMNC,120+,103.4
12307,KQR,0-5,14.9
12307,KQR,5-15,14.9
12307,KQR,15-30,15.3
12307,KQR,30-60,22.5
12307,KQR,60-120,41.3
12307,KQR,120+,76.8
12307,MKN,0-5,24.8
12307,MKN,5-15,24.8
12307,MKN,15-30,25.1
12307,MKN,30-60,34.1
12307,MKN,60-120,64.5
12307,MKN,120+,107.5
12307,MTD,0-5,21.8
12307,MTD,5-15,21.8
12307,MTD,15-30,22.1
12307,MTD,30-60,30.8
12307,MTD,60-120,59.1
12307,MTD,120+,99.8
12307,MZP,0-5,11.8
12307,MZP,5-15,11.8
12307,MZP,15-30,12.2
12307,MZP,30-60,18.7
12307,MZP,60-120,37.9
12307,MZP,120+,71.5
12307,NAC,0-5,21.7
12307,NAC,5-15,21.7
12307,NAC,15-30,22.0
12307,NAC,30-60,30.7
12307,NAC,60-120,58.9
12307,NAC,120+,100.6
12307,PNME,0-5,8.2
12307,PNME,5-15,8.2
12307,PNME,15-30,8.6
12307,PNME,30-60,13.8
12307,PNME,60-120,31.9
12307,PNME,120+,58.0
12307,PRYJ,0-5,13.8
12307,PRYJ,5-15,13.9
12307,PRYJ,15-30,14.3
12307,PRYJ,30-60,21.5
12307,PRYJ,60-120,42.0
12307,PRYJ,120+,79.2
12307,RFJ,0-5,12.8
12307,RFJ,5-15,12.8
12307,RFJ,15-30,13.2
12307,RFJ,30-60,19.9
12307,RFJ,60-120,39.3
12307,RFJ,120+,74.6
12307,SSM,0-5,20.1
12307,SSM,5-15,20.1
12307,SSM,15-30,20.4
12307,SSM,30-60,28.1
12307,SSM,60-120,52.9
12307,SSM,120+,93.1
12307,TDL,0-5,13.1
12307,TDL,5-15,13.1
12307,TDL,15-30,13.5
12307,TDL,30-60,20.1
12307,TDL,60-120,38.8
12307,TDL,120+,74.3
12308,AH,0-5,41.7
12308,AH,5-15,41.7
12308,AH,15-30,41.6
12308,AH,30-60,44.6
12308,AH,60-120,72.3
12308,AH,120+,108.3
12308,ASN,0-5,46.0
12308,ASN,5-15,46.1
12308,ASN,15-30,46.3
12308,ASN,30-60,52.1
12308,ASN,60-120,86.5
12308,ASN,120+,137.7
12308,AUBR,0-5,44.1
12308,AUBR,5-15,44.1
12308,AUBR,15-30,45.0
12308,AUBR,30-60,52.8
12308,AUBR,60-120,88.8
12308,AUBR,120+,144.5
12308,BBU,0-5,40.6
12308,BBU,5-15,40.6
12308,BBU,15-30,41.3
12308,BBU,30-60,48.8
12308,BBU,60-120,84.2
12308,BBU,120+,139.2
12308,BKI,0-5,1.6
12308,BKI,5-15,1.6
12308,BKI,15-30,2.0
12308,BKI,30-60,4.1
12308,BKI,60-120,14.4
12308,BKI,120+,32.5
12308,BTE,0-5,17.2
12308,BTE,5-15,17.2
12308,BTE,15-30,17.4
12308,BTE,30-60,23.0
12308,BTE,60-120,46.4
12308,BTE,120+,86.7
12308,BWN,0-5,43.3
12308,BWN,5-15,43.4
12308,BWN,15-30,43.7
12308,BWN,30-60,50.4
12308,BWN,60-120,85.6
12308,BWN,120+,139.4
12308,CNB,0-5,12.6
12308,CNB,5-15,12.6
12308,CNB,15-30,12.6
12308,CNB,30-60,17.2
12308,CNB,60-120,35.0
12308,CNB,120+,69.6
12308,DDU,0-5,36.3
12308,DDU,5-15,36.3
12308,DDU,15-30,36.5
12308,DDU,30-60,42.6
12308,DDU,60-120,75.4
12308,DDU,120+,126.9
12308,DHN,0-5,41.3
12308,DHN,5-15,41.4
12308,DHN,15-30,41.6
12308,DHN,30-60,47.9
12308,DHN,60-120,82.2
12308,DHN,120+,135.9
12308,DNA,0-5,12.0
12308,DNA,5-15,12.1
12308,DNA,15-30,12.2
12308,DNA,30-60,16.8
12308,DNA,60-120,34.8
12308,DNA,120+,70.0
12308,DOS,0-5,44.6
12308,DOS,5-15,44.6
12308,DOS,15-30,45.4
12308,DOS,30-60,52.5
12308,DOS,60-120,87.4
12308,DOS,120+,141.6
12308,ETW,0-5,20.5
12308,ETW,5-15,20.5
12308,ETW,15-30,20.7
12308,ETW,30-60,26.0
12308,ETW,60-120,49.2
12308,ETW,120+,86.7
12308,FTP,0-5,23.7
12308,FTP,5-15,23.8
12308,FTP,15-30,24.0
12308,FTP,30-60,29.5
12308,FTP,60-120,56.5
12308,FTP,120+,98.1
12308,GAYA,0-5,40.6
12308,GAYA,5-15,40.6
12308,GAYA,15-30,41.2
12308,GAYA,30-60,48.0
12308,GAYA,60-120,81.9
12308,GAYA,120+,134.8
12308,HWH,0-5,33.3
12308,HWH,5-15,33.3
12308,HWH,15-30,33.7
12308,HWH,30-60,39.2
12308,HWH,60-120,66.8
12308,HWH,120+,102.5
12308,IDH,0-5,23.3
12308,IDH,5-15,23.3
12308,IDH,15-30,23.6
12308,IDH,30-60,29.3
12308,IDH,60-120,56.1
12308,IDH,120+,97.0
12308,JP,0-5,6.1
12308,JP,5-15,6.1
12308,JP,15-30,6.3
12308,JP,30-60,9.2
12308,JP,60-120,24.0
12308,JP,120+,48.0
12308,JU,0-5,2.5
12308,JU,5-15,2.5
12308,JU,15-30,2.7
12308,JU,30-60,4.5
12308,JU,60-120,16.3
12308,JU,120+,32.6
12308,KMNC,0-5,13.5
12308,KMNC,5-15,13.6
12308,KMNC,15-30,13.7
12308,KMNC,30-60,18.5
12308,KMNC,60-120,37.2
12308,KMNC,120+,73.6
12308,KQR,0-5,42.0
12308,KQR,5-15,42.0
12308,KQR,15-30,42.1
12308,KQR,30-60,48.4
12308,KQR,60-120,80.6
12308,KQR,120+,132.8
12308,MKN,0-5,12.6
12308,MKN,5-15,12.6
12308,MKN,15-30,12.7
12308,MKN,30-60,17.6
12308,MKN,60-120,35.4
12308,MKN,120+,71.1
12308,MTD,0-5,12.6
12308,MTD,5-15,12.6
12308,MTD,15-30,12.7
12308,MTD,30-60,17.6
12308,MTD,60-120,35.4
12308,MTD,120+,71.1
12308,MZP,0-5,52.5
12308,MZP,5-15,52.5
12308,MZP,15-30,53.2
12308,MZP,30-60,61.0
12308,MZP,60-120,97.1
12308,MZP,120+,151.5
12308,NAC,0-5,13.7
12308,NAC,5-15,13.7
12308,NAC,15-30,13.8
12308,NAC,30-60,18.9
12308,NAC,60-120,37.7
12308,NAC,120+,74.1
12308,PNME,0-5,52.4
12308,PNME,5-15,52.4
12308,PNME,15-30,53.2
12308,PNME,30-60,60.9
12308,PNME,60-120,97.0
12308,PNME,120+,151.4
12308,PRYJ,0-5,37.4
12308,PRYJ,5-15,37.5
12308,PRYJ,15-30,37.7
12308,PRYJ,30-60,44.4
12308,PRYJ,60-120,77.0
12308,PRYJ,120+,128.4
12308,RFJ,0-5,49.1
12308,RFJ,5-15,49.1
12308,RFJ,15-30,49.9
12308,RFJ,30-60,57.5
12308,RFJ,60-120,92.8
12308,RFJ,120+,147.1
12308,SSM,0-5,45.3
12308,SSM,5-15,45.3
12308,SSM,15-30,46.1
12308,SSM,30-60,53.1
12308,SSM,60-120,88.0
12308,SSM,120+,141.8
12308,TDL,0-5,9.1
12308,TDL,5-15,9.1
12308,TDL,15-30,9.2
12308,TDL,30-60,12.4
12308,TDL,60-120,28.7
12308,TDL,120+,58.0
12309,CNB,0-5,22.3
12309,CNB,5-15,22.3
12309,CNB,15-30,21.3
12309,CNB,30-60,27.3
12309,CNB,60-120,47.5
12309,CNB,120+,78.2
12309,DDU,0-5,14.2
12309,DDU,5-15,14.3
12309,DDU,15-30,13.1
12309,DDU,30-60,18.6
12309,DDU,60-120,32.9
12309,DDU,120+,59.5
12309,DNR,0-5,16.6
12309,DNR,5-15,16.6
12309,DNR,15-30,14.8
12309,DNR,30-60,20.6
12309,DNR,60-120,37.7
12309,DNR,120+,65.1
12309,NDLS,0-5,31.8
12309,NDLS,5-15,31.8
12309,NDLS,15-30,30.2
12309,NDLS,30-60,43.2
12309,NDLS,60-120,77.2
12309,NDLS,120+,129.9
12309,PNBE,0-5,14.3
12309,PNBE,5-15,14.3
12309,PNBE,15-30,12.5
12309,PNBE,30-60,17.8
12309,PNBE,60-120,31.3
12309,PNBE,120+,57.7
12309,PRYJ,0-5,14.7
12309,PRYJ,5-15,14.8
12309,PRYJ,15-30,12.8
12309,PRYJ,30-60,19.3
12309,PRYJ,60-120,37.7
12309,PRYJ,120+,66.7
12309,RJPB,0-5,2.6
12309,RJPB,5-15,2.6
12309,RJPB,15-30,3.3
12309,RJPB,30-60,9.2
12309,RJPB,60-120,23.7
12309,RJPB,120+,51.4
12310,CNB,0-5,14.9
12310,CNB,5-15,15.0
12310,CNB,15-30,15.6
12310,CNB,30-60,21.0
12310,CNB,60-120,42.7
12310,CNB,120+,73.3
12310,DDU,0-5,11.6
12310,DDU,5-15,11.6
12310,DDU,15-30,12.5
12310,DDU,30-60,21.2
12310,DDU,60-120,46.3
12310,DDU,120+,90.6
12310,DNR,0-5,12.2
12310,DNR,5-15,12.3
12310,DNR,15-30,12.2
12310,DNR,30-60,21.2
12310,DNR,60-120,44.3
12310,DNR,120+,87.2
12310,NDLS,0-5,2.8
12310,NDLS,5-15,2.9
12310,NDLS,15-30,2.9
12310,NDLS,30-60,9.0
12310,NDLS,60-120,23.6
12310,NDLS,120+,51.6
12310,PNBE,0-5,10.5
12310,PNBE,5-15,10.6
12310,PNBE,15-30,10.5
12310,PNBE,30-60,17.7
12310,PNBE,60-120,40.0
12310,PNBE,120+,80.1
12310,PRYJ,0-5,11.3
12310,PRYJ,5-15,11.3
12310,PRYJ,15-30,11.5
12310,PRYJ,30-60,20.3
12310,PRYJ,60-120,46.1
12310,PRYJ,120+,91.8
12310,RJPB,0-5,3.7
12310,RJPB,5-15,3.7
12310,RJPB,15-30,3.7
12310,RJPB,30-60,9.5
12310,RJPB,60-120,28.3
12310,RJPB,120+,57.0
12313,ASN,0-5,26.9
12313,ASN,5-15,27.2
12313,ASN,15-30,27.9
12313,ASN,30-60,33.8
12313,ASN,60-120,43.5
12313,ASN,120+,63.7
12313,CNB,0-5,13.3
12313,CNB,5-15,13.7
12313,CNB,15-30,14.3
12313,CNB,30-60,20.4
12313,CNB,60-120,27.7
12313,CNB,120+,49.6
12313,DDU,0-5,19.5
12313,DDU,5-15,19.8
12313,DDU,15-30,20.0
12313,DDU,30-60,28.9
12313,DDU,60-120,40.6
12313,DDU,120+,68.3
12313,DGR,0-5,13.5
12313,DGR,5-15,13.9
12313,DGR,15-30,13.8
12313,DGR,30-60,19.9
12313,DGR,60-120,27.2
12313,DGR,120+,49.6
12313,DHN,0-5,3.1
12313,DHN,5-15,3.4
12313,DHN,15-30,3.0
12313,DHN,30-60,8.5
12313,DHN,60-120,12.3
12313,DHN,120+,26.5
12313,GAYA,0-5,2.5
12313,GAYA,5-15,2.8
12313,GAYA,15-30,2.4
12313,GAYA,30-60,8.4
12313,GAYA,60-120,9.6
12313,GAYA,120+,23.5
12313,NDLS,0-5,18.7
12313,NDLS,5-15,19.0
12313,NDLS,15-30,19.1
12313,NDLS,30-60,31.5
12313,NDLS,60-120,45.3
12313,NDLS,120+,69.7
12313,SDAH,0-5,2.7
12313,SDAH,5-15,2.7
12313,SDAH,15-30,2.4
12313,SDAH,30-60,6.5
12313,SDAH,60-120,17.6
12313,SDAH,120+,32.5
12314,ASN,0-5,22.1
12314,ASN,5-15,22.2
12314,ASN,15-30,23.5
12314,ASN,30-60,31.0
12314,ASN,60-120,67.4
12314,ASN,120+,115.6
12314,CNB,0-5,9.9
12314,CNB,5-15,9.9
12314,CNB,15-30,10.9
12314,CNB,30-60,21.7
12314,CNB,60-120,61.7
12314,CNB,120+,117.5
12314,DDU,0-5,6.7
12314,DDU,5-15,6.8
12314,DDU,15-30,7.5
12314,DDU,30-60,18.7
12314,DDU,60-120,58.8
12314,DDU,120+,104.1
12314,DGR,0-5,20.4
12314,DGR,5-15,20.4
12314,DGR,15-30,21.1
12314,DGR,30-60,33.9
12314,DGR,60-120,80.9
12314,DGR,120+,145.0
12314,DHN,0-5,7.9
12314,DHN,5-15,7.9
12314,DHN,15-30,8.6
12314,DHN,30-60,20.2
12314,DHN,60-120,60.4
12314,DHN,120+,115.2
12314,GAYA,0-5,12.8
12314,GAYA,5-15,12.8
12314,GAYA,15-30,13.6
12314,GAYA,30-60,25.1
12314,GAYA,60-120,66.8
12314,GAYA,120+,125.6
12314,NDLS,0-5,0.4
12314,NDLS,5-15,0.5
12314,NDLS,15-30,0.2
12314,NDLS,30-60,9.9
12314,NDLS,60-120,35.4
12314,NDLS,120+,59.9
12314,SDAH,0-5,9.0
12314,SDAH,5-15,9.1
12314,SDAH,15-30,9.6
12314,SDAH,30-60,20.5
12314,SDAH,60-120,60.5
12314,SDAH,120+,116.7
12323,ASN,0-5,45.2
12323,ASN,5-15,45.2
12323,ASN,15-30,45.0
12323,ASN,30-60,46.3
12323,ASN,60-120,72.4
12323,ASN,120+,99.9
12323,BLT,0-5,54.9
12323,BLT,5-15,54.9
12323,BLT,15-30,54.7
12323,BLT,30-60,59.9
12323,BLT,60-120,94.3
12323,BLT,120+,138.8
12323,BME,0-5,39.1
12323,BME,5-15,39.1
12323,BME,15-30,39.0
12323,BME,30-60,44.7
12323,BME,60-120,75.1
12323,BME,120+,120.9
12323,CNB,0-5,28.7
12323,CNB,5-15,28.8
12323,CNB,15-30,28.5
12323,CNB,30-60,34.1
12323,CNB,60-120,61.5
12323,CNB,120+,104.0
12323,CTKT,0-5,48.4
12323,CTKT,5-15,48.4
12323,CTKT,15-30,48.2
12323,CTKT,30-60,53.9
12323,CTKT,60-120,85.4
12323,CTKT,120+,129.2
12323,CUR,0-5,51.9
12323,CUR,5-15,51.9
12323,CUR,15-30,51.6
12323,CUR,30-60,57.2
12323,CUR,60-120,92.4
12323,CUR,120+,141.1
12323,DDU,0-5,21.6
12323,DDU,5-15,21.6
12323,DDU,15-30,21.9
12323,DDU,30-60,26.4
12323,DDU,60-120,52.5
12323,DDU,120+,81.9
12323,DHN,0-5,17.6
12323,DHN,5-15,17.6
12323,DHN,15-30,17.8
12323,DHN,30-60,22.2
12323,DHN,60-120,44.7
12323,DHN,120+,72.0
12323,DIA,0-5,51.5
12323,DIA,5-15,51.5
12323,DIA,15-30,51.2
12323,DIA,30-60,55.5
12323,DIA,60-120,87.6
12323,DIA,120+,131.8
12323,DLI,0-5,52.0
12323,DLI,5-15,52.1
12323,DLI,15-30,51.8
12323,DLI,30-60,49.6
12323,DLI,60-120,82.0
12323,DLI,120+,121.8
12323,DNA,0-5,41.6
12323,DNA,5-15,41.6
12323,DNA,15-30,41.5
12323,DNA,30-60,46.8
12323,DNA,60-120,79.3
12323,DNA,120+,125.3
12323,GAYA,0-5,10.1
12323,GAYA,5-15,10.2
12323,GAYA,15-30,10.4
12323,GAYA,30-60,14.2
12323,GAYA,60-120,30.5
12323,GAYA,120+,51.0
12323,HWH,0-5,3.3
12323,HWH,5-15,3.3
12323,HWH,15-30,3.1
12323,HWH,30-60,4.0
12323,HWH,60-120,14.5
12323,HWH,120+,19.7
12323,JU,0-5,46.8
12323,JU,5-15,46.8
12323,JU,15-30,47.0
12323,JU,30-60,52.9
12323,JU,60-120,88.8
12323,JU,120+,137.1
12323,KQR,0-5,22.5
12323,KQR,5-15,22.5
12323,KQR,15-30,22.5
12323,KQR,30-60,26.7
12323,KQR,60-120,51.3
12323,KQR,120+,79.5
12323,LAU,0-5,49.6
12323,LAU,5-15,49.6
12323,LAU,15-30,49.4
12323,LAU,30-60,54.2
12323,LAU,60-120,84.2
12323,LAU,120+,128.5
12323,LHU,0-5,65.6
12323,LHU,5-15,65.6
12323,LHU,15-30,65.4
12323,LHU,30-60,70.1
12323,LHU,60-120,104.5
12323,LHU,120+,152.3
12323,MHRG,0-5,71.7
12323,MHRG,5-15,72.0
12323,MHRG,15-30,71.9
12323,MHRG,30-60,75.1
12323,MHRG,60-120,108.3
12323,MHRG,120+,146.1
12323,MTD,0-5,42.8
12323,MTD,5-15,42.9
12323,MTD,15-30,42.7
12323,MTD,30-60,48.4
12323,MTD,60-120,81.6
12323,MTD,120+,128.2
12323,PRYJ,0-5,24.1
12323,PRYJ,5-15,24.2
12323,PRYJ,15-30,23.9
12323,PRYJ,30-60,29.1
12323,PRYJ,60-120,56.4
12323,PRYJ,120+,91.7
12323,RE,0-5,62.8
12323,RE,5-15,62.8
12323,RE,15-30,63.1
12323,RE,30-60,68.3
12323,RE,60-120,105.0
12323,RE,120+,154.5
12323,RTGH,0-5,43.2
12323,RTGH,5-15,43.3
12323,RTGH,15-30,43.0
12323,RTGH,30-60,48.0
12323,RTGH,60-120,78.6
12323,RTGH,120+,123.8
12323,SDLP,0-5,54.6
12323,SDLP,5-15,54.6
12323,SDLP,15-30,54.3
12323,SDLP,30-60,58.8
12323,SDLP,60-120,93.1
12323,SDLP,120+,141.7
12323,SMR,0-5,56.0
12323,SMR,5-15,56.0
12323,SMR,15-30,55.8
12323,SMR,30-60,59.9
12323,SMR,60-120,92.3
12323,SMR,120+,137.2
12323,SSM,0-5,15.1
12323,SSM,5-15,15.2
12323,SSM,15-30,15.6
12323,SSM,30-60,20.0
12323,SSM,60-120,41.2
12323,SSM,120+,66.6
12323,SUJH,0-5,48.8
12323,SUJH,5-15,48.8
12323,SUJH,15-30,48.3
12323,SUJH,30-60,52.9
12323,SUJH,60-120,82.4
12323,SUJH,120+,125.9
12324,ASN,0-5,63.2
12324,ASN,5-15,63.2
12324,ASN,15-30,63.0
12324,ASN,30-60,64.8
12324,ASN,60-120,99.4
12324,ASN,120+,134.7
12324,BLT,0-5,28.8
12324,BLT,5-15,28.9
12324,BLT,15-30,28.5
12324,BLT,30-60,34.1
12324,BLT,60-120,62.1
12324,BLT,120+,103.8
12324,BME,0-5,3.1
12324,BME,5-15,3.1
12324,BME,15-30,3.0
12324,BME,30-60,5.0
12324,BME,60-120,15.3
12324,BME,120+,24.8
12324,CNB,0-5,43.1
12324,CNB,5-15,43.1
12324,CNB,15-30,42.8
12324,CNB,30-60,49.3
12324,CNB,60-120,86.3
12324,CNB,120+,135.6
12324,CTKT,0-5,37.1
12324,CTKT,5-15,37.1
12324,CTKT,15-30,36.9
12324,CTKT,30-60,42.7
12324,CTKT,60-120,74.2
12324,CTKT,120+,120.3
12324,CUR,0-5,23.4
12324,CUR,5-15,23.4
12324,CUR,15-30,23.1
12324,CUR,30-60,28.3
12324,CUR,60-120,56.3
12324,CUR,120+,91.5
12324,DDU,0-5,33.8
12324,DDU,5-15,33.8
12324,DDU,15-30,33.6
12324,DDU,30-60,39.7
12324,DDU,60-120,72.6
12324,DDU,120+,121.4
12324,DHN,0-5,30.9
12324,DHN,5-15,31.0
12324,DHN,15-30,30.8
12324,DHN,30-60,36.5
12324,DHN,60-120,68.6
12324,DHN,120+,118.0
12324,DIA,0-5,40.8
12324,DIA,5-15,40.8
12324,DIA,15-30,40.5
12324,DIA,30-60,45.8
12324,DIA,60-120,75.6
12324,DIA,120+,119.0
12324,DLI,0-5,34.8
12324,DLI,5-15,34.8
12324,DLI,15-30,34.5
12324,DLI,30-60,38.9
12324,DLI,60-120,65.7
12324,DLI,120+,106.9
12324,DNA,0-5,40.6
12324,DNA,5-15,40.6
12324,DNA,15-30,40.4
12324,DNA,30-60,46.3
12324,DNA,60-120,81.3
12324,DNA,120+,131.3
12324,GAYA,0-5,34.8
12324,GAYA,5-15,34.8
12324,GAYA,15-30,34.6
12324,GAYA,30-60,40.3
12324,GAYA,60-120,72.7
12324,GAYA,120+,120.6
12324,HWH,0-5,37.7
12324,HWH,5-15,37.7
12324,HWH,15-30,37.4
12324,HWH,30-60,42.5
12324,HWH,60-120,70.1
12324,HWH,120+,108.1
12324,JU,0-5,38.1
12324,JU,5-15,38.1
12324,JU,15-30,38.3
12324,JU,30-60,43.7
12324,JU,60-120,78.3
12324,JU,120+,127.8
12324,KQR,0-5,39.7
12324,KQR,5-15,39.7
12324,KQR,15-30,39.4
12324,KQR,30-60,45.1
12324,KQR,60-120,77.6
12324,KQR,120+,123.7
12324,LAU,0-5,26.9
12324,LAU,5-15,26.9
12324,LAU,15-30,26.6
12324,LAU,30-60,31.5
12324,LAU,60-120,57.6
12324,LAU,120+,99.6
12324,LHU,0-5,15.3
12324,LHU,5-15,15.3
12324,LHU,15-30,15.3
12324,LHU,30-60,19.8
12324,LHU,60-120,40.5
12324,LHU,120+,65.4
12324,MHRG,0-5,9.2
12324,MHRG,5-15,9.3
12324,MHRG,15-30,9.2
12324,MHRG,30-60,12.9
12324,MHRG,60-120,27.3
12324,MHRG,120+,49.9
12324,MTD,0-5,39.3
12324,MTD,5-15,39.4
12324,MTD,15-30,39.1
12324,MTD,30-60,44.7
12324,MTD,60-120,80.0
12324,MTD,120+,128.9
12324,PRYJ,0-5,40.2
12324,PRYJ,5-15,40.2
12324,PRYJ,15-30,39.9
12324,PRYJ,30-60,45.5
12324,PRYJ,60-120,80.9
12324,PRYJ,120+,130.7
12324,RE,0-5,8.8
12324,RE,5-15,8.9
12324,RE,15-30,9.1
12324,RE,30-60,13.1
12324,RE,60-120,30.6
12324,RE,120+,52.8
12324,RTGH,0-5,17.7
12324,RTGH,5-15,17.7
12324,RTGH,15-30,17.7
12324,RTGH,30-60,21.9
12324,RTGH,60-120,44.3
12324,RTGH,120+,70.8
12324,SDLP,0-5,21.1
12324,SDLP,5-15,21.1
12324,SDLP,15-30,21.2
12324,SDLP,30-60,25.5
12324,SDLP,60-120,50.5
12324,SDLP,120+,79.2
12324,SMR,0-5,24.6
12324,SMR,5-15,24.6
12324,SMR,15-30,24.2
12324,SMR,30-60,28.8
12324,SMR,60-120,54.4
12324,SMR,120+,87.9
12324,SSM,0-5,41.1
12324,SSM,5-15,41.1
12324,SSM,15-30,40.9
12324,SSM,30-60,46.5
12324,SSM,60-120,83.1
12324,SSM,120+,133.1
12324,SUJH,0-5,26.6
12324,SUJH,5-15,26.7
12324,SUJH,15-30,26.3
12324,SUJH,30-60,31.2
12324,SUJH,60-120,57.5
12324,SUJH,120+,99.6
12351,ASN,0-5,28.1
12351,ASN,5-15,28.2
12351,ASN,15-30,28.8
12351,ASN,30-60,32.9
12351,ASN,60-120,57.2
12351,ASN,120+,91.8
12351,BARH,0-5,30.1
12351,BARH,5-15,30.1
12351,BARH,15-30,30.8
12351,BARH,30-60,38.1
12351,BARH,60-120,68.0
12351,BARH,120+,105.6
12351,BKP,0-5,29.5
12351,BKP,5-15,29.6
12351,BKP,15-30,30.4
12351,BKP,30-60,37.7
12351,BKP,60-120,67.5
12351,BKP,120+,104.7
12351,BRYA,0-5,15.4
12351,BRYA,5-15,15.4
12351,BRYA,15-30,16.0
12351,BRYA,30-60,22.8
12351,BRYA,60-120,44.5
12351,BRYA,120+,85.3
12351,BWN,0-5,15.4
12351,BWN,5-15,15.4
12351,BWN,15-30,16.1
12351,BWN,30-60,22.8
12351,BWN,60-120,44.8
12351,BWN,120+,85.7
12351,CRJ,0-5,32.5
12351,CRJ,5-15,32.6
12351,CRJ,15-30,33.3
12351,CRJ,30-60,40.9
12351,CRJ,60-120,74.1
12351,CRJ,120+,122.1
12351,DGR,0-5,10.9
12351,DGR,5-15,10.9
12351,DGR,15-30,11.3
12351,DGR,30-60,16.9
12351,DGR,60-120,35.0
12351,DGR,120+,68.8
12351,FUT,0-5,31.4
12351,FUT,5-15,31.4
12351,FUT,15-30,32.3
12351,FUT,30-60,39.3
12351,FUT,60-120,72.9
12351,FUT,120+,121.1
12351,HTZ,0-5,20.4
12351,HTZ,5-15,20.4
12351,HTZ,15-30,21.1
12351,HTZ,30-60,27.6
12351,HTZ,60-120,53.3
12351,HTZ,120+,95.9
12351,HWH,0-5,2.3
12351,HWH,5-15,2.3
12351,HWH,15-30,2.5
12351,HWH,30-60,4.9
12351,HWH,60-120,16.3
12351,HWH,120+,35.0
12351,JAJ,0-5,9.4
12351,JAJ,5-15,9.4
12351,JAJ,15-30,9.9
12351,JAJ,30-60,14.8
12351,JAJ,60-120,33.7
12351,JAJ,120+,64.7
12351,JMU,0-5,11.8
12351,JMU,5-15,11.8
12351,JMU,15-30,12.1
12351,JMU,30-60,17.4
12351,JMU,60-120,34.8
12351,JMU,120+,66.0
12351,JSME,0-5,29.4
12351,JSME,5-15,29.4
12351,JSME,15-30,30.0
12351,JSME,30-60,36.4
12351,JSME,60-120,67.0
12351,JSME,120+,109.2
12351,KIUL,0-5,13.8
12351,KIUL,5-15,13.8
12351,KIUL,15-30,14.2
12351,KIUL,30-60,20.0
12351,KIUL,60-120,38.2
12351,KIUL,120+,72.4
12351,KOO,0-5,31.5
12351,KOO,5-15,31.6
12351,KOO,15-30,32.3
12351,KOO,30-60,39.0
12351,KOO,60-120,72.1
12351,KOO,120+,119.4
12351,LKR,0-5,13.3
12351,LKR,5-15,13.4
12351,LKR,15-30,13.8
12351,LKR,30-60,19.8
12351,LKR,60-120,39.0
12351,LKR,120+,76.2
12351,MDP,0-5,34.8
12351,MDP,5-15,34.8
12351,MDP,15-30,35.6
12351,MDP,30-60,42.7
12351,MDP,60-120,74.8
12351,MDP,120+,124.6
12351,MKA,0-5,25.0
12351,MKA,5-15,25.0
12351,MKA,15-30,25.6
12351,MKA,30-60,31.8
12351,MKA,60-120,57.3
12351,MKA,120+,93.6
12351,MNP,0-5,11.5
12351,MNP,5-15,11.6
12351,MNP,15-30,12.0
12351,MNP,30-60,17.4
12351,MNP,60-120,35.8
12351,MNP,120+,70.2
12351,PNC,0-5,29.0
12351,PNC,5-15,29.0
12351,PNC,15-30,29.6
12351,PNC,30-60,35.8
12351,PNC,60-120,63.4
12351,PNC,120+,102.1
12351,RJPB,0-5,5.3
12351,RJPB,5-15,5.3
12351,RJPB,15-30,5.7
12351,RJPB,30-60,9.1
12351,RJPB,60-120,24.6
12351,RJPB,120+,49.5
12351,RNG,0-5,20.3
12351,RNG,5-15,20.3
12351,RNG,15-30,21.1
12351,RNG,30-60,27.6
12351,RNG,60-120,52.5
12351,RNG,120+,94.0
12352,ASN,0-5,24.4
12352,ASN,5-15,24.5
12352,ASN,15-30,25.1
12352,ASN,30-60,30.1
12352,ASN,60-120,54.2
12352,ASN,120+,92.5
12352,BARH,0-5,12.9
12352,BARH,5-15,12.9
12352,BARH,15-30,13.4
12352,BARH,30-60,19.4
12352,BARH,60-120,37.3
12352,BARH,120+,70.1
12352,BKP,0-5,10.8
12352,BKP,5-15,10.8
12352,BKP,15-30,11.4
12352,BKP,30-60,17.0
12352,BKP,60-120,34.8
12352,BKP,120+,66.7
12352,BRYA,0-5,21.3
12352,BRYA,5-15,21.3
12352,BRYA,15-30,22.2
12352,BRYA,30-60,30.3
12352,BRYA,60-120,57.8
12352,BRYA,120+,102.8
12352,BWN,0-5,17.0
12352,BWN,5-15,17.0
12352,BWN,15-30,17.8
12352,BWN,30-60,25.4
12352,BWN,60-120,49.7
12352,BWN,120+,91.9
12352,CRJ,0-5,20.6
12352,CRJ,5-15,20.6
12352,CRJ,15-30,21.4
12352,CRJ,30-60,29.0
12352,CRJ,60-120,55.1
12352,CRJ,120+,97.3
12352,DGR,0-5,28.3
12352,DGR,5-15,28.4
12352,DGR,15-30,29.1
12352,DGR,30-60,36.8
12352,DGR,60-120,68.8
12352,DGR,120+,113.7
12352,FUT,0-5,8.5
12352,FUT,5-15,8.5
12352,FUT,15-30,9.1
12352,FUT,30-60,14.3
12352,FUT,60-120,34.4
12352,FUT,120+,65.4
12352,HTZ,0-5,20.8
12352,HTZ,5-15,20.8
12352,HTZ,15-30,21.7
12352,HTZ,30-60,28.9
12352,HTZ,60-120,55.7
12352,HTZ,120+,99.3
12352,HWH,0-5,7.9
12352,HWH,5-15,7.9
12352,HWH,15-30,8.5
12352,HWH,30-60,12.7
12352,HWH,60-120,26.8
12352,HWH,120+,51.3
12352,JAJ,0-5,6.0
12352,JAJ,5-15,6.0
12352,JAJ,15-30,6.6
12352,JAJ,30-60,10.4
12352,JAJ,60-120,28.4
12352,JAJ,120+,55.0
12352,JMU,0-5,21.7
12352,JMU,5-15,21.7
12352,JMU,15-30,22.5
12352,JMU,30-60,29.6
12352,JMU,60-120,55.3
12352,JMU,120+,95.7
12352,JSME,0-5,15.1
12352,JSME,5-15,15.1
12352,JSME,15-30,15.7
12352,JSME,30-60,21.9
12352,JSME,60-120,40.7
12352,JSME,120+,78.4
12352,KIUL,0-5,22.6
12352,KIUL,5-15,22.6
12352,KIUL,15-30,23.4
12352,KIUL,30-60,30.6
12352,KIUL,60-120,56.7
12352,KIUL,120+,98.0
12352,KOO,0-5,9.9
12352,KOO,5-15,10.0
12352,KOO,15-30,10.5
12352,KOO,30-60,15.8
12352,KOO,60-120,36.5
12352,KOO,120+,67.9
12352,LKR,0-5,22.4
12352,LKR,5-15,22.4
12352,LKR,15-30,23.3
12352,LKR,30-60,30.6
12352,LKR,60-120,57.8
12352,LKR,120+,101.2
12352,MDP,0-5,21.0
12352,MDP,5-15,21.1
12352,MDP,15-30,21.9
12352,MDP,30-60,28.9
12352,MDP,60-120,54.1
12352,MDP,120+,95.2
12352,MKA,0-5,21.2
12352,MKA,5-15,21.2
12352,MKA,15-30,21.9
12352,MKA,30-60,28.5
12352,MKA,60-120,51.2
12352,MKA,120+,89.6
12352,MNP,0-5,21.2
12352,MNP,5-15,21.2
12352,MNP,15-30,22.1
12352,MNP,30-60,29.3
12352,MNP,60-120,55.9
12352,MNP,120+,98.8
12352,PNC,0-5,3.9
12352,PNC,5-15,4.0
12352,PNC,15-30,4.3
12352,PNC,30-60,7.7
12352,PNC,60-120,19.9
12352,PNC,120+,41.3
12352,RJPB,0-5,2.9
12352,RJPB,5-15,2.9
12352,RJPB,15-30,3.2
12352,RJPB,30-60,6.4
12352,RJPB,60-120,19.8
12352,RJPB,120+,41.0
12352,RNG,0-5,21.0
12352,RNG,5-15,21.0
12352,RNG,15-30,21.9
12352,RNG,30-60,29.1
12352,RNG,60-120,55.5
12352,RNG,120+,98.4
12377,BHP,0-5,28.4
12377,BHP,5-15,28.5
12377,BHP,15-30,28.9
12377,BHP,30-60,32.6
12377,BHP,60-120,60.0
12377,BHP,120+,96.0
12377,BWN,0-5,20.3
12377,BWN,5-15,20.3
12377,BWN,15-30,20.7
12377,BWN,30-60,27.8
12377,BWN,60-120,55.7
12377,BWN,120+,97.7
12377,DLK,0-5,29.2
12377,DLK,5-15,29.2
12377,DLK,15-30,29.9
12377,DLK,30-60,37.0
12377,DLK,60-120,72.2
12377,DLK,120+,121.8
12377,JPE,0-5,25.3
12377,JPE,5-15,25.4
12377,JPE,15-30,25.9
12377,JPE,30-60,33.1
12377,JPE,60-120,67.9
12377,JPE,120+,114.5
12377,KNE,0-5,32.3
12377,KNE,5-15,32.3
12377,KNE,15-30,32.9
12377,KNE,30-60,40.8
12377,KNE,60-120,77.7
12377,KNE,120+,129.9
12377,MHBA,0-5,33.6
12377,MHBA,5-15,33.6
12377,MHBA,15-30,34.2
12377,MHBA,30-60,42.0
12377,MHBA,60-120,79.1
12377,MHBA,120+,132.4
12377,MLDT,0-5,11.3
12377,MLDT,5-15,11.3
12377,MLDT,15-30,11.7
12377,MLDT,30-60,17.3
12377,MLDT,60-120,38.9
12377,MLDT,120+,74.0
12377,NCB,0-5,37.3
12377,NCB,5-15,37.3
12377,NCB,15-30,37.9
12377,NCB,30-60,45.6
12377,NCB,60-120,83.4
12377,NCB,120+,139.4
12377,NCBD,0-5,28.6
12377,NCBD,5-15,28.6
12377,NCBD,15-30,29.3
12377,NCBD,30-60,36.4
12377,NCBD,60-120,72.9
12377,NCBD,120+,121.0
12377,NJP,0-5,21.1
12377,NJP,5-15,21.1
12377,NJP,15-30,21.7
12377,NJP,30-60,28.4
12377,NJP,60-120,59.8
12377,NJP,120+,102.1
12377,NOQ,0-5,14.7
12377,NOQ,5-15,14.7
12377,NOQ,15-30,15.2
12377,NOQ,30-60,21.3
12377,NOQ,60-120,45.3
12377,NOQ,120+,84.7
12377,RPH,0-5,29.8
12377,RPH,5-15,29.8
12377,RPH,15-30,30.5
12377,RPH,30-60,37.2
12377,RPH,60-120,73.7
12377,RPH,120+,122.0
12377,SDAH,0-5,1.8
12377,SDAH,5-15,1.8
12377,SDAH,15-30,2.0
12377,SDAH,30-60,5.2
12377,SDAH,60-120,17.7
12377,SDAH,120+,38.8
12377,SM,0-5,14.6
12377,SM,5-15,14.6
12377,SM,15-30,15.1
12377,SM,30-60,21.1
12377,SM,60-120,44.7
12377,SM,120+,84.0
12378,BHP,0-5,37.4
12378,BHP,5-15,37.4
12378,BHP,15-30,37.5
12378,BHP,30-60,42.6
12378,BHP,60-120,76.2
12378,BHP,120+,117.1
12378,BWN,0-5,36.3
12378,BWN,5-15,36.3
12378,BWN,15-30,36.5
12378,BWN,30-60,46.4
12378,BWN,60-120,83.6
12378,BWN,120+,135.7
12378,DLK,0-5,21.1
12378,DLK,5-15,21.1
12378,DLK,15-30,21.2
12378,DLK,30-60,29.6
12378,DLK,60-120,58.9
12378,DLK,120+,100.1
12378,JPE,0-5,12.8
12378,JPE,5-15,12.8
12378,JPE,15-30,13.1
12378,JPE,30-60,20.0
12378,JPE,60-120,42.6
12378,JPE,120+,81.5
12378,KNE,0-5,20.1
12378,KNE,5-15,20.1
12378,KNE,15-30,20.4
12378,KNE,30-60,28.1
12378,KNE,60-120,58.8
12378,KNE,120+,100.6
12378,MHBA,0-5,8.8
12378,MHBA,5-15,8.9
12378,MHBA,15-30,9.1
12378,MHBA,30-60,15.1
12378,MHBA,60-120,36.8
12378,MHBA,120+,67.2
12378,MLDT,0-5,11.4
12378,MLDT,5-15,11.4
12378,MLDT,15-30,11.7
12378,MLDT,30-60,18.2
12378,MLDT,60-120,40.5
12378,MLDT,120+,76.4
12378,NCB,0-5,7.6
12378,NCB,5-15,7.6
12378,NCB,15-30,7.9
12378,NCB,30-60,13.3
12378,NCB,60-120,34.5
12378,NCB,120+,62.7
12378,NCBD,0-5,20.4
12378,NCBD,5-15,20.4
12378,NCBD,15-30,20.7
12378,NCBD,30-60,27.9
12378,NCBD,60-120,56.9
12378,NCBD,120+,98.5
12378,NJP,0-5,13.5
12378,NJP,5-15,13.5
12378,NJP,15-30,13.9
12378,NJP,30-60,20.6
12378,NJP,60-120,44.1
12378,NJP,120+,83.7
12378,NOQ,0-5,4.1
12378,NOQ,5-15,4.1
12378,NOQ,15-30,4.4
12378,NOQ,30-60,8.3
12378,NOQ,60-120,25.8
12378,NOQ,120+,47.7
12378,RPH,0-5,23.1
12378,RPH,5-15,23.2
12378,RPH,15-30,23.4
12378,RPH,30-60,31.7
12378,RPH,60-120,64.0
12378,RPH,120+,106.3
12378,SDAH,0-5,14.0
12378,SDAH,5-15,14.0
12378,SDAH,15-30,14.4
12378,SDAH,30-60,21.1
12378,SDAH,60-120,44.6
12378,SDAH,120+,83.2
12378,SM,0-5,19.0
12378,SM,5-15,19.1
12378,SM,15-30,19.3
12378,SM,30-60,26.6
12378,SM,60-120,53.9
12378,SM,120+,95.1
12381,ALJN,0-5,46.0
12381,ALJN,5-15,46.0
12381,ALJN,15-30,45.9
12381,ALJN,30-60,49.6
12381,ALJN,60-120,79.6
12381,ALJN,120+,116.4
12381,ASN,0-5,16.7
12381,ASN,5-15,16.8
12381,ASN,15-30,16.9
12381,ASN,30-60,22.7
12381,ASN,60-120,43.4
12381,ASN,120+,60.1
12381,AUBR,0-5,12.9
12381,AUBR,5-15,13.0
12381,AUBR,15-30,13.2
12381,AUBR,30-60,18.4
12381,AUBR,60-120,38.7
12381,AUBR,120+,54.3
12381,BBU,0-5,26.0
12381,BBU,5-15,26.1
12381,BBU,15-30,26.5
12381,BBU,30-60,33.1
12381,BBU,60-120,66.8
12381,BBU,120+,101.0
12381,BSB,0-5,9.4
12381,BSB,5-15,9.5
12381,BSB,15-30,9.7
12381,BSB,30-60,14.6
12381,BSB,60-120,32.4
12381,BSB,120+,47.1
12381,BWN,0-5,16.8
12381,BWN,5-15,16.8
12381,BWN,15-30,17.2
12381,BWN,30-60,23.3
12381,BWN,60-120,48.4
12381,BWN,120+,70.5
12381,CNB,0-5,19.3
12381,CNB,5-15,19.3
12381,CNB,15-30,19.7
12381,CNB,30-60,26.0
12381,CNB,60-120,52.9
12381,CNB,120+,80.6
12381,DDU,0-5,11.2
12381,DDU,5-15,11.2
12381,DDU,15-30,11.4
12381,DDU,30-60,16.6
12381,DDU,60-120,34.0
12381,DDU,120+,50.8
12381,DGR,0-5,12.4
12381,DGR,5-15,12.4
12381,DGR,15-30,12.6
12381,DGR,30-60,17.7
12381,DGR,60-120,33.3
12381,DGR,120+,50.9
12381,DHN,0-5,4.7
12381,DHN,5-15,4.8
12381,DHN,15-30,5.0
12381,DHN,30-60,7.8
12381,DHN,60-120,23.2
12381,DHN,120+,30.2
12381,DOS,0-5,17.0
12381,DOS,5-15,17.0
12381,DOS,15-30,17.4
12381,DOS,30-60,23.1
12381,DOS,60-120,47.9
12381,DOS,120+,68.7
12381,ETW,0-5,35.5
12381,ETW,5-15,35.5
12381,ETW,15-30,36.1
12381,ETW,30-60,43.3
12381,ETW,60-120,77.0
12381,ETW,120+,127.1
12381,GAYA,0-5,8.4
12381,GAYA,5-15,8.5
12381,GAYA,15-30,8.7
12381,GAYA,30-60,12.5
12381,GAYA,60-120,29.5
12381,GAYA,120+,40.7
12381,HWH,0-5,2.1
12381,HWH,5-15,2.1
12381,HWH,15-30,2.1
12381,HWH,30-60,3.6
12381,HWH,60-120,12.4
12381,HWH,120+,15.8
12381,JNH,0-5,10.6
12381,JNH,5-15,10.7
12381,JNH,15-30,10.9
12381,JNH,30-60,15.6
12381,JNH,60-120,33.5
12381,JNH,120+,48.0
12381,KQR,0-5,12.6
12381,KQR,5-15,12.6
12381,KQR,15-30,12.9
12381,KQR,30-60,18.0
12381,KQR,60-120,34.6
12381,KQR,120+,52.4
12381,NDLS,0-5,31.7
12381,NDLS,5-15,31.7
12381,NDLS,15-30,32.3
12381,NDLS,30-60,39.9
12381,NDLS,60-120,74.5
12381,NDLS,120+,122.5
12381,PNME,0-5,6.8
12381,PNME,5-15,6.9
12381,PNME,15-30,7.1
12381,PNME,30-60,10.6
12381,PNME,60-120,26.4
12381,PNME,120+,36.2
12381,PRYJ,0-5,12.9
12381,PRYJ,5-15,12.9
12381,PRYJ,15-30,13.2
12381,PRYJ,30-60,18.3
12381,PRYJ,60-120,36.7
12381,PRYJ,120+,54.4
12381,RFJ,0-5,11.1
12381,RFJ,5-15,11.1
12381,RFJ,15-30,11.4
12381,RFJ,30-60,16.3
12381,RFJ,60-120,33.5
12381,RFJ,120+,49.7
12381,SSM,0-5,17.6
12381,SSM,5-15,17.6
12381,SSM,15-30,18.1
12381,SSM,30-60,23.9
12381,SSM,60-120,48.8
12381,SSM,120+,72.2
12381,TDL,0-5,32.9
12381,TDL,5-15,32.9
12381,TDL,15-30,33.5
12381,TDL,30-60,40.9
12381,TDL,60-120,74.6
12381,TDL,120+,122.1
12382,ALJN,0-5,22.5
12382,ALJN,5-15,22.5
12382,ALJN,15-30,22.6
12382,ALJN,30-60,25.0
12382,ALJN,60-120,42.2
12382,ALJN,120+,55.9
12382,ASN,0-5,29.7
12382,ASN,5-15,29.7
12382,ASN,15-30,29.3
12382,ASN,30-60,35.9
12382,ASN,60-120,68.7
12382,ASN,120+,102.0
12382,AUBR,0-5,25.6
12382,AUBR,5-15,25.7
12382,AUBR,15-30,26.0
12382,AUBR,30-60,32.8
12382,AUBR,60-120,66.0
12382,AUBR,120+,102.4
12382,BBU,0-5,20.1
12382,BBU,5-15,20.2
12382,BBU,15-30,20.2
12382,BBU,30-60,26.6
12382,BBU,60-120,55.3
12382,BBU,120+,86.5
12382,BSB,0-5,24.1
12382,BSB,5-15,24.1
12382,BSB,15-30,24.2
12382,BSB,30-60,30.6
12382,BSB,60-120,62.5
12382,BSB,120+,96.5
12382,BWN,0-5,26.4
12382,BWN,5-15,26.4
12382,BWN,15-30,26.7
12382,BWN,30-60,33.6
12382,BWN,60-120,66.2
12382,BWN,120+,105.3
12382,CNB,0-5,26.2
12382,CNB,5-15,26.3
12382,CNB,15-30,26.6
12382,CNB,30-60,33.2
12382,CNB,60-120,65.4
12382,CNB,120+,103.0
12382,DDU,0-5,13.5
12382,DDU,5-15,13.5
12382,DDU,15-30,13.5
12382,DDU,30-60,19.1
12382,DDU,60-120,40.7
12382,DDU,120+,64.5
12382,DGR,0-5,34.1
12382,DGR,5-15,34.2
12382,DGR,15-30,34.5
12382,DGR,30-60,41.6
12382,DGR,60-120,75.8
12382,DGR,120+,124.5
12382,DHN,0-5,26.1
12382,DHN,5-15,26.1
12382,DHN,15-30,26.4
12382,DHN,30-60,32.7
12382,DHN,60-120,65.3
12382,DHN,120+,101.8
12382,DOS,0-5,24.9
12382,DOS,5-15,24.9
12382,DOS,15-30,25.2
12382,DOS,30-60,30.9
12382,DOS,60-120,61.5
12382,DOS,120+,94.9
12382,ETW,0-5,25.9
12382,ETW,5-15,26.0
12382,ETW,15-30,26.2
12382,ETW,30-60,32.4
12382,ETW,60-120,63.5
12382,ETW,120+,97.5
12382,GAYA,0-5,29.2
12382,GAYA,5-15,29.3
12382,GAYA,15-30,29.6
12382,GAYA,30-60,36.4
12382,GAYA,60-120,68.6
12382,GAYA,120+,112.7
12382,HWH,0-5,21.0
12382,HWH,5-15,21.0
12382,HWH,15-30,21.1
12382,HWH,30-60,26.3
12382,HWH,60-120,51.9
12382,HWH,120+,77.7
12382,JNH,0-5,26.0
12382,JNH,5-15,26.0
12382,JNH,15-30,26.3
12382,JNH,30-60,32.6
12382,JNH,60-120,64.2
12382,JNH,120+,99.3
12382,KQR,0-5,26.1
12382,KQR,5-15,26.1
12382,KQR,15-30,26.4
12382,KQR,30-60,32.6
12382,KQR,60-120,63.5
12382,KQR,120+,99.4
12382,NDLS,0-5,1.2
12382,NDLS,5-15,1.2
12382,NDLS,15-30,1.1
12382,NDLS,30-60,2.9
12382,NDLS,60-120,13.7
12382,NDLS,120+,20.1
12382,PNME,0-5,30.7
12382,PNME,5-15,30.7
12382,PNME,15-30,30.8
12382,PNME,30-60,38.0
12382,PNME,60-120,70.4
12382,PNME,120+,117.3
12382,PRYJ,0-5,24.7
12382,PRYJ,5-15,24.8
12382,PRYJ,15-30,25.1
12382,PRYJ,30-60,30.9
12382,PRYJ,60-120,61.2
12382,PRYJ,120+,94.9
12382,RFJ,0-5,27.4
12382,RFJ,5-15,27.4
12382,RFJ,15-30,27.5
12382,RFJ,30-60,34.3
12382,RFJ,60-120,66.3
12382,RFJ,120+,105.7
12382,SSM,0-5,24.5
12382,SSM,5-15,24.6
12382,SSM,15-30,24.8
12382,SSM,30-60,30.4
12382,SSM,60-120,60.1
12382,SSM,120+,93.1
12382,TDL,0-5,13.5
12382,TDL,5-15,13.5
12382,TDL,15-30,13.5
12382,TDL,30-60,18.8
12382,TDL,60-120,39.5
12382,TDL,120+,61.6
12393,ARA,0-5,18.1
12393,ARA,5-15,18.1
12393,ARA,15-30,19.7
12393,ARA,30-60,27.1
12393,ARA,60-120,53.9
12393,ARA,120+,83.1
12393,CNB,0-5,27.5
12393,CNB,5-15,27.5
12393,CNB,15-30,28.7
12393,CNB,30-60,42.8
12393,CNB,60-120,82.3
12393,CNB,120+,134.2
12393,DDU,0-5,9.4
12393,DDU,5-15,9.4
12393,DDU,15-30,10.3
12393,DDU,30-60,20.9
12393,DDU,60-120,45.1
12393,DDU,120+,84.4
12393,DNR,0-5,7.3
12393,DNR,5-15,7.3
12393,DNR,15-30,8.2
12393,DNR,30-60,16.6
12393,DNR,60-120,37.2
12393,DNR,120+,73.0
12393,MZP,0-5,14.6
12393,MZP,5-15,14.6
12393,MZP,15-30,15.7
12393,MZP,30-60,26.4
12393,MZP,60-120,57.5
12393,MZP,120+,103.1
12393,NDLS,0-5,46.6
12393,NDLS,5-15,46.6
12393,NDLS,15-30,48.4
12393,NDLS,30-60,65.4
12393,NDLS,60-120,113.2
12393,NDLS,120+,168.5
12393,PNBE,0-5,3.6
12393,PNBE,5-15,3.6
12393,PNBE,15-30,4.4
12393,PNBE,30-60,8.3
12393,PNBE,60-120,25.9
12393,PNBE,120+,48.6
12393,RJPB,0-5,2.8
12393,RJPB,5-15,2.9
12393,RJPB,15-30,3.8
12393,RJPB,30-60,7.0
12393,RJPB,60-120,25.0
12393,RJPB,120+,46.9
12394,ARA,0-5,17.0
12394,ARA,5-15,17.0
12394,ARA,15-30,17.8
12394,ARA,30-60,23.0
12394,ARA,60-120,43.7
12394,ARA,120+,75.1
12394,CNB,0-5,23.6
12394,CNB,5-15,23.6
12394,CNB,15-30,24.6
12394,CNB,30-60,34.2
12394,CNB,60-120,63.7
12394,CNB,120+,110.1
12394,DDU,0-5,6.2
12394,DDU,5-15,6.2
12394,DDU,15-30,6.3
12394,DDU,30-60,12.1
12394,DDU,60-120,30.1
12394,DDU,120+,61.1
12394,DNR,0-5,24.8
12394,DNR,5-15,24.8
12394,DNR,15-30,25.3
12394,DNR,30-60,35.3
12394,DNR,60-120,65.8
12394,DNR,120+,113.0
12394,MZP,0-5,25.9
12394,MZP,5-15,25.9
12394,MZP,15-30,26.4
12394,MZP,30-60,38.8
12394,MZP,60-120,72.5
12394,MZP,120+,122.7
12394,NDLS,0-5,3.0
12394,NDLS,5-15,3.0
12394,NDLS,15-30,3.0
12394,NDLS,30-60,7.7
12394,NDLS,60-120,19.7
12394,NDLS,120+,43.0
12394,PNBE,0-5,19.5
12394,PNBE,5-15,19.5
12394,PNBE,15-30,19.8
12394,PNBE,30-60,29.5
12394,PNBE,60-120,54.8
12394,PNBE,120+,98.5
12394,RJPB,0-5,7.2
12394,RJPB,5-15,7.2
12394,RJPB,15-30,7.3
12394,RJPB,30-60,13.9
12394,RJPB,60-120,33.8
12394,RJPB,120+,63.9
12397,ALJN,0-5,51.6
12397,ALJN,5-15,51.7
12397,ALJN,15-30,52.6
12397,ALJN,30-60,54.9
12397,ALJN,60-120,85.6
12397,ALJN,120+,120.5
12397,AUBR,0-5,13.2
12397,AUBR,5-15,13.2
12397,AUBR,15-30,13.6
12397,AUBR,30-60,18.9
12397,AUBR,60-120,37.4
12397,AUBR,120+,56.4
12397,BBU,0-5,31.9
12397,BBU,5-15,31.9
12397,BBU,15-30,32.8
12397,BBU,30-60,38.9
12397,BBU,60-120,72.9
12397,BBU,120+,99.5
12397,BDL,0-5,23.9
12397,BDL,5-15,23.9
12397,BDL,15-30,24.4
12397,BDL,30-60,30.4
12397,BDL,60-120,54.4
12397,BDL,120+,73.6
12397,BRE,0-5,32.4
12397,BRE,5-15,32.5
12397,BRE,15-30,33.4
12397,BRE,30-60,39.9
12397,BRE,60-120,75.8
12397,BRE,120+,102.7
12397,CDMR,0-5,32.7
12397,CDMR,5-15,32.8
12397,CDMR,15-30,33.7
12397,CDMR,30-60,40.1
12397,CDMR,60-120,75.5
12397,CDMR,120+,102.2
12397,CNB,0-5,33.9
12397,CNB,5-15,33.9
12397,CNB,15-30,34.8
12397,CNB,30-60,41.1
12397,CNB,60-120,76.0
12397,CNB,120+,103.5
12397,DDU,0-5,21.0
12397,DDU,5-15,21.1
12397,DDU,15-30,21.5
12397,DDU,30-60,26.6
12397,DDU,60-120,47.2
12397,DDU,120+,63.4
12397,DOS,0-5,26.2
12397,DOS,5-15,26.2
12397,DOS,15-30,26.7
12397,DOS,30-60,32.1
12397,DOS,60-120,58.7
12397,DOS,120+,77.4
12397,GAYA,0-5,1.8
12397,GAYA,5-15,1.8
12397,GAYA,15-30,1.9
12397,GAYA,30-60,4.0
12397,GAYA,60-120,16.8
12397,GAYA,120+,25.0
12397,GRRU,0-5,17.7
12397,GRRU,5-15,17.8
12397,GRRU,15-30,18.2
12397,GRRU,30-60,21.9
12397,GRRU,60-120,40.5
12397,GRRU,120+,49.9
12397,KTQ,0-5,27.8
12397,KTQ,5-15,27.9
12397,KTQ,15-30,28.4
12397,KTQ,30-60,33.9
12397,KTQ,60-120,65.8
12397,KTQ,120+,87.8
12397,NDLS,0-5,33.2
12397,NDLS,5-15,33.3
12397,NDLS,15-30,34.2
12397,NDLS,30-60,40.2
12397,NDLS,60-120,75.8
12397,NDLS,120+,103.4
12397,PRYJ,0-5,27.6
12397,PRYJ,5-15,27.7
12397,PRYJ,15-30,28.3
12397,PRYJ,30-60,33.7
12397,PRYJ,60-120,65.1
12397,PRYJ,120+,86.7
12397,RFJ,0-5,19.3
12397,RFJ,5-15,19.3
12397,RFJ,15-30,19.8
12397,RFJ,30-60,24.1
12397,RFJ,60-120,42.5
12397,RFJ,120+,53.8
12397,SSM,0-5,24.5
12397,SSM,5-15,24.5
12397,SSM,15-30,25.1
12397,SSM,30-60,30.6
12397,SSM,60-120,59.7
12397,SSM,120+,78.4
12398,ALJN,0-5,27.9
12398,ALJN,5-15,27.9
12398,ALJN,15-30,27.8
12398,ALJN,30-60,29.7
12398,ALJN,60-120,56.0
12398,ALJN,120+,81.4
12398,AUBR,0-5,31.7
12398,AUBR,5-15,31.7
12398,AUBR,15-30,31.9
12398,AUBR,30-60,38.6
12398,AUBR,60-120,74.8
12398,AUBR,120+,126.7
12398,BBU,0-5,24.0
12398,BBU,5-15,24.0
12398,BBU,15-30,24.2
12398,BBU,30-60,30.4
12398,BBU,60-120,63.8
12398,BBU,120+,110.7
12398,BDL,0-5,25.1
12398,BDL,5-15,25.1
12398,BDL,15-30,25.3
12398,BDL,30-60,31.9
12398,BDL,60-120,65.4
12398,BDL,120+,115.3
12398,BRE,0-5,36.7
12398,BRE,5-15,36.7
12398,BRE,15-30,36.8
12398,BRE,30-60,43.8
12398,BRE,60-120,79.9
12398,BRE,120+,131.9
12398,CDMR,0-5,20.5
12398,CDMR,5-15,20.5
12398,CDMR,15-30,20.7
12398,CDMR,30-60,26.5
12398,CDMR,60-120,58.5
12398,CDMR,120+,96.1
12398,CNB,0-5,25.9
12398,CNB,5-15,25.9
12398,CNB,15-30,26.1
12398,CNB,30-60,32.3
12398,CNB,60-120,64.8
12398,CNB,120+,113.0
12398,DDU,0-5,13.9
12398,DDU,5-15,13.9
12398,DDU,15-30,13.9
12398,DDU,30-60,19.0
12398,DDU,60-120,46.4
12398,DDU,120+,79.1
12398,DOS,0-5,28.7
12398,DOS,5-15,28.7
12398,DOS,15-30,28.9
12398,DOS,30-60,34.9
12398,DOS,60-120,68.6
12398,DOS,120+,119.4
12398,GAYA,0-5,19.2
12398,GAYA,5-15,19.2
12398,GAYA,15-30,19.5
12398,GAYA,30-60,24.5
12398,GAYA,60-120,55.9
12398,GAYA,120+,92.0
12398,GRRU,0-5,35.8
12398,GRRU,5-15,35.9
12398,GRRU,15-30,36.1
12398,GRRU,30-60,42.7
12398,GRRU,60-120,78.3
12398,GRRU,120+,129.4
12398,KTQ,0-5,25.1
12398,KTQ,5-15,25.2
12398,KTQ,15-30,25.4
12398,KTQ,30-60,31.4
12398,KTQ,60-120,62.8
12398,KTQ,120+,109.2
12398,NDLS,0-5,0.7
12398,NDLS,5-15,0.8
12398,NDLS,15-30,0.4
12398,NDLS,30-60,2.7
12398,NDLS,60-120,15.7
12398,NDLS,120+,28.4
12398,PRYJ,0-5,28.3
12398,PRYJ,5-15,28.3
12398,PRYJ,15-30,28.5
12398,PRYJ,30-60,34.4
12398,PRYJ,60-120,67.7
12398,PRYJ,120+,117.5
12398,RFJ,0-5,33.8
12398,RFJ,5-15,33.8
12398,RFJ,15-30,34.0
12398,RFJ,30-60,40.6
12398,RFJ,60-120,75.9
12398,RFJ,120+,127.1
12398,SSM,0-5,26.5
12398,SSM,5-15,26.5
12398,SSM,15-30,26.7
12398,SSM,30-60,32.6
12398,SSM,60-120,64.9
12398,SSM,120+,113.6
12401,BTE,0-5,30.2
12401,BTE,5-15,30.2
12401,BTE,15-30,28.4
12401,BTE,30-60,34.8
12401,BTE,60-120,57.4
12401,BTE,120+,94.1
12401,BXN,0-5,11.8
12401,BXN,5-15,11.8
12401,BXN,15-30,12.7
12401,BXN,30-60,20.7
12401,BXN,60-120,43.6
12401,BXN,120+,82.3
12401,DDN,0-5,20.7
12401,DDN,5-15,20.7
12401,DDN,15-30,21.6
12401,DDN,30-60,31.3
12401,DDN,60-120,62.6
12401,DDN,120+,110.6
12401,GGC,0-5,6.3
12401,GGC,5-15,6.4
12401,GGC,15-30,7.3
12401,GGC,30-60,14.2
12401,GGC,60-120,34.6
12401,GGC,120+,66.4
12401,GZB,0-5,15.2
12401,GZB,5-15,15.2
12401,GZB,15-30,16.1
12401,GZB,30-60,25.3
12401,GZB,60-120,50.8
12401,GZB,120+,96.1
12401,HAN,0-5,8.6
12401,HAN,5-15,8.6
12401,HAN,15-30,9.6
12401,HAN,30-60,16.9
12401,HAN,60-120,40.0
12401,HAN,120+,73.5
12401,HW,0-5,9.9
12401,HW,5-15,9.9
12401,HW,15-30,10.9
12401,HW,30-60,18.1
12401,HW,60-120,41.3
12401,HW,120+,75.0
12401,KOTA,0-5,4.9
12401,KOTA,5-15,4.9
12401,KOTA,15-30,5.9
12401,KOTA,30-60,11.1
12401,KOTA,60-120,30.8
12401,KOTA,120+,58.3
12401,MOZ,0-5,22.3
12401,MOZ,5-15,22.3
12401,MOZ,15-30,23.3
12401,MOZ,30-60,32.4
12401,MOZ,60-120,64.1
12401,MOZ,120+,109.6
12401,MTC,0-5,21.3
12401,MTC,5-15,21.4
12401,MTC,15-30,22.3
12401,MTC,30-60,31.4
12401,MTC,60-120,62.6
12401,MTC,120+,107.5
12401,MTJ,0-5,21.1
12401,MTJ,5-15,21.1
12401,MTJ,15-30,19.5
12401,MTJ,30-60,26.3
12401,MTJ,60-120,45.5
12401,MTJ,120+,76.3
12401,NZM,0-5,6.2
12401,NZM,5-15,6.2
12401,NZM,15-30,7.2
12401,NZM,30-60,12.7
12401,NZM,60-120,32.9
12401,NZM,120+,61.8
12401,RK,0-5,10.5
12401,RK,5-15,10.5
12401,RK,15-30,11.5
12401,RK,30-60,18.3
12401,RK,60-120,41.1
12401,RK,120+,74.7
12401,SWM,0-5,6.6
12401,SWM,5-15,6.6
12401,SWM,15-30,7.6
12401,SWM,30-60,13.5
12401,SWM,60-120,33.6
12401,SWM,120+,62.5
12402,BTE,0-5,48.5
12402,BTE,5-15,48.5
12402,BTE,15-30,49.1
12402,BTE,30-60,51.1
12402,BTE,60-120,85.3
12402,BTE,120+,133.5
12402,BXN,0-5,43.2
12402,BXN,5-15,43.3
12402,BXN,15-30,44.1
12402,BXN,30-60,53.1
12402,BXN,60-120,92.6
12402,BXN,120+,155.7
12402,DDN,0-5,3.5
12402,DDN,5-15,3.5
12402,DDN,15-30,3.4
12402,DDN,30-60,7.7
12402,DDN,60-120,25.8
12402,DDN,120+,62.2
12402,GGC,0-5,45.7
12402,GGC,5-15,45.7
12402,GGC,15-30,46.6
12402,GGC,30-60,56.0
12402,GGC,60-120,96.9
12402,GGC,120+,160.4
12402,GZB,0-5,13.1
12402,GZB,5-15,13.1
12402,GZB,15-30,13.2
12402,GZB,30-60,19.8
12402,GZB,60-120,47.2
12402,GZB,120+,97.3
12402,HAN,0-5,42.8
12402,HAN,5-15,42.9
12402,HAN,15-30,43.7
12402,HAN,30-60,52.8
12402,HAN,60-120,93.1
12402,HAN,120+,156.1
12402,HW,0-5,12.4
12402,HW,5-15,12.4
12402,HW,15-30,12.5
12402,HW,30-60,18.8
12402,HW,60-120,43.3
12402,HW,120+,91.8
12402,KOTA,0-5,28.6
12402,KOTA,5-15,28.6
12402,KOTA,15-30,29.5
12402,KOTA,30-60,37.3
12402,KOTA,60-120,72.9
12402,KOTA,120+,132.1
12402,MOZ,0-5,2.9
12402,MOZ,5-15,3.0
12402,MOZ,15-30,2.8
12402,MOZ,30-60,5.8
12402,MOZ,60-120,21.7
12402,MOZ,120+,53.7
12402,MTC,0-5,5.7
12402,MTC,5-15,5.7
12402,MTC,15-30,5.6
12402,MTC,30-60,9.8
12402,MTC,60-120,27.4
12402,MTC,120+,63.5
12402,MTJ,0-5,36.4
12402,MTJ,5-15,36.5
12402,MTJ,15-30,37.3
12402,MTJ,30-60,45.6
12402,MTJ,60-120,82.2
12402,MTJ,120+,143.6
12402,NZM,0-5,22.9
12402,NZM,5-15,23.0
12402,NZM,15-30,23.4
12402,NZM,30-60,29.6
12402,NZM,60-120,63.1
12402,NZM,120+,116.3
12402,RK,0-5,14.7
12402,RK,5-15,14.8
12402,RK,15-30,14.8
12402,RK,30-60,20.9
12402,RK,60-120,47.4
12402,RK,120+,95.7
12402,SWM,0-5,48.1
12402,SWM,5-15,48.1
12402,SWM,15-30,49.0
12402,SWM,30-60,58.1
12402,SWM,60-120,97.8
12402,SWM,120+,160.6
12419,ALJN,0-5,48.3
12419,ALJN,5-15,48.4
12419,ALJN,15-30,48.6
12419,ALJN,30-60,51.2
12419,ALJN,60-120,78.2
12419,ALJN,120+,104.2
12419,BNT,0-5,28.5
12419,BNT,5-15,28.5
12419,BNT,15-30,28.7
12419,BNT,30-60,34.0
12419,BNT,60-120,65.6
12419,BNT,120+,95.3
12419,CNB,0-5,14.3
12419,CNB,5-15,14.3
12419,CNB,15-30,14.2
12419,CNB,30-60,19.7
12419,CNB,60-120,41.1
12419,CNB,120+,64.0
12419,ETW,0-5,29.7
12419,ETW,5-15,29.8
12419,ETW,15-30,30.0
12419,ETW,30-60,36.6
12419,ETW,60-120,68.5
12419,ETW,120+,105.3
12419,FZD,0-5,32.6
12419,FZD,5-15,32.6
12419,FZD,15-30,32.9
12419,FZD,30-60,39.6
12419,FZD,60-120,72.6
12419,FZD,120+,116.4
12419,GZB,0-5,31.0
12419,GZB,5-15,31.1
12419,GZB,15-30,31.8
12419,GZB,30-60,39.1
12419,GZB,60-120,73.3
12419,GZB,120+,117.8
12419,HRS,0-5,31.1
12419,HRS,5-15,31.1
12419,HRS,15-30,31.3
12419,HRS,30-60,37.8
12419,HRS,60-120,70.0
12419,HRS,120+,107.9
12419,JJK,0-5,17.6
12419,JJK,5-15,17.6
12419,JJK,15-30,17.6
12419,JJK,30-60,23.2
12419,JJK,60-120,48.2
12419,JJK,120+,74.4
12419,KRJ,0-5,37.8
12419,KRJ,5-15,37.8
12419,KRJ,15-30,38.1
12419,KRJ,30-60,44.4
12419,KRJ,60-120,77.6
12419,KRJ,120+,125.5
12419,LKO,0-5,12.2
12419,LKO,5-15,12.2
12419,LKO,15-30,12.3
12419,LKO,30-60,16.8
12419,LKO,60-120,34.2
12419,LKO,120+,57.5
12419,NDLS,0-5,41.3
12419,NDLS,5-15,41.3
12419,NDLS,15-30,41.6
12419,NDLS,30-60,48.2
12419,NDLS,60-120,83.7
12419,NDLS,120+,132.9
12419,ON,0-5,17.7
12419,ON,5-15,17.7
12419,ON,15-30,17.8
12419,ON,30-60,23.1
12419,ON,60-120,47.2
12419,ON,120+,72.7
12419,PHD,0-5,20.5
12419,PHD,5-15,20.5
12419,PHD,15-30,21.0
12419,PHD,30-60,26.5
12419,PHD,60-120,53.4
12419,PHD,120+,80.8
12419,PNKD,0-5,15.3
12419,PNKD,5-15,15.4
12419,PNKD,15-30,15.4
12419,PNKD,30-60,20.5
12419,PNKD,60-120,42.3
12419,PNKD,120+,64.9
12419,RURA,0-5,16.9
12419,RURA,5-15,16.9
12419,RURA,15-30,17.0
12419,RURA,30-60,22.3
12419,RURA,60-120,46.1
12419,RURA,120+,69.4
12419,SKB,0-5,33.1
12419,SKB,5-15,33.1
12419,SKB,15-30,33.3
12419,SKB,30-60,39.5
12419,SKB,60-120,70.2
12419,SKB,120+,113.3
12419,TDL,0-5,27.6
12419,TDL,5-15,27.7
12419,TDL,15-30,27.9
12419,TDL,30-60,33.7
12419,TDL,60-120,65.0
12419,TDL,120+,97.7
12420,ALJN,0-5,42.1
12420,ALJN,5-15,42.1
12420,ALJN,15-30,42.4
12420,ALJN,30-60,43.1
12420,ALJN,60-120,73.7
12420,ALJN,120+,98.4
12420,BNT,0-5,42.1
12420,BNT,5-15,42.2
12420,BNT,15-30,42.5
12420,BNT,30-60,48.6
12420,BNT,60-120,83.4
12420,BNT,120+,132.3
12420,CNB,0-5,36.3
12420,CNB,5-15,36.4
12420,CNB,15-30,36.7
12420,CNB,30-60,42.7
12420,CNB,60-120,78.1
12420,CNB,120+,127.5
12420,ETW,0-5,41.8
12420,ETW,5-15,41.8
12420,ETW,15-30,42.1
12420,ETW,30-60,48.4
12420,ETW,60-120,83.9
12420,ETW,120+,133.0
12420,FZD,0-5,33.5
12420,FZD,5-15,33.5
12420,FZD,15-30,33.8
12420,FZD,30-60,39.2
12420,FZD,60-120,73.0
12420,FZD,120+,121.3
12420,GZB,0-5,12.7
12420,GZB,5-15,12.7
12420,GZB,15-30,12.8
12420,GZB,30-60,17.5
12420,GZB,60-120,43.1
12420,GZB,120+,71.7
12420,HRS,0-5,30.1
12420,HRS,5-15,30.1
12420,HRS,15-30,30.3
12420,HRS,30-60,35.5
12420,HRS,60-120,67.7
12420,HRS,120+,114.3
12420,JJK,0-5,49.9
12420,JJK,5-15,50.0
12420,JJK,15-30,50.3
12420,JJK,30-60,56.4
12420,JJK,60-120,90.5
12420,JJK,120+,138.5
12420,KRJ,0-5,22.5
12420,KRJ,5-15,22.5
12420,KRJ,15-30,22.6
12420,KRJ,30-60,26.8
12420,KRJ,60-120,57.6
12420,KRJ,120+,91.3
12420,LKO,0-5,56.2
12420,LKO,5-15,56.2
12420,LKO,15-30,56.5
12420,LKO,30-60,62.8
12420,LKO,60-120,99.5
12420,LKO,120+,151.1
12420,NDLS,0-5,6.7
12420,NDLS,5-15,6.7
12420,NDLS,15-30,6.5
12420,NDLS,30-60,10.1
12420,NDLS,60-120,29.2
12420,NDLS,120+,51.6
12420,ON,0-5,42.1
12420,ON,5-15,42.2
12420,ON,15-30,42.5
12420,ON,30-60,48.1
12420,ON,60-120,82.3
12420,ON,120+,129.9
12420,PHD,0-5,46.6
12420,PHD,5-15,46.6
12420,PHD,15-30,46.9
12420,PHD,30-60,52.4
12420,PHD,60-120,88.1
12420,PHD,120+,136.6
12420,PNKD,0-5,52.4
12420,PNKD,5-15,52.4
12420,PNKD,15-30,52.7
12420,PNKD,30-60,58.3
12420,PNKD,60-120,93.1
12420,PNKD,120+,140.6
12420,RURA,0-5,52.4
12420,RURA,5-15,52.4
12420,RURA,15-30,52.7
12420,RURA,30-60,58.3
12420,RURA,60-120,93.1
12420,RURA,120+,140.6
12420,SKB,0-5,32.6
12420,SKB,5-15,32.6
12420,SKB,15-30,32.8
12420,SKB,30-60,37.6
12420,SKB,60-120,69.7
12420,SKB,120+,115.8
12420,TDL,0-5,28.1
12420,TDL,5-15,28.1
12420,TDL,15-30,28.4
12420,TDL,30-60,33.0
12420,TDL,60-120,65.3
12420,TDL,120+,109.3
12423,BJU,0-5,130.0
12423,BJU,5-15,130.3
12423,BJU,15-30,129.8
12423,BJU,30-60,130.7
12423,BJU,60-120,172.7
12423,BJU,120+,209.0
12423,CNB,0-5,73.4
12423,CNB,5-15,72.6
12423,CNB,15-30,72.1
12423,CNB,30-60,77.5
12423,CNB,60-120,127.9
12423,CNB,120+,196.3
12423,CPK,0-5,41.9
12423,CPK,5-15,41.1
12423,CPK,15-30,40.6
12423,CPK,30-60,39.2
12423,CPK,60-120,64.3
12423,CPK,120+,103.3
12423,DBRG,0-5,7.9
12423,DBRG,5-15,7.0
12423,DBRG,15-30,6.7
12423,DBRG,30-60,1.4
12423,DBRG,60-120,9.4
12423,DBRG,120+,12.0
12423,DDU,0-5,71.1
12423,DDU,5-15,70.2
12423,DDU,15-30,69.8
12423,DDU,30-60,73.2
12423,DDU,60-120,114.7
12423,DDU,120+,181.4
12423,DMV,0-5,9.1
12423,DMV,5-15,8.3
12423,DMV,15-30,8.5
12423,DMV,30-60,4.3
12423,DMV,60-120,16.1
12423,DMV,120+,31.9
12423,DNR,0-5,74.1
12423,DNR,5-15,74.4
12423,DNR,15-30,74.1
12423,DNR,30-60,78.5
12423,DNR,60-120,120.6
12423,DNR,120+,189.0
12423,DPU,0-5,11.2
12423,DPU,5-15,11.2
12423,DPU,15-30,11.6
12423,DPU,30-60,18.7
12423,DPU,60-120,40.2
12423,DPU,120+,79.0
12423,FKG,0-5,3.3
12423,FKG,5-15,3.3
12423,FKG,15-30,3.2
12423,FKG,30-60,7.0
12423,FKG,60-120,20.3
12423,FKG,120+,48.4
12423,GHY,0-5,42.6
12423,GHY,5-15,41.7
12423,GHY,15-30,41.2
12423,GHY,30-60,40.5
12423,GHY,60-120,71.5
12423,GHY,120+,120.1
12423,KIR,0-5,80.9
12423,KIR,5-15,80.1
12423,KIR,15-30,79.7
12423,KIR,30-60,85.4
12423,KIR,60-120,126.3
12423,KIR,120+,185.9
12423,KNE,0-5,71.0
12423,KNE,5-15,70.2
12423,KNE,15-30,69.8
12423,KNE,30-60,74.4
12423,KNE,60-120,115.7
12423,KNE,120+,182.3
12423,KOJ,0-5,72.2
12423,KOJ,5-15,71.4
12423,KOJ,15-30,70.9
12423,KOJ,30-60,75.5
12423,KOJ,60-120,106.8
12423,KOJ,120+,164.9
12423,LMG,0-5,12.5
12423,LMG,5-15,11.7
12423,LMG,15-30,11.4
12423,LMG,30-60,9.1
12423,LMG,60-120,29.5
12423,LMG,120+,52.5
12423,MNE,0-5,78.4
12423,MNE,5-15,78.7
12423,MNE,15-30,78.4
12423,MNE,30-60,86.6
12423,MNE,60-120,127.9
12423,MNE,120+,185.3
12423,MXN,0-5,3.8
12423,MXN,5-15,3.0
12423,MXN,15-30,3.2
12423,MXN,30-60,1.3
12423,MXN,60-120,14.6
12423,MXN,120+,30.5
12423,NBQ,0-5,67.6
12423,NBQ,5-15,66.7
12423,NBQ,15-30,66.2
12423,NBQ,30-60,73.8
12423,NBQ,60-120,105.5
12423,NBQ,120+,163.5
12423,NCB,0-5,64.1
12423,NCB,5-15,63.3
12423,NCB,15-30,62.8
12423,NCB,30-60,69.4
12423,NCB,60-120,104.4
12423,NCB,120+,168.8
12423,NDLS,0-5,68.0
12423,NDLS,5-15,68.2
12423,NDLS,15-30,67.9
12423,NDLS,30-60,75.5
12423,NDLS,60-120,118.3
12423,NDLS,120+,186.5
12423,NJP,0-5,63.8
12423,NJP,5-15,63.0
12423,NJP,15-30,62.9
12423,NJP,30-60,69.2
12423,NJP,60-120,101.5
12423,NJP,120+,162.8
12423,NNA,0-5,79.4
12423,NNA,5-15,79.6
12423,NNA,15-30,79.0
12423,NNA,30-60,87.4
12423,NNA,60-120,129.0
12423,NNA,120+,188.1
12423,NTSK,0-5,4.8
12423,NTSK,5-15,4.0
12423,NTSK,15-30,3.6
12423,NTSK,30-60,0.9
12423,NTSK,60-120,12.4
12423,NTSK,120+,23.3
12423,PPTA,0-5,76.0
12423,PPTA,5-15,76.3
12423,PPTA,15-30,75.7
12423,PPTA,30-60,84.0
12423,PPTA,60-120,128.2
12423,PPTA,120+,186.3
12423,PRYJ,0-5,66.3
12423,PRYJ,5-15,65.5
12423,PRYJ,15-30,64.9
12423,PRYJ,30-60,72.7
12423,PRYJ,60-120,117.4
12423,PRYJ,120+,184.7
12423,RNY,0-5,31.3
12423,RNY,5-15,30.5
12423,RNY,15-30,29.8
12423,RNY,30-60,30.6
12423,RNY,60-120,62.7
12423,RNY,120+,101.3
12424,BJU,0-5,17.4
12424,BJU,5-15,17.4
12424,BJU,15-30,17.3
12424,BJU,30-60,20.2
12424,BJU,60-120,33.4
12424,BJU,120+,41.7
12424,CNB,0-5,9.2
12424,CNB,5-15,9.2
12424,CNB,15-30,9.1
12424,CNB,30-60,14.2
12424,CNB,60-120,30.5
12424,CNB,120+,48.7
12424,CPK,0-5,29.7
12424,CPK,5-15,29.7
12424,CPK,15-30,30.0
12424,CPK,30-60,38.0
12424,CPK,60-120,71.3
12424,CPK,120+,117.3
12424,DBRG,0-5,20.6
12424,DBRG,5-15,20.6
12424,DBRG,15-30,20.7
12424,DBRG,30-60,27.4
12424,DBRG,60-120,57.2
12424,DBRG,120+,89.1
12424,DDU,0-5,8.0
12424,DDU,5-15,8.1
12424,DDU,15-30,7.8
12424,DDU,30-60,13.1
12424,DDU,60-120,30.7
12424,DDU,120+,50.9
12424,DMV,0-5,40.8
12424,DMV,5-15,40.8
12424,DMV,15-30,40.6
12424,DMV,30-60,49.3
12424,DMV,60-120,85.6
12424,DMV,120+,137.0
12424,DNR,0-5,15.2
12424,DNR,5-15,15.2
12424,DNR,15-30,15.3
12424,DNR,30-60,21.3
12424,DNR,60-120,46.0
12424,DNR,120+,72.0
12424,DPU,0-5,33.0
12424,DPU,5-15,33.1
12424,DPU,15-30,33.0
12424,DPU,30-60,41.2
12424,DPU,60-120,77.3
12424,DPU,120+,129.2
12424,FKG,0-5,33.1
12424,FKG,5-15,33.2
12424,FKG,15-30,33.1
12424,FKG,30-60,41.0
12424,FKG,60-120,77.1
12424,FKG,120+,128.6
12424,GHY,0-5,27.6
12424,GHY,5-15,27.6
12424,GHY,15-30,27.9
12424,GHY,30-60,34.9
12424,GHY,60-120,67.5
12424,GHY,120+,107.5
12424,KIR,0-5,15.3
12424,KIR,5-15,15.3
12424,KIR,15-30,15.4
12424,KIR,30-60,21.2
12424,KIR,60-120,45.8
12424,KIR,120+,71.6
12424,KNE,0-5,33.2
12424,KNE,5-15,33.3
12424,KNE,15-30,33.6
12424,KNE,30-60,41.3
12424,KNE,60-120,74.7
12424,KNE,120+,122.0
12424,KOJ,0-5,41.1
12424,KOJ,5-15,41.1
12424,KOJ,15-30,41.0
12424,KOJ,30-60,49.0
12424,KOJ,60-120,84.1
12424,KOJ,120+,134.4
12424,LMG,0-5,31.1
12424,LMG,5-15,31.1
12424,LMG,15-30,31.4
12424,LMG,30-60,38.9
12424,LMG,60-120,71.3
12424,LMG,120+,116.5
12424,MNE,0-5,17.5
12424,MNE,5-15,17.5
12424,MNE,15-30,17.6
12424,MNE,30-60,23.6
12424,MNE,60-120,49.5
12424,MNE,120+,76.2
12424,MXN,0-5,29.4
12424,MXN,5-15,29.4
12424,MXN,15-30,29.7
12424,MXN,30-60,37.1
12424,MXN,60-120,69.0
12424,MXN,120+,112.3
12424,NBQ,0-5,24.9
12424,NBQ,5-15,24.9
12424,NBQ,15-30,25.2
12424,NBQ,30-60,31.4
12424,NBQ,60-120,61.9
12424,NBQ,120+,94.9
12424,NCB,0-5,26.9
12424,NCB,5-15,26.9
12424,NCB,15-30,27.2
12424,NCB,30-60,34.2
12424,NCB,60-120,66.6
12424,NCB,120+,106.8
12424,NDLS,0-5,0.0
12424,NDLS,5-15,0.0
12424,NDLS,15-30,0.0
12424,NDLS,30-60,0.5
12424,NDLS,60-120,8.7
12424,NDLS,120+,10.1
12424,NJP,0-5,25.4
12424,NJP,5-15,25.5
12424,NJP,15-30,25.8
12424,NJP,30-60,32.3
12424,NJP,60-120,64.5
12424,NJP,120+,99.5
12424,NNA,0-5,18.7
12424,NNA,5-15,18.7
12424,NNA,15-30,18.8
12424,NNA,30-60,24.7
12424,NNA,60-120,51.2
12424,NNA,120+,78.6
12424,NTSK,0-5,36.9
12424,NTSK,5-15,36.9
12424,NTSK,15-30,36.8
12424,NTSK,30-60,44.5
12424,NTSK,60-120,78.5
12424,NTSK,120+,127.7
12424,PPTA,0-5,12.2
12424,PPTA,5-15,12.2
12424,PPTA,15-30,12.3
12424,PPTA,30-60,17.5
12424,PPTA,60-120,38.2
12424,PPTA,120+,59.8
12424,PRYJ,0-5,13.5
12424,PRYJ,5-15,13.5
12424,PRYJ,15-30,13.6
12424,PRYJ,30-60,18.6
12424,PRYJ,60-120,40.1
12424,PRYJ,120+,62.3
12424,RNY,0-5,30.3
12424,RNY,5-15,30.3
12424,RNY,15-30,30.6
12424,RNY,30-60,38.1
12424,RNY,60-120,70.3
12424,RNY,120+,115.2
12424,SFG,0-5,11.6
12424,SFG,5-15,11.7
12424,SFG,15-30,11.7
12424,SFG,30-60,17.6
12424,SFG,60-120,43.9
12424,SFG,120+,73.6
12425,JAT,0-5,18.7
12425,JAT,5-15,18.7
12425,JAT,15-30,20.6
12425,JAT,30-60,28.0
12425,JAT,60-120,53.0
12425,JAT,120+,85.9
12425,KTHU,0-5,18.3
12425,KTHU,5-15,18.4
12425,KTHU,15-30,20.3
12425,KTHU,30-60,31.2
12425,KTHU,60-120,63.8
12425,KTHU,120+,111.8
12425,LDH,0-5,27.9
12425,LDH,5-15,27.9
12425,LDH,15-30,26.6
12425,LDH,30-60,37.6
12425,LDH,60-120,62.1
12425,LDH,120+,100.0
12425,MSKT,0-5,3.1
12425,MSKT,5-15,3.1
12425,MSKT,15-30,4.3
12425,MSKT,30-60,9.4
12425,MSKT,60-120,26.3
12425,MSKT,120+,50.0
12425,NDLS,0-5,17.9
12425,NDLS,5-15,18.0
12425,NDLS,15-30,16.6
12425,NDLS,30-60,23.2
12425,NDLS,60-120,45.0
12425,NDLS,120+,74.6
12425,PTKC,0-5,16.5
12425,PTKC,5-15,16.5
12425,PTKC,15-30,17.7
12425,PTKC,30-60,28.6
12425,PTKC,60-120,58.4
12425,PTKC,120+,105.5
12426,JAT,0-5,3.5
12426,JAT,5-15,3.5
12426,JAT,15-30,5.4
12426,JAT,30-60,10.4
12426,JAT,60-120,26.8
12426,JAT,120+,50.6
12426,KTHU,0-5,5.2
12426,KTHU,5-15,5.2
12426,KTHU,15-30,7.4
12426,KTHU,30-60,13.6
12426,KTHU,60-120,35.7
12426,KTHU,120+,63.0
12426,LDH,0-5,19.2
12426,LDH,5-15,19.2
12426,LDH,15-30,18.0
12426,LDH,30-60,25.2
12426,LDH,60-120,46.6
12426,LDH,120+,75.9
12426,MSKT,0-5,5.1
12426,MSKT,5-15,5.1
12426,MSKT,15-30,6.5
12426,MSKT,30-60,12.8
12426,MSKT,60-120,35.0
12426,MSKT,120+,63.6
12426,NDLS,0-5,31.2
12426,NDLS,5-15,31.2
12426,NDLS,15-30,29.9
12426,NDLS,30-60,41.2
12426,NDLS,60-120,76.0
12426,NDLS,120+,127.6
12426,PTKC,0-5,8.9
12426,PTKC,5-15,9.0
12426,PTKC,15-30,10.4
12426,PTKC,30-60,18.1
12426,PTKC,60-120,45.2
12426,PTKC,120+,85.0
12431,ALLP,0-5,20.3
12431,ALLP,5-15,20.3
12431,ALLP,15-30,21.0
12431,ALLP,30-60,24.9
12431,ALLP,60-120,52.8
12431,ALLP,120+,99.9
12431,BRC,0-5,21.8
12431,BRC,5-15,21.9
12431,BRC,15-30,22.4
12431,BRC,30-60,32.1
12431,BRC,60-120,78.6
12431,BRC,120+,152.6
12431,BSR,0-5,22.5
12431,BSR,5-15,22.6
12431,BSR,15-30,23.2
12431,BSR,30-60,32.0
12431,BSR,60-120,72.9
12431,BSR,120+,147.5
12431,CAN,0-5,13.3
12431,CAN,5-15,13.3
12431,CAN,15-30,13.8
12431,CAN,30-60,21.7
12431,CAN,60-120,58.0
12431,CAN,120+,124.3
12431,CLT,0-5,15.5
12431,CLT,5-15,15.6
12431,CLT,15-30,16.1
12431,CLT,30-60,24.1
12431,CLT,60-120,64.8
12431,CLT,120+,133.9
12431,ERS,0-5,2.9
12431,ERS,5-15,2.9
12431,ERS,15-30,3.3
12431,ERS,30-60,10.6
12431,ERS,60-120,41.4
12431,ERS,120+,98.3
12431,KAWR,0-5,10.9
12431,KAWR,5-15,10.9
12431,KAWR,15-30,11.4
12431,KAWR,30-60,18.4
12431,KAWR,60-120,53.1
12431,KAWR,120+,119.4
12431,KGQ,0-5,12.1
12431,KGQ,5-15,12.1
12431,KGQ,15-30,12.6
12431,KGQ,30-60,19.5
12431,KGQ,60-120,54.6
12431,KGQ,120+,122.4
12431,KOTA,0-5,17.0
12431,KOTA,5-15,17.1
12431,KOTA,15-30,17.5
12431,KOTA,30-60,25.2
12431,KOTA,60-120,68.2
12431,KOTA,120+,140.8
12431,MAJN,0-5,15.2
12431,MAJN,5-15,15.2
12431,MAJN,15-30,15.7
12431,MAJN,30-60,21.6
12431,MAJN,60-120,54.4
12431,MAJN,120+,113.3
12431,MAO,0-5,10.2
12431,MAO,5-15,10.3
12431,MAO,15-30,10.6
12431,MAO,30-60,16.5
12431,MAO,60-120,47.2
12431,MAO,120+,101.1
12431,NZM,0-5,11.9
12431,NZM,5-15,11.9
12431,NZM,15-30,12.4
12431,NZM,30-60,18.0
12431,NZM,60-120,50.3
12431,NZM,120+,108.9
12431,PNVL,0-5,25.8
12431,PNVL,5-15,25.8
12431,PNVL,15-30,26.3
12431,PNVL,30-60,34.5
12431,PNVL,60-120,76.5
12431,PNVL,120+,143.4
12431,QLN,0-5,15.5
12431,QLN,5-15,15.5
12431,QLN,15-30,15.9
12431,QLN,30-60,22.1
12431,QLN,60-120,54.6
12431,QLN,120+,115.0
12431,RN,0-5,30.4
12431,RN,5-15,30.4
12431,RN,15-30,30.9
12431,RN,30-60,38.9
12431,RN,60-120,88.3
12431,RN,120+,157.1
12431,RTM,0-5,20.9
12431,RTM,5-15,20.9
12431,RTM,15-30,21.5
12431,RTM,30-60,28.3
12431,RTM,60-120,68.9
12431,RTM,120+,132.5
12431,SRR,0-5,24.6
12431,SRR,5-15,24.7
12431,SRR,15-30,25.1
12431,SRR,30-60,31.2
12431,SRR,60-120,68.9
12431,SRR,120+,130.4
12431,ST,0-5,24.1
12431,ST,5-15,24.1
12431,ST,15-30,24.5
12431,ST,30-60,32.3
12431,ST,60-120,74.2
12431,ST,120+,140.4
12431,SWV,0-5,0.0
12431,SWV,5-15,0.0
12431,SWV,15-30,0.0
12431,SWV,30-60,0.0
12431,SWV,60-120,8.3
12431,SWV,120+,29.1
12431,TCR,0-5,20.5
12431,TCR,5-15,20.5
12431,TCR,15-30,21.0
12431,TCR,30-60,27.1
12431,TCR,60-120,64.1
12431,TCR,120+,126.4
12431,TVC,0-5,4.2
12431,TVC,5-15,4.2
12431,TVC,15-30,4.5
12431,TVC,30-60,9.5
12431,TVC,60-120,36.9
12431,TVC,120+,94.1
12431,UD,0-5,14.3
12431,UD,5-15,14.4
12431,UD,15-30,14.8
12431,UD,30-60,19.2
12431,UD,60-120,51.5
12431,UD,120+,110.4
12432,ALLP,0-5,42.6
12432,ALLP,5-15,42.8
12432,ALLP,15-30,43.4
12432,ALLP,30-60,48.9
12432,ALLP,60-120,84.6
12432,ALLP,120+,138.5
12432,BRC,0-5,5.5
12432,BRC,5-15,5.5
12432,BRC,15-30,5.5
12432,BRC,30-60,7.1
12432,BRC,60-120,13.4
12432,BRC,120+,18.5
12432,BSR,0-5,5.4
12432,BSR,5-15,5.5
12432,BSR,15-30,5.4
12432,BSR,30-60,8.3
12432,BSR,60-120,18.1
12432,BSR,120+,34.0
12432,CAN,0-5,25.8
12432,CAN,5-15,25.8
12432,CAN,15-30,26.3
12432,CAN,30-60,35.1
12432,CAN,60-120,72.7
12432,CAN,120+,140.9
12432,CLT,0-5,22.0
12432,CLT,5-15,22.0
12432,CLT,15-30,22.5
12432,CLT,30-60,31.5
12432,CLT,60-120,71.7
12432,CLT,120+,139.5
12432,ERS,0-5,27.0
12432,ERS,5-15,27.0
12432,ERS,15-30,27.5
12432,ERS,30-60,38.5
12432,ERS,60-120,83.8
12432,ERS,120+,153.5
12432,KAWR,0-5,34.2
12432,KAWR,5-15,34.4
12432,KAWR,15-30,34.8
12432,KAWR,30-60,43.3
12432,KAWR,60-120,85.0
12432,KAWR,120+,154.9
12432,KGQ,0-5,27.5
12432,KGQ,5-15,27.5
12432,KGQ,15-30,27.9
12432,KGQ,30-60,35.5
12432,KGQ,60-120,76.2
12432,KGQ,120+,147.0
12432,KOTA,0-5,5.4
12432,KOTA,5-15,5.4
12432,KOTA,15-30,5.4
12432,KOTA,30-60,8.3
12432,KOTA,60-120,15.3
12432,KOTA,120+,30.5
12432,MAJN,0-5,22.4
12432,MAJN,5-15,22.4
12432,MAJN,15-30,22.9
12432,MAJN,30-60,31.3
12432,MAJN,60-120,72.8
12432,MAJN,120+,142.4
12432,MAO,0-5,26.6
12432,MAO,5-15,26.6
12432,MAO,15-30,27.1
12432,MAO,30-60,38.1
12432,MAO,60-120,82.3
12432,MAO,120+,152.4
12432,NZM,0-5,0.0
12432,NZM,5-15,0.1
12432,NZM,15-30,0.2
12432,NZM,30-60,0.2
12432,NZM,60-120,2.1
12432,NZM,120+,2.8
12432,PNVL,0-5,21.6
12432,PNVL,5-15,21.6
12432,PNVL,15-30,22.1
12432,PNVL,30-60,30.4
12432,PNVL,60-120,69.4
12432,PNVL,120+,136.2
12432,QLN,0-5,33.1
12432,QLN,5-15,33.1
12432,QLN,15-30,33.6
12432,QLN,30-60,42.4
12432,QLN,60-120,84.2
12432,QLN,120+,156.6
12432,RN,0-5,28.9
12432,RN,5-15,28.9
12432,RN,15-30,29.4
12432,RN,30-60,39.2
12432,RN,60-120,83.1
12432,RN,120+,154.2
12432,RTM,0-5,10.7
12432,RTM,5-15,10.7
12432,RTM,15-30,10.7
12432,RTM,30-60,10.8
12432,RTM,60-120,14.1
12432,RTM,120+,16.5
12432,SRR,0-5,27.6
12432,SRR,5-15,27.6
12432,SRR,15-30,28.1
12432,SRR,30-60,35.4
12432,SRR,60-120,74.8
12432,SRR,120+,145.1
12432,ST,0-5,10.5
12432,ST,5-15,10.5
12432,ST,15-30,10.4
12432,ST,30-60,12.8
12432,ST,60-120,21.2
12432,ST,120+,39.8
12432,SWV,0-5,16.8
12432,SWV,5-15,16.8
12432,SWV,15-30,17.2
12432,SWV,30-60,24.3
12432,SWV,60-120,61.2
12432,SWV,120+,123.8
12432,TCR,0-5,28.3
12432,TCR,5-15,28.4
12432,TCR,15-30,28.8
12432,TCR,30-60,36.2
12432,TCR,60-120,76.9
12432,TCR,120+,148.0
12432,TVC,0-5,22.6
12432,TVC,5-15,22.6
12432,TVC,15-30,23.0
12432,TVC,30-60,30.3
12432,TVC,60-120,69.6
12432,TVC,120+,136.9
12432,UD,0-5,33.2
12432,UD,5-15,33.2
12432,UD,15-30,33.6
12432,UD,30-60,41.0
12432,UD,60-120,83.1
12432,UD,120+,154.0
12471,BDMJ,0-5,39.7
12471,BDMJ,5-15,39.7
12471,BDMJ,15-30,40.6
12471,BDMJ,30-60,46.8
12471,BDMJ,60-120,78.1
12471,BDMJ,120+,116.9
12471,BDTS,0-5,3.3
12471,BDTS,5-15,3.3
12471,BDTS,15-30,3.8
12471,BDTS,30-60,7.3
12471,BDTS,60-120,21.5
12471,BDTS,120+,39.1
12471,BH,0-5,14.4
12471,BH,5-15,14.4
12471,BH,15-30,14.1
12471,BH,30-60,20.8
12471,BH,60-120,41.6
12471,BH,120+,76.6
12471,BMI,0-5,13.6
12471,BMI,5-15,13.6
12471,BMI,15-30,13.9
12471,BMI,30-60,20.6
12471,BMI,60-120,42.5
12471,BMI,120+,82.2
12471,BRC,0-5,12.5
12471,BRC,5-15,12.5
12471,BRC,15-30,12.8
12471,BRC,30-60,19.5
12471,BRC,60-120,41.1
12471,BRC,120+,78.1
12471,BVI,0-5,9.3
12471,BVI,5-15,9.3
12471,BVI,15-30,9.6
12471,BVI,30-60,15.2
12471,BVI,60-120,35.8
12471,BVI,120+,66.0
12471,BWM,0-5,12.2
12471,BWM,5-15,12.3
12471,BWM,15-30,12.5
12471,BWM,30-60,19.2
12471,BWM,60-120,40.6
12471,BWM,120+,77.9
12471,DHD,0-5,13.4
12471,DHD,5-15,13.4
12471,DHD,15-30,13.7
12471,DHD,30-60,20.2
12471,DHD,60-120,41.6
12471,DHD,120+,80.3
12471,GDA,0-5,7.8
12471,GDA,5-15,7.8
12471,GDA,15-30,8.1
12471,GDA,30-60,13.0
12471,GDA,60-120,32.7
12471,GDA,120+,60.3
12471,GGC,0-5,20.2
12471,GGC,5-15,20.2
12471,GGC,15-30,20.8
12471,GGC,30-60,28.3
12471,GGC,60-120,57.4
12471,GGC,120+,100.1
12471,JAT,0-5,48.0
12471,JAT,5-15,48.1
12471,JAT,15-30,49.3
12471,JAT,30-60,58.8
12471,JAT,60-120,100.9
12471,JAT,120+,158.6
12471,JRC,0-5,38.3
12471,JRC,5-15,38.3
12471,JRC,15-30,39.2
12471,JRC,30-60,47.5
12471,JRC,60-120,83.0
12471,JRC,120+,137.6
12471,KOTA,0-5,17.7
12471,KOTA,5-15,17.7
12471,KOTA,15-30,18.2
12471,KOTA,30-60,25.0
12471,KOTA,60-120,49.8
12471,KOTA,120+,89.7
12471,KTHU,0-5,42.9
12471,KTHU,5-15,42.9
12471,KTHU,15-30,44.3
12471,KTHU,30-60,53.8
12471,KTHU,60-120,92.6
12471,KTHU,120+,148.1
12471,LDH,0-5,32.9
12471,LDH,5-15,32.9
12471,LDH,15-30,33.9
12471,LDH,30-60,41.8
12471,LDH,60-120,75.4
12471,LDH,120+,126.4
12471,MCTM,0-5,40.8
12471,MCTM,5-15,40.9
12471,MCTM,15-30,42.2
12471,MCTM,30-60,50.4
12471,MCTM,60-120,87.3
12471,MCTM,120+,142.7
12471,MGN,0-5,13.6
12471,MGN,5-15,13.7
12471,MGN,15-30,14.0
12471,MGN,30-60,20.2
12471,MGN,60-120,40.6
12471,MGN,120+,78.7
12471,MSKT,0-5,4.7
12471,MSKT,5-15,4.7
12471,MSKT,15-30,5.4
12471,MSKT,30-60,9.1
12471,MSKT,60-120,26.0
12471,MSKT,120+,44.4
12471,MTJ,0-5,16.8
12471,MTJ,5-15,16.9
12471,MTJ,15-30,17.4
12471,MTJ,30-60,24.1
12471,MTJ,60-120,45.0
12471,MTJ,120+,83.6
12471,NAD,0-5,6.4
12471,NAD,5-15,6.4
12471,NAD,15-30,6.7
12471,NAD,30-60,10.8
12471,NAD,60-120,27.5
12471,NAD,120+,52.0
12471,NDLS,0-5,23.5
12471,NDLS,5-15,23.6
12471,NDLS,15-30,24.1
12471,NDLS,30-60,31.7
12471,NDLS,60-120,62.2
12471,NDLS,120+,106.0
12471,NZM,0-5,18.6
12471,NZM,5-15,18.6
12471,NZM,15-30,19.2
12471,NZM,30-60,26.0
12471,NZM,60-120,51.5
12471,NZM,120+,91.7
12471,PGW,0-5,39.6
12471,PGW,5-15,39.7
12471,PGW,15-30,40.6
12471,PGW,30-60,48.5
12471,PGW,60-120,82.2
12471,PGW,120+,129.2
12471,PLG,0-5,15.6
12471,PLG,5-15,15.6
12471,PLG,15-30,16.2
12471,PLG,30-60,22.6
12471,PLG,60-120,44.4
12471,PLG,120+,83.5
12471,PNP,0-5,25.4
12471,PNP,5-15,25.5
12471,PNP,15-30,26.0
12471,PNP,30-60,33.5
12471,PNP,60-120,65.8
12471,PNP,120+,111.4
12471,PTKC,0-5,36.1
12471,PTKC,5-15,36.2
12471,PTKC,15-30,37.0
12471,PTKC,30-60,45.7
12471,PTKC,60-120,82.6
12471,PTKC,120+,138.2
12471,RTM,0-5,13.4
12471,RTM,5-15,13.5
12471,RTM,15-30,13.8
12471,RTM,30-60,20.0
12471,RTM,60-120,40.1
12471,RTM,120+,77.8
12471,ST,0-5,10.6
12471,ST,5-15,10.7
12471,ST,15-30,10.9
12471,ST,30-60,16.3
12471,ST,60-120,34.9
12471,ST,120+,66.3
12471,SVDK,0-5,34.5
12471,SVDK,5-15,34.5
12471,SVDK,15-30,35.5
12471,SVDK,30-60,43.6
12471,SVDK,60-120,77.2
12471,SVDK,120+,130.1
12471,SWM,0-5,18.7
12471,SWM,5-15,18.8
12471,SWM,15-30,19.3
12471,SWM,30-60,26.5
12471,SWM,60-120,53.0
12471,SWM,120+,92.3
12471,UMB,0-5,30.0
12471,UMB,5-15,30.0
12471,UMB,15-30,31.0
12471,UMB,30-60,38.4
12471,UMB,60-120,69.9
12471,UMB,120+,111.8
12471,VAPI,0-5,18.6
12471,VAPI,5-15,18.6
12471,VAPI,15-30,19.2
12471,VAPI,30-60,25.9
12471,VAPI,60-120,50.9
12471,VAPI,120+,90.6
12471,VMA,0-5,10.6
12471,VMA,5-15,10.7
12471,VMA,15-30,10.9
12471,VMA,30-60,16.3
12471,VMA,60-120,34.9
12471,VMA,120+,66.3
12472,BDMJ,0-5,38.0
12472,BDMJ,5-15,38.0
12472,BDMJ,15-30,38.4
12472,BDMJ,30-60,41.3
12472,BDMJ,60-120,66.1
12472,BDMJ,120+,94.6
12472,BDTS,0-5,46.9
12472,BDTS,5-15,47.0
12472,BDTS,15-30,46.5
12472,BDTS,30-60,49.8
12472,BDTS,60-120,77.5
12472,BDTS,120+,108.7
12472,BH,0-5,36.0
12472,BH,5-15,36.0
12472,BH,15-30,36.2
12472,BH,30-60,43.7
12472,BH,60-120,76.4
12472,BH,120+,123.4
12472,BMI,0-5,37.1
12472,BMI,5-15,37.1
12472,BMI,15-30,37.5
12472,BMI,30-60,45.7
12472,BMI,60-120,78.9
12472,BMI,120+,131.1
12472,BRC,0-5,35.0
12472,BRC,5-15,35.0
12472,BRC,15-30,35.4
12472,BRC,30-60,43.6
12472,BRC,60-120,76.6
12472,BRC,120+,126.8
12472,BVI,0-5,46.9
12472,BVI,5-15,46.9
12472,BVI,15-30,47.7
12472,BVI,30-60,56.1
12472,BVI,60-120,91.4
12472,BVI,120+,146.6
12472,BWM,0-5,53.2
12472,BWM,5-15,53.2
12472,BWM,15-30,54.0
12472,BWM,30-60,62.7
12472,BWM,60-120,98.7
12472,BWM,120+,153.6
12472,DHD,0-5,43.7
12472,DHD,5-15,43.7
12472,DHD,15-30,44.5
12472,DHD,30-60,52.5
12472,DHD,60-120,87.3
12472,DHD,120+,141.4
12472,GDA,0-5,32.0
12472,GDA,5-15,32.1
12472,GDA,15-30,32.4
12472,GDA,30-60,39.8
12472,GDA,60-120,72.5
12472,GDA,120+,119.3
12472,GGC,0-5,40.2
12472,GGC,5-15,40.3
12472,GGC,15-30,40.7
12472,GGC,30-60,48.4
12472,GGC,60-120,81.0
12472,GGC,120+,133.7
12472,JAT,0-5,14.8
12472,JAT,5-15,14.8
12472,JAT,15-30,15.1
12472,JAT,30-60,21.2
12472,JAT,60-120,39.2
12472,JAT,120+,72.5
12472,JRC,0-5,12.4
12472,JRC,5-15,12.4
12472,JRC,15-30,12.5
12472,JRC,30-60,18.0
12472,JRC,60-120,33.8
12472,JRC,120+,62.6
12472,KOTA,0-5,47.0
12472,KOTA,5-15,47.1
12472,KOTA,15-30,47.8
12472,KOTA,30-60,55.6
12472,KOTA,60-120,89.4
12472,KOTA,120+,143.2
12472,KTHU,0-5,19.1
12472,KTHU,5-15,19.1
12472,KTHU,15-30,19.4
12472,KTHU,30-60,25.8
12472,KTHU,60-120,48.5
12472,KTHU,120+,82.1
12472,LDH,0-5,17.4
12472,LDH,5-15,17.4
12472,LDH,15-30,17.7
12472,LDH,30-60,23.7
12472,LDH,60-120,41.9
12472,LDH,120+,73.4
12472,MCTM,0-5,8.7
12472,MCTM,5-15,8.7
12472,MCTM,15-30,8.8
12472,MCTM,30-60,13.0
12472,MCTM,60-120,27.0
12472,MCTM,120+,46.6
12472,MGN,0-5,42.1
12472,MGN,5-15,42.1
12472,MGN,15-30,42.5
12472,MGN,30-60,50.1
12472,MGN,60-120,82.6
12472,MGN,120+,135.3
12472,MSKT,0-5,43.1
12472,MSKT,5-15,43.1
12472,MSKT,15-30,39.7
12472,MSKT,30-60,47.2
12472,MSKT,60-120,77.9
12472,MSKT,120+,123.4
12472,MTJ,0-5,32.7
12472,MTJ,5-15,32.8
12472,MTJ,15-30,33.1
12472,MTJ,30-60,40.2
12472,MTJ,60-120,70.8
12472,MTJ,120+,115.5
12472,NAD,0-5,33.7
12472,NAD,5-15,33.7
12472,NAD,15-30,34.0
12472,NAD,30-60,41.2
12472,NAD,60-120,72.5
12472,NAD,120+,119.4
12472,NDLS,0-5,19.1
12472,NDLS,5-15,19.2
12472,NDLS,15-30,19.5
12472,NDLS,30-60,25.8
12472,NDLS,60-120,47.9
12472,NDLS,120+,81.5
12472,PGW,0-5,17.6
12472,PGW,5-15,17.6
12472,PGW,15-30,17.9
12472,PGW,30-60,23.6
12472,PGW,60-120,40.7
12472,PGW,120+,68.0
12472,PLG,0-5,44.8
12472,PLG,5-15,44.8
12472,PLG,15-30,45.6
12472,PLG,30-60,53.3
12472,PLG,60-120,86.4
12472,PLG,120+,139.5
12472,PNP,0-5,21.2
12472,PNP,5-15,21.3
12472,PNP,15-30,21.6
12472,PNP,30-60,28.2
12472,PNP,60-120,52.0
12472,PNP,120+,88.9
12472,PTKC,0-5,18.5
12472,PTKC,5-15,18.5
12472,PTKC,15-30,18.8
12472,PTKC,30-60,25.1
12472,PTKC,60-120,46.0
12472,PTKC,120+,79.9
12472,RTM,0-5,36.8
12472,RTM,5-15,36.8
12472,RTM,15-30,37.2
12472,RTM,30-60,44.6
12472,RTM,60-120,76.5
12472,RTM,120+,126.6
12472,ST,0-5,33.4
12472,ST,5-15,33.4
12472,ST,15-30,33.8
12472,ST,30-60,41.1
12472,ST,60-120,72.5
12472,ST,120+,119.4
12472,SVDK,0-5,4.5
12472,SVDK,5-15,4.6
12472,SVDK,15-30,0.8
12472,SVDK,30-60,2.6
12472,SVDK,60-120,11.2
12472,SVDK,120+,21.6
12472,SWM,0-5,42.1
12472,SWM,5-15,42.1
12472,SWM,15-30,42.5
12472,SWM,30-60,50.1
12472,SWM,60-120,82.5
12472,SWM,120+,134.3
12472,SZM,0-5,33.6
12472,SZM,5-15,33.6
12472,SZM,15-30,34.1
12472,SZM,30-60,41.2
12472,SZM,60-120,71.5
12472,SZM,120+,117.3
12472,UMB,0-5,10.5
12472,UMB,5-15,10.6
12472,UMB,15-30,10.6
12472,UMB,30-60,14.9
12472,UMB,60-120,27.1
12472,UMB,120+,46.5
12472,VAPI,0-5,37.6
12472,VAPI,5-15,37.7
12472,VAPI,15-30,38.1
12472,VAPI,30-60,45.7
12472,VAPI,60-120,77.0
12472,VAPI,120+,128.1
12472,VMA,0-5,41.6
12472,VMA,5-15,41.7
12472,VMA,15-30,42.0
12472,VMA,30-60,49.8
12472,VMA,60-120,82.6
12472,VMA,120+,135.2
12479,ABR,0-5,4.8
12479,ABR,5-15,4.8
12479,ABR,15-30,5.5
12479,ABR,30-60,10.4
12479,ABR,60-120,28.4
12479,ABR,120+,54.5
12479,ADI,0-5,24.6
12479,ADI,5-15,24.6
12479,ADI,15-30,22.7
12479,ADI,30-60,31.0
12479,ADI,60-120,55.4
12479,ADI,120+,96.1
12479,BDTS,0-5,20.3
12479,BDTS,5-15,20.4
12479,BDTS,15-30,20.6
12479,BDTS,30-60,30.4
12479,BDTS,60-120,63.7
12479,BDTS,120+,109.3
12479,BRC,0-5,38.1
12479,BRC,5-15,38.2
12479,BRC,15-30,35.3
12479,BRC,30-60,45.6
12479,BRC,60-120,82.6
12479,BRC,120+,131.5
12479,BVI,0-5,38.2
12479,BVI,5-15,38.2
12479,BVI,15-30,35.4
12479,BVI,30-60,45.3
12479,BVI,60-120,82.3
12479,BVI,120+,132.2
12479,FA,0-5,10.7
12479,FA,5-15,10.7
12479,FA,15-30,11.4
12479,FA,30-60,19.0
12479,FA,60-120,42.5
12479,FA,120+,80.1
12479,JU,0-5,3.4
12479,JU,5-15,3.5
12479,JU,15-30,4.0
12479,JU,30-60,7.4
12479,JU,60-120,25.3
12479,JU,120+,51.1
12479,LUNI,0-5,8.9
12479,LUNI,5-15,8.9
12479,LUNI,15-30,9.6
12479,LUNI,30-60,15.8
12479,LUNI,60-120,37.7
12479,LUNI,120+,71.9
12479,MJ,0-5,5.6
12479,MJ,5-15,5.6
12479,MJ,15-30,6.3
12479,MJ,30-60,10.3
12479,MJ,60-120,30.0
12479,MJ,120+,59.9
12479,MSH,0-5,12.8
12479,MSH,5-15,12.8
12479,MSH,15-30,13.5
12479,MSH,30-60,21.2
12479,MSH,60-120,44.7
12479,MSH,120+,85.9
12479,PDWA,0-5,12.8
12479,PDWA,5-15,12.8
12479,PDWA,15-30,13.5
12479,PDWA,30-60,21.2
12479,PDWA,60-120,44.4
12479,PDWA,120+,85.1
12479,PMY,0-5,9.1
12479,PMY,5-15,9.2
12479,PMY,15-30,9.8
12479,PMY,30-60,15.8
12479,PMY,60-120,37.2
12479,PMY,120+,70.3
12479,PNU,0-5,11.9
12479,PNU,5-15,11.9
12479,PNU,15-30,12.6
12479,PNU,30-60,20.0
12479,PNU,60-120,43.0
12479,PNU,120+,81.1
12479,RANI,0-5,10.7
12479,RANI,5-15,10.8
12479,RANI,15-30,11.4
12479,RANI,30-60,17.9
12479,RANI,60-120,39.6
12479,RANI,120+,75.1
12479,SJWB,0-5,13.3
12479,SJWB,5-15,13.3
12479,SJWB,15-30,14.0
12479,SJWB,30-60,21.7
12479,SJWB,60-120,45.2
12479,SJWB,120+,85.9
12479,ST,0-5,29.0
12479,ST,5-15,29.0
12479,ST,15-30,26.0
12479,ST,30-60,35.2
12479,ST,60-120,65.4
12479,ST,120+,108.8
12479,VAPI,0-5,38.8
12479,VAPI,5-15,38.8
12479,VAPI,15-30,35.9
12479,VAPI,30-60,45.7
12479,VAPI,60-120,81.2
12479,VAPI,120+,130.0
12480,ABR,0-5,12.0
12480,ABR,5-15,12.1
12480,ABR,15-30,12.5
12480,ABR,30-60,17.8
12480,ABR,60-120,38.2
12480,ABR,120+,63.4
12480,ADI,0-5,13.0
12480,ADI,5-15,13.0
12480,ADI,15-30,13.4
12480,ADI,30-60,20.8
12480,ADI,60-120,43.5
12480,ADI,120+,82.9
12480,BDTS,0-5,1.6
12480,BDTS,5-15,1.6
12480,BDTS,15-30,1.8
12480,BDTS,30-60,6.8
12480,BDTS,60-120,17.7
12480,BDTS,120+,40.2
12480,BRC,0-5,21.6
12480,BRC,5-15,21.6
12480,BRC,15-30,22.2
12480,BRC,30-60,30.8
12480,BRC,60-120,62.2
12480,BRC,120+,106.2
12480,BVI,0-5,13.0
12480,BVI,5-15,13.0
12480,BVI,15-30,13.5
12480,BVI,30-60,21.2
12480,BVI,60-120,44.1
12480,BVI,120+,85.0
12480,FA,0-5,10.5
12480,FA,5-15,10.6
12480,FA,15-30,11.0
12480,FA,30-60,18.1
12480,FA,60-120,39.2
12480,FA,120+,73.2
12480,JU,0-5,7.1
12480,JU,5-15,7.1
12480,JU,15-30,7.6
12480,JU,30-60,13.3
12480,JU,60-120,33.6
12480,JU,120+,61.2
12480,JWB,0-5,10.5
12480,JWB,5-15,10.5
12480,JWB,15-30,11.2
12480,JWB,30-60,18.1
12480,JWB,60-120,44.1
12480,JWB,120+,83.1
12480,LUNI,0-5,9.4
12480,LUNI,5-15,9.5
12480,LUNI,15-30,9.9
12480,LUNI,30-60,16.0
12480,LUNI,60-120,36.6
12480,LUNI,120+,67.2
12480,MJ,0-5,6.0
12480,MJ,5-15,6.1
12480,MJ,15-30,6.5
12480,MJ,30-60,11.3
12480,MJ,60-120,29.9
12480,MJ,120+,56.5
12480,MSH,0-5,20.0
12480,MSH,5-15,20.0
12480,MSH,15-30,20.5
12480,MSH,30-60,28.1
12480,MSH,60-120,55.6
12480,MSH,120+,98.3
12480,PDWA,0-5,11.3
12480,PDWA,5-15,11.4
12480,PDWA,15-30,11.9
12480,PDWA,30-60,18.3
12480,PDWA,60-120,39.6
12480,PDWA,120+,74.8
12480,PMY,0-5,9.1
12480,PMY,5-15,9.1
12480,PMY,15-30,9.6
12480,PMY,30-60,15.6
12480,PMY,60-120,36.0
12480,PMY,120+,65.4
12480,PNU,0-5,5.7
12480,PNU,5-15,5.7
12480,PNU,15-30,6.2
12480,PNU,30-60,10.5
12480,PNU,60-120,28.9
12480,PNU,120+,54.9
12480,RANI,0-5,12.1
12480,RANI,5-15,12.2
12480,RANI,15-30,12.7
12480,RANI,30-60,19.7
12480,RANI,60-120,41.4
12480,RANI,120+,78.2
12480,SJWB,0-5,19.5
12480,SJWB,5-15,19.5
12480,SJWB,15-30,20.0
12480,SJWB,30-60,27.6
12480,SJWB,60-120,52.0
12480,SJWB,120+,93.3
12480,ST,0-5,11.7
12480,ST,5-15,11.7
12480,ST,15-30,12.2
12480,ST,30-60,19.3
12480,ST,60-120,40.9
12480,ST,120+,76.8
12480,VAPI,0-5,19.5
12480,VAPI,5-15,19.6
12480,VAPI,15-30,20.1
12480,VAPI,30-60,27.6
12480,VAPI,60-120,54.5
12480,VAPI,120+,96.0
12480,VS,0-5,46.2
12480,VS,5-15,46.2
12480,VS,15-30,47.6
12480,VS,30-60,57.8
12480,VS,60-120,97.8
12480,VS,120+,156.3
12487,ALJN,0-5,37.5
12487,ALJN,5-15,37.6
12487,ALJN,15-30,38.3
12487,ALJN,30-60,42.9
12487,ALJN,60-120,74.7
12487,ALJN,120+,106.0
12487,ANVT,0-5,19.3
12487,ANVT,5-15,19.3
12487,ANVT,15-30,19.7
12487,ANVT,30-60,27.7
12487,ANVT,60-120,54.8
12487,ANVT,120+,79.1
12487,ARQ,0-5,10.4
12487,ARQ,5-15,10.4
12487,ARQ,15-30,10.7
12487,ARQ,30-60,16.6
12487,ARQ,60-120,35.7
12487,ARQ,120+,50.4
12487,ARR,0-5,12.9
12487,ARR,5-15,12.9
12487,ARR,15-30,13.3
12487,ARR,30-60,20.0
12487,ARR,60-120,41.0
12487,ARR,120+,60.0
12487,BDL,0-5,14.3
12487,BDL,5-15,14.3
12487,BDL,15-30,15.0
12487,BDL,30-60,23.0
12487,BDL,60-120,45.4
12487,BDL,120+,84.5
12487,BGS,0-5,22.6
12487,BGS,5-15,22.6
12487,BGS,15-30,23.1
12487,BGS,30-60,30.8
12487,BGS,60-120,59.4
12487,BGS,120+,83.4
12487,BJU,0-5,18.4
12487,BJU,5-15,18.5
12487,BJU,15-30,19.0
12487,BJU,30-60,25.6
12487,BJU,60-120,49.7
12487,BJU,120+,71.3
12487,CNB,0-5,27.5
12487,CNB,5-15,27.6
12487,CNB,15-30,28.1
12487,CNB,30-60,35.7
12487,CNB,60-120,69.3
12487,CNB,120+,101.5
12487,DDU,0-5,7.1
12487,DDU,5-15,7.1
12487,DDU,15-30,7.5
12487,DDU,30-60,12.2
12487,DDU,60-120,31.0
12487,DDU,120+,42.7
12487,DLN,0-5,45.7
12487,DLN,5-15,45.7
12487,DLN,15-30,46.3
12487,DLN,30-60,55.0
12487,DLN,60-120,94.6
12487,DLN,120+,146.0
12487,DNR,0-5,18.8
12487,DNR,5-15,18.9
12487,DNR,15-30,19.4
12487,DNR,30-60,26.4
12487,DNR,60-120,53.5
12487,DNR,120+,78.3
12487,FBG,0-5,8.6
12487,FBG,5-15,8.7
12487,FBG,15-30,9.0
12487,FBG,30-60,14.0
12487,FBG,60-120,33.1
12487,FBG,120+,44.5
12487,GZB,0-5,18.8
12487,GZB,5-15,18.8
12487,GZB,15-30,19.4
12487,GZB,30-60,26.5
12487,GZB,60-120,53.7
12487,GZB,120+,77.9
12487,JBN,0-5,1.9
12487,JBN,5-15,1.9
12487,JBN,15-30,2.0
12487,JBN,30-60,4.9
12487,JBN,60-120,18.0
12487,JBN,120+,22.4
12487,KGG,0-5,19.0
12487,KGG,5-15,19.1
12487,KGG,15-30,19.6
12487,KGG,30-60,25.5
12487,KGG,60-120,46.3
12487,KGG,120+,63.0
12487,KIR,0-5,8.7
12487,KIR,5-15,8.7
12487,KIR,15-30,9.1
12487,KIR,30-60,14.0
12487,KIR,60-120,33.0
12487,KIR,120+,44.4
12487,MZP,0-5,11.5
12487,MZP,5-15,11.6
12487,MZP,15-30,12.0
12487,MZP,30-60,17.6
12487,MZP,60-120,37.4
12487,MZP,120+,51.7
12487,NNA,0-5,9.0
12487,NNA,5-15,9.1
12487,NNA,15-30,9.5
12487,NNA,30-60,14.4
12487,NNA,60-120,32.8
12487,NNA,120+,45.1
12487,PPTA,0-5,10.0
12487,PPTA,5-15,10.0
12487,PPTA,15-30,10.4
12487,PPTA,30-60,15.6
12487,PPTA,60-120,34.0
12487,PPTA,120+,48.0
12487,PRNA,0-5,13.9
12487,PRNA,5-15,14.0
12487,PRNA,15-30,14.5
12487,PRNA,30-60,20.4
12487,PRNA,60-120,40.3
12487,PRNA,120+,58.2
12487,PRYJ,0-5,18.3
12487,PRYJ,5-15,18.4
12487,PRYJ,15-30,18.9
12487,PRYJ,30-60,25.3
12487,PRYJ,60-120,49.5
12487,PRYJ,120+,70.0
12487,SFG,0-5,14.1
12487,SFG,5-15,14.1
12487,SFG,15-30,14.6
12487,SFG,30-60,20.0
12487,SFG,60-120,39.8
12487,SFG,120+,58.2
12487,TDL,0-5,25.1
12487,TDL,5-15,25.2
12487,TDL,15-30,25.8
12487,TDL,30-60,33.1
12487,TDL,60-120,64.1
12487,TDL,120+,94.4
12488,ALJN,0-5,36.4
12488,ALJN,5-15,36.4
12488,ALJN,15-30,36.5
12488,ALJN,30-60,38.7
12488,ALJN,60-120,62.1
12488,ALJN,120+,75.6
12488,ANVT,0-5,1.3
12488,ANVT,5-15,1.4
12488,ANVT,15-30,1.1
12488,ANVT,30-60,3.0
12488,ANVT,60-120,15.7
12488,ANVT,120+,21.4
12488,ARQ,0-5,38.2
12488,ARQ,5-15,38.2
12488,ARQ,15-30,38.3
12488,ARQ,30-60,45.7
12488,ARQ,60-120,80.4
12488,ARQ,120+,129.8
12488,ARR,0-5,52.7
12488,ARR,5-15,52.8
12488,ARR,15-30,52.9
12488,ARR,30-60,61.0
12488,ARR,60-120,97.9
12488,ARR,120+,147.3
12488,BDL,0-5,20.1
12488,BDL,5-15,20.1
12488,BDL,15-30,20.7
12488,BDL,30-60,29.0
12488,BDL,60-120,56.3
12488,BDL,120+,99.0
12488,BGS,0-5,43.8
12488,BGS,5-15,43.8
12488,BGS,15-30,44.0
12488,BGS,30-60,51.5
12488,BGS,60-120,85.7
12488,BGS,120+,131.9
12488,BJU,0-5,38.5
12488,BJU,5-15,38.6
12488,BJU,15-30,38.6
12488,BJU,30-60,45.7
12488,BJU,60-120,79.7
12488,BJU,120+,128.2
12488,CNB,0-5,27.5
12488,CNB,5-15,27.5
12488,CNB,15-30,27.6
12488,CNB,30-60,33.5
12488,CNB,60-120,64.0
12488,CNB,120+,95.5
12488,DDU,0-5,19.2
12488,DDU,5-15,19.2
12488,DDU,15-30,19.3
12488,DDU,30-60,25.3
12488,DDU,60-120,51.2
12488,DDU,120+,76.9
12488,DLN,0-5,24.3
12488,DLN,5-15,24.4
12488,DLN,15-30,24.4
12488,DLN,30-60,30.0
12488,DLN,60-120,57.2
12488,DLN,120+,86.4
12488,DNR,0-5,30.8
12488,DNR,5-15,30.8
12488,DNR,15-30,30.9
12488,DNR,30-60,37.2
12488,DNR,60-120,68.3
12488,DNR,120+,105.7
12488,FBG,0-5,51.9
12488,FBG,5-15,51.9
12488,FBG,15-30,52.0
12488,FBG,30-60,59.6
12488,FBG,60-120,95.4
12488,FBG,120+,143.8
12488,GZB,0-5,5.7
12488,GZB,5-15,5.8
12488,GZB,15-30,5.6
12488,GZB,30-60,8.8
12488,GZB,60-120,22.7
12488,GZB,120+,32.5
12488,JBN,0-5,31.4
12488,JBN,5-15,31.4
12488,JBN,15-30,31.3
12488,JBN,30-60,38.0
12488,JBN,60-120,69.8
12488,JBN,120+,108.6
12488,KGG,0-5,48.3
12488,KGG,5-15,48.3
12488,KGG,15-30,48.5
12488,KGG,30-60,55.5
12488,KGG,60-120,88.3
12488,KGG,120+,133.2
12488,KIR,0-5,34.7
12488,KIR,5-15,34.7
12488,KIR,15-30,34.8
12488,KIR,30-60,41.6
12488,KIR,60-120,73.3
12488,KIR,120+,119.0
12488,MZP,0-5,30.6
12488,MZP,5-15,30.7
12488,MZP,15-30,30.6
12488,MZP,30-60,36.9
12488,MZP,60-120,68.0
12488,MZP,120+,104.5
12488,NNA,0-5,50.3
12488,NNA,5-15,50.4
12488,NNA,15-30,50.5
12488,NNA,30-60,58.0
12488,NNA,60-120,93.4
12488,NNA,120+,141.6
12488,PPTA,0-5,30.4
12488,PPTA,5-15,30.4
12488,PPTA,15-30,30.5
12488,PPTA,30-60,36.9
12488,PPTA,60-120,67.9
12488,PPTA,120+,104.4
12488,PRNA,0-5,45.8
12488,PRNA,5-15,45.8
12488,PRNA,15-30,46.0
12488,PRNA,30-60,53.3
12488,PRNA,60-120,87.3
12488,PRNA,120+,134.9
12488,PRYJ,0-5,27.4
12488,PRYJ,5-15,27.5
12488,PRYJ,15-30,27.6
12488,PRYJ,30-60,33.1
12488,PRYJ,60-120,63.3
12488,PRYJ,120+,94.1
12488,SFG,0-5,21.8
12488,SFG,5-15,21.8
12488,SFG,15-30,22.2
12488,SFG,30-60,28.9
12488,SFG,60-120,62.3
12488,SFG,120+,109.0
12488,TDL,0-5,16.3
12488,TDL,5-15,16.4
12488,TDL,15-30,16.5
12488,TDL,30-60,21.7
12488,TDL,60-120,43.4
12488,TDL,120+,64.4
12553,BGS,0-5,35.8
12553,BGS,5-15,35.8
12553,BGS,15-30,35.7
12553,BGS,30-60,40.7
12553,BGS,60-120,71.9
12553,BGS,120+,114.8
12553,BJU,0-5,30.7
12553,BJU,5-15,30.7
12553,BJU,15-30,30.7
12553,BJU,30-60,35.4
12553,BJU,60-120,66.2
12553,BJU,120+,108.0
12553,CNB,0-5,28.8
12553,CNB,5-15,28.9
12553,CNB,15-30,29.1
12553,CNB,30-60,34.1
12553,CNB,60-120,63.6
12553,CNB,120+,98.0
12553,CPR,0-5,32.2
12553,CPR,5-15,32.2
12553,CPR,15-30,32.1
12553,CPR,30-60,36.4
12553,CPR,60-120,61.0
12553,CPR,120+,86.1
12553,DEOS,0-5,30.4
12553,DEOS,5-15,30.5
12553,DEOS,15-30,30.6
12553,DEOS,30-60,34.8
12553,DEOS,60-120,61.4
12553,DEOS,120+,85.0
12553,DSS,0-5,29.4
12553,DSS,5-15,29.5
12553,DSS,15-30,29.4
12553,DSS,30-60,32.9
12553,DSS,60-120,58.4
12553,DSS,120+,80.4
12553,ETW,0-5,28.9
12553,ETW,5-15,28.9
12553,ETW,15-30,29.0
12553,ETW,30-60,33.2
12553,ETW,60-120,61.8
12553,ETW,120+,93.2
12553,GKP,0-5,28.9
12553,GKP,5-15,29.0
12553,GKP,15-30,29.1
12553,GKP,30-60,33.3
12553,GKP,60-120,59.2
12553,GKP,120+,83.7
12553,GZB,0-5,26.5
12553,GZB,5-15,26.6
12553,GZB,15-30,27.1
12553,GZB,30-60,31.9
12553,GZB,60-120,60.1
12553,GZB,120+,93.0
12553,HJP,0-5,28.7
12553,HJP,5-15,28.7
12553,HJP,15-30,28.9
12553,HJP,30-60,32.5
12553,HJP,60-120,57.9
12553,HJP,120+,80.3
12553,KGG,0-5,28.2
12553,KGG,5-15,28.2
12553,KGG,15-30,28.3
12553,KGG,30-60,32.1
12553,KGG,60-120,58.7
12553,KGG,120+,86.5
12553,MFP,0-5,27.6
12553,MFP,5-15,27.7
12553,MFP,15-30,27.8
12553,MFP,30-60,31.2
12553,MFP,60-120,55.1
12553,MFP,120+,75.3
12553,MNE,0-5,26.0
12553,MNE,5-15,26.0
12553,MNE,15-30,26.4
12553,MNE,30-60,30.7
12553,MNE,60-120,57.7
12553,MNE,120+,89.0
12553,NDLS,0-5,25.0
12553,NDLS,5-15,25.1
12553,NDLS,15-30,25.4
12553,NDLS,30-60,29.8
12553,NDLS,60-120,56.5
12553,NDLS,120+,87.2
12553,SPJ,0-5,27.4
12553,SPJ,5-15,27.5
12553,SPJ,15-30,27.7
12553,SPJ,30-60,31.2
12553,SPJ,60-120,51.2
12553,SPJ,120+,71.4
12553,SV,0-5,27.0
12553,SV,5-15,27.1
12553,SV,15-30,27.3
12553,SV,30-60,31.1
12553,SV,60-120,51.0
12553,SV,120+,70.6
12553,TDL,0-5,25.3
12553,TDL,5-15,25.3
12553,TDL,15-30,25.7
12553,TDL,30-60,30.0
12553,TDL,60-120,55.9
12553,TDL,120+,86.7
12555,ADR,0-5,135.3
12555,ADR,5-15,135.6
12555,ADR,15-30,135.3
12555,ADR,30-60,124.9
12555,ADR,60-120,132.4
12555,ADR,120+,157.6
12555,BBK,0-5,14.8
12555,BBK,5-15,14.9
12555,BBK,15-30,14.9
12555,BBK,30-60,18.8
12555,BBK,60-120,33.8
12555,BBK,120+,59.5
12555,BGZ,0-5,104.1
12555,BGZ,5-15,104.3
12555,BGZ,15-30,104.0
12555,BGZ,30-60,106.2
12555,BGZ,60-120,124.0
12555,BGZ,120+,162.3
12555,BHT,0-5,110.8
12555,BHT,5-15,111.0
12555,BHT,15-30,110.7
12555,BHT,30-60,110.3
12555,BHT,60-120,129.2
12555,BHT,120+,161.7
12555,BNW,0-5,98.3
12555,BNW,5-15,98.6
12555,BNW,15-30,98.3
12555,BNW,30-60,98.7
12555,BNW,60-120,116.4
12555,BNW,120+,150.9
12555,BST,0-5,4.3
12555,BST,5-15,4.4
12555,BST,15-30,4.6
12555,BST,30-60,7.8
12555,BST,60-120,16.2
12555,BST,120+,35.3
12555,BTI,0-5,68.8
12555,BTI,5-15,69.0
12555,BTI,15-30,68.7
12555,BTI,30-60,74.0
12555,BTI,60-120,95.5
12555,BTI,120+,135.6
12555,BV,0-5,5.0
12555,BV,5-15,5.0
12555,BV,15-30,5.2
12555,BV,30-60,7.6
12555,BV,60-120,16.1
12555,BV,120+,32.6
12555,CNB,0-5,37.7
12555,CNB,5-15,37.7
12555,CNB,15-30,37.4
12555,CNB,30-60,42.7
12555,CNB,60-120,62.5
12555,CNB,120+,96.6
12555,GD,0-5,12.1
12555,GD,5-15,12.1
12555,GD,15-30,12.2
12555,GD,30-60,15.1
12555,GD,60-120,25.6
12555,GD,120+,45.2
12555,GKP,0-5,1.0
12555,GKP,5-15,1.3
12555,GKP,15-30,1.2
12555,GKP,30-60,1.5
12555,GKP,60-120,3.3
12555,GKP,120+,4.9
12555,HSR,0-5,106.3
12555,HSR,5-15,106.5
12555,HSR,15-30,106.2
12555,HSR,30-60,108.4
12555,HSR,60-120,122.5
12555,HSR,120+,158.4
12555,KLD,0-5,1.1
12555,KLD,5-15,1.1
12555,KLD,15-30,1.1
12555,KLD,30-60,2.6
12555,KLD,60-120,8.1
12555,KLD,120+,22.2
12555,KLNK,0-5,105.8
12555,KLNK,5-15,106.0
12555,KLNK,15-30,105.7
12555,KLNK,30-60,107.4
12555,KLNK,60-120,120.1
12555,KLNK,120+,155.0
12555,LKO,0-5,27.0
12555,LKO,5-15,27.0
12555,LKO,15-30,26.0
12555,LKO,30-60,28.6
12555,LKO,60-120,41.6
12555,LKO,120+,69.4
12555,MUR,0-5,9.9
12555,MUR,5-15,9.9
12555,MUR,15-30,10.0
12555,MUR,30-60,12.7
12555,MUR,60-120,22.4
12555,MUR,120+,41.1
12555,NDLS,0-5,62.5
12555,NDLS,5-15,62.7
12555,NDLS,15-30,62.2
12555,NDLS,30-60,65.5
12555,NDLS,60-120,87.3
12555,NDLS,120+,125.6
12555,NNO,0-5,95.6
12555,NNO,5-15,95.9
12555,NNO,15-30,95.3
12555,NNO,30-60,96.9
12555,NNO,60-120,118.4
12555,NNO,120+,154.0
12555,ON,0-5,36.6
12555,ON,5-15,36.6
12555,ON,15-30,36.1
12555,ON,30-60,40.4
12555,ON,60-120,59.1
12555,ON,120+,91.7
12555,ROK,0-5,102.4
12555,ROK,5-15,102.6
12555,ROK,15-30,102.1
12555,ROK,30-60,105.7
12555,ROK,60-120,121.5
12555,ROK,120+,162.6
12555,SSA,0-5,111.5
12555,SSA,5-15,111.7
12555,SSA,15-30,111.1
12555,SSA,30-60,113.7
12555,SSA,60-120,130.3
12555,SSA,120+,164.5
12555,SSB,0-5,95.5
12555,SSB,5-15,95.7
12555,SSB,15-30,95.2
12555,SSB,30-60,98.9
12555,SSB,60-120,115.7
12555,SSB,120+,152.2
12556,ADR,0-5,94.8
12556,ADR,5-15,95.2
12556,ADR,15-30,94.2
12556,ADR,30-60,86.4
12556,ADR,60-120,96.4
12556,ADR,120+,115.5
12556,BBK,0-5,62.2
12556,BBK,5-15,62.4
12556,BBK,15-30,61.6
12556,BBK,30-60,66.6
12556,BBK,60-120,121.2
12556,BBK,120+,177.1
12556,BGZ,0-5,32.2
12556,BGZ,5-15,32.4
12556,BGZ,15-30,31.7
12556,BGZ,30-60,36.1
12556,BGZ,60-120,86.6
12556,BGZ,120+,146.9
12556,BHT,0-5,30.1
12556,BHT,5-15,30.3
12556,BHT,15-30,29.6
12556,BHT,30-60,35.4
12556,BHT,60-120,80.9
12556,BHT,120+,133.3
12556,BNW,0-5,33.5
12556,BNW,5-15,33.7
12556,BNW,15-30,33.0
12556,BNW,30-60,38.5
12556,BNW,60-120,86.8
12556,BNW,120+,139.8
12556,BST,0-5,74.8
12556,BST,5-15,75.0
12556,BST,15-30,75.2
12556,BST,30-60,79.4
12556,BST,60-120,136.6
12556,BST,120+,179.2
12556,BTI,0-5,43.2
12556,BTI,5-15,43.6
12556,BTI,15-30,42.9
12556,BTI,30-60,50.8
12556,BTI,60-120,75.7
12556,BTI,120+,111.2
12556,BV,0-5,78.9
12556,BV,5-15,79.1
12556,BV,15-30,79.3
12556,BV,30-60,82.8
12556,BV,60-120,138.4
12556,BV,120+,183.7
12556,CNB,0-5,47.9
12556,CNB,5-15,48.2
12556,CNB,15-30,47.5
12556,CNB,30-60,52.2
12556,CNB,60-120,108.3
12556,CNB,120+,166.3
12556,GD,0-5,70.1
12556,GD,5-15,70.3
12556,GD,15-30,70.5
12556,GD,30-60,72.6
12556,GD,60-120,127.5
12556,GD,120+,170.1
12556,GKP,0-5,72.7
12556,GKP,5-15,72.9
12556,GKP,15-30,71.6
12556,GKP,30-60,73.7
12556,GKP,60-120,129.5
12556,GKP,120+,175.6
12556,HSR,0-5,31.2
12556,HSR,5-15,31.4
12556,HSR,15-30,30.4
12556,HSR,30-60,34.0
12556,HSR,60-120,80.5
12556,HSR,120+,132.6
12556,KLD,0-5,81.8
12556,KLD,5-15,82.0
12556,KLD,15-30,80.7
12556,KLD,30-60,82.6
12556,KLD,60-120,136.0
12556,KLD,120+,186.7
12556,KLNK,0-5,41.2
12556,KLNK,5-15,41.4
12556,KLNK,15-30,40.4
12556,KLNK,30-60,43.6
12556,KLNK,60-120,91.7
12556,KLNK,120+,143.8
12556,LKO,0-5,62.6
12556,LKO,5-15,62.8
12556,LKO,15-30,61.9
12556,LKO,30-60,66.0
12556,LKO,60-120,122.0
12556,LKO,120+,181.2
12556,MUR,0-5,76.7
12556,MUR,5-15,76.9
12556,MUR,15-30,75.6
12556,MUR,30-60,77.7
12556,MUR,60-120,131.4
12556,MUR,120+,173.0
12556,NDLS,0-5,46.6
12556,NDLS,5-15,46.8
12556,NDLS,15-30,45.9
12556,NDLS,30-60,50.3
12556,NDLS,60-120,106.6
12556,NDLS,120+,165.2
12556,NNO,0-5,40.7
12556,NNO,5-15,40.9
12556,NNO,15-30,39.9
12556,NNO,30-60,43.0
12556,NNO,60-120,92.0
12556,NNO,120+,144.2
12556,ON,0-5,48.7
12556,ON,5-15,48.9
12556,ON,15-30,48.0
12556,ON,30-60,51.6
12556,ON,60-120,106.7
12556,ON,120+,163.6
12556,ROK,0-5,31.0
12556,ROK,5-15,31.2
12556,ROK,15-30,30.2
12556,ROK,30-60,34.8
12556,ROK,60-120,84.8
12556,ROK,120+,142.1
12556,SSA,0-5,29.9
12556,SSA,5-15,30.1
12556,SSA,15-30,29.2
12556,SSA,30-60,32.8
12556,SSA,60-120,79.8
12556,SSA,120+,131.7
12556,SSB,0-5,43.4
12556,SSB,5-15,43.6
12556,SSB,15-30,42.7
12556,SSB,30-60,47.4
12556,SSB,60-120,107.3
12556,SSB,120+,163.7
12557,ANVT,0-5,74.5
12557,ANVT,5-15,74.5
12557,ANVT,15-30,74.1
12557,ANVT,30-60,74.6
12557,ANVT,60-120,108.9
12557,ANVT,120+,143.7
12557,BMKI,0-5,18.3
12557,BMKI,5-15,18.3
12557,BMKI,15-30,18.3
12557,BMKI,30-60,23.2
12557,BMKI,60-120,52.5
12557,BMKI,120+,79.0
12557,BTH,0-5,24.0
12557,BTH,5-15,24.0
12557,BTH,15-30,24.3
12557,BTH,30-60,30.3
12557,BTH,60-120,62.8
12557,BTH,120+,97.6
12557,BUG,0-5,23.9
12557,BUG,5-15,24.0
12557,BUG,15-30,24.3
12557,BUG,30-60,30.3
12557,BUG,60-120,62.8
12557,BUG,120+,98.9
12557,CAA,0-5,11.4
12557,CAA,5-15,11.4
12557,CAA,15-30,11.4
12557,CAA,30-60,16.7
12557,CAA,60-120,39.1
12557,CAA,120+,62.8
12557,CAI,0-5,25.9
12557,CAI,5-15,25.9
12557,CAI,15-30,26.1
12557,CAI,30-60,32.4
12557,CAI,60-120,65.2
12557,CAI,120+,103.7
12557,CPJ,0-5,12.6
12557,CPJ,5-15,12.7
12557,CPJ,15-30,12.7
12557,CPJ,30-60,17.8
12557,CPJ,60-120,42.5
12557,CPJ,120+,67.1
12557,GD,0-5,33.5
12557,GD,5-15,33.5
12557,GD,15-30,33.3
12557,GD,30-60,39.6
12557,GD,60-120,73.5
12557,GD,120+,121.6
12557,GKP,0-5,24.4
12557,GKP,5-15,24.4
12557,GKP,15-30,24.6
12557,GKP,30-60,29.2
12557,GKP,60-120,58.9
12557,GKP,120+,87.5
12557,HIR,0-5,24.2
12557,HIR,5-15,24.3
12557,HIR,15-30,24.6
12557,HIR,30-60,30.0
12557,HIR,60-120,61.5
12557,HIR,120+,96.9
12557,LKO,0-5,33.5
12557,LKO,5-15,33.5
12557,LKO,15-30,33.3
12557,LKO,30-60,39.3
12557,LKO,60-120,72.5
12557,LKO,120+,119.5
12557,MAI,0-5,8.0
12557,MAI,5-15,8.0
12557,MAI,15-30,7.8
12557,MAI,30-60,12.0
12557,MAI,60-120,28.8
12557,MAI,120+,47.8
12557,MB,0-5,44.6
12557,MB,5-15,44.6
12557,MB,15-30,44.4
12557,MB,30-60,50.9
12557,MB,60-120,86.4
12557,MB,120+,135.0
12557,MFP,0-5,1.9
12557,MFP,5-15,1.9
12557,MFP,15-30,1.7
12557,MFP,30-60,2.7
12557,MFP,60-120,13.1
12557,MFP,120+,17.8
12557,MTR,0-5,5.1
12557,MTR,5-15,5.1
12557,MTR,15-30,4.9
12557,MTR,30-60,7.8
12557,MTR,60-120,23.2
12557,MTR,120+,35.2
12557,NKE,0-5,24.4
12557,NKE,5-15,24.4
12557,NKE,15-30,24.7
12557,NKE,30-60,30.2
12557,NKE,60-120,60.9
12557,NKE,120+,96.3
12557,PPA,0-5,12.4
12557,PPA,5-15,12.5
12557,PPA,15-30,12.5
12557,PPA,30-60,17.1
12557,PPA,60-120,39.0
12557,PPA,120+,61.9
12557,SBZ,0-5,13.5
12557,SBZ,5-15,13.5
12557,SBZ,15-30,13.6
12557,SBZ,30-60,18.6
12557,SBZ,60-120,43.2
12557,SBZ,120+,68.0
12557,SGL,0-5,15.9
12557,SGL,5-15,15.9
12557,SGL,15-30,16.0
12557,SGL,30-60,20.8
12557,SGL,60-120,47.4
12557,SGL,120+,74.4
12558,ANVT,0-5,8.5
12558,ANVT,5-15,8.5
12558,ANVT,15-30,7.8
12558,ANVT,30-60,9.4
12558,ANVT,60-120,24.9
12558,ANVT,120+,36.0
12558,BMKI,0-5,36.5
12558,BMKI,5-15,36.5
12558,BMKI,15-30,36.6
12558,BMKI,30-60,43.7
12558,BMKI,60-120,80.2
12558,BMKI,120+,134.0
12558,BTH,0-5,37.8
12558,BTH,5-15,37.8
12558,BTH,15-30,37.9
12558,BTH,30-60,44.7
12558,BTH,60-120,81.6
12558,BTH,120+,136.1
12558,BUG,0-5,26.5
12558,BUG,5-15,26.5
12558,BUG,15-30,26.7
12558,BUG,30-60,33.1
12558,BUG,60-120,63.6
12558,BUG,120+,113.5
12558,CAA,0-5,38.0
12558,CAA,5-15,38.0
12558,CAA,15-30,38.1
12558,CAA,30-60,45.4
12558,CAA,60-120,82.1
12558,CAA,120+,136.6
12558,CAI,0-5,34.7
12558,CAI,5-15,34.7
12558,CAI,15-30,34.7
12558,CAI,30-60,41.4
12558,CAI,60-120,81.3
12558,CAI,120+,135.7
12558,CPJ,0-5,26.6
12558,CPJ,5-15,26.7
12558,CPJ,15-30,26.8
12558,CPJ,30-60,33.2
12558,CPJ,60-120,63.4
12558,CPJ,120+,112.4
12558,GD,0-5,31.5
12558,GD,5-15,31.5
12558,GD,15-30,31.6
12558,GD,30-60,37.7
12558,GD,60-120,70.0
12558,GD,120+,120.2
12558,GKP,0-5,24.2
12558,GKP,5-15,24.2
12558,GKP,15-30,24.2
12558,GKP,30-60,29.2
12558,GKP,60-120,54.0
12558,GKP,120+,97.9
12558,HIR,0-5,30.4
12558,HIR,5-15,30.4
12558,HIR,15-30,30.5
12558,HIR,30-60,36.4
12558,HIR,60-120,68.6
12558,HIR,120+,118.5
12558,LKO,0-5,29.7
12558,LKO,5-15,29.7
12558,LKO,15-30,29.8
12558,LKO,30-60,35.6
12558,LKO,60-120,65.5
12558,LKO,120+,114.5
12558,MAI,0-5,39.2
12558,MAI,5-15,39.2
12558,MAI,15-30,39.3
12558,MAI,30-60,46.1
12558,MAI,60-120,81.5
12558,MAI,120+,134.9
12558,MB,0-5,13.6
12558,MB,5-15,13.7
12558,MB,15-30,13.5
12558,MB,30-60,17.9
12558,MB,60-120,40.0
12558,MB,120+,71.3
12558,MFP,0-5,28.2
12558,MFP,5-15,28.3
12558,MFP,15-30,28.4
12558,MFP,30-60,33.8
12558,MFP,60-120,61.4
12558,MFP,120+,107.5
12558,MTR,0-5,38.5
12558,MTR,5-15,38.6
12558,MTR,15-30,38.7
12558,MTR,30-60,45.5
12558,MTR,60-120,81.0
12558,MTR,120+,133.9
12558,NKE,0-5,30.3
12558,NKE,5-15,30.3
12558,NKE,15-30,30.4
12558,NKE,30-60,36.4
12558,NKE,60-120,68.4
12558,NKE,120+,117.7
12558,PPA,0-5,37.1
12558,PPA,5-15,37.2
12558,PPA,15-30,37.3
12558,PPA,30-60,44.5
12558,PPA,60-120,79.5
12558,PPA,120+,132.6
12558,SBZ,0-5,29.4
12558,SBZ,5-15,29.4
12558,SBZ,15-30,29.5
12558,SBZ,30-60,35.3
12558,SBZ,60-120,67.4
12558,SBZ,120+,116.3
12558,SGL,0-5,41.5
12558,SGL,5-15,41.5
12558,SGL,15-30,41.6
12558,SGL,30-60,48.0
12558,SGL,60-120,83.6
12558,SGL,120+,137.3
12559,BNRS,0-5,2.2
12559,BNRS,5-15,2.3
12559,BNRS,15-30,4.0
12559,BNRS,30-60,7.6
12559,BNRS,60-120,21.9
12559,BNRS,120+,42.4
12559,BSBS,0-5,3.2
12559,BSBS,5-15,3.2
12559,BSBS,15-30,4.6
12559,BSBS,30-60,10.6
12559,BSBS,60-120,25.8
12559,BSBS,120+,50.3
12559,CNB,0-5,24.3
12559,CNB,5-15,24.4
12559,CNB,15-30,23.8
12559,CNB,30-60,33.8
12559,CNB,60-120,58.0
12559,CNB,120+,101.5
12559,GYN,0-5,6.0
12559,GYN,5-15,6.1
12559,GYN,15-30,7.3
12559,GYN,30-60,10.8
12559,GYN,60-120,28.1
12559,GYN,120+,55.3
12559,NDLS,0-5,41.0
12559,NDLS,5-15,41.0
12559,NDLS,15-30,39.3
12559,NDLS,30-60,52.3
12559,NDLS,60-120,94.0
12559,NDLS,120+,152.9
12559,PRYJ,0-5,18.2
12559,PRYJ,5-15,18.3
12559,PRYJ,15-30,16.9
12559,PRYJ,30-60,22.9
12559,PRYJ,60-120,45.2
12559,PRYJ,120+,78.9
12560,BNRS,0-5,26.3
12560,BNRS,5-15,26.4
12560,BNRS,15-30,28.1
12560,BNRS,30-60,36.3
12560,BNRS,60-120,77.0
12560,BNRS,120+,120.5
12560,BSBS,0-5,10.7
12560,BSBS,5-15,10.7
12560,BSBS,15-30,12.2
12560,BSBS,30-60,18.3
12560,BSBS,60-120,39.5
12560,BSBS,120+,68.7
12560,CNB,0-5,38.3
12560,CNB,5-15,38.3
12560,CNB,15-30,36.3
12560,CNB,30-60,52.9
12560,CNB,60-120,93.8
12560,CNB,120+,157.4
12560,GYN,0-5,26.0
12560,GYN,5-15,26.0
12560,GYN,15-30,24.3
12560,GYN,30-60,31.3
12560,GYN,60-120,68.7
12560,GYN,120+,122.0
12560,NDLS,0-5,12.8
12560,NDLS,5-15,12.8
12560,NDLS,15-30,11.6
12560,NDLS,30-60,14.9
12560,NDLS,60-120,33.8
12560,NDLS,120+,58.1
12560,PRYJ,0-5,33.8
12560,PRYJ,5-15,33.9
12560,PRYJ,15-30,28.9
12560,PRYJ,30-60,38.3
12560,PRYJ,60-120,76.4
12560,PRYJ,120+,128.2
12561,ALJN,0-5,37.8
12561,ALJN,5-15,37.8
12561,ALJN,15-30,39.3
12561,ALJN,30-60,45.6
12561,ALJN,60-120,79.5
12561,ALJN,120+,125.9
12561,ARJ,0-5,13.4
12561,ARJ,5-15,13.5
12561,ARJ,15-30,14.1
12561,ARJ,30-60,21.7
12561,ARJ,60-120,46.0
12561,ARJ,120+,84.0
12561,BSB,0-5,12.8
12561,BSB,5-15,12.8
12561,BSB,15-30,13.6
12561,BSB,30-60,20.8
12561,BSB,60-120,44.0
12561,BSB,120+,82.7
12561,BUI,0-5,15.4
12561,BUI,5-15,15.4
12561,BUI,15-30,16.2
12561,BUI,30-60,24.1
12561,BUI,60-120,50.0
12561,BUI,120+,91.2
12561,CNB,0-5,27.7
12561,CNB,5-15,27.7
12561,CNB,15-30,28.5
12561,CNB,30-60,38.0
12561,CNB,60-120,73.8
12561,CNB,120+,120.5
12561,CPR,0-5,7.0
12561,CPR,5-15,7.0
12561,CPR,15-30,7.6
12561,CPR,30-60,12.3
12561,CPR,60-120,28.3
12561,CPR,120+,49.3
12561,DBG,0-5,10.1
12561,DBG,5-15,10.2
12561,DBG,15-30,10.9
12561,DBG,30-60,17.0
12561,DBG,60-120,38.3
12561,DBG,120+,70.2
12561,GCT,0-5,15.4
12561,GCT,5-15,15.4
12561,GCT,15-30,16.2
12561,GCT,30-60,23.9
12561,GCT,60-120,49.7
12561,GCT,120+,90.8
12561,GYN,0-5,15.6
12561,GYN,5-15,15.6
12561,GYN,15-30,16.4
12561,GYN,30-60,23.9
12561,GYN,60-120,49.5
12561,GYN,120+,90.0
12561,GZB,0-5,28.2
12561,GZB,5-15,28.2
12561,GZB,15-30,28.9
12561,GZB,30-60,38.0
12561,GZB,60-120,75.8
12561,GZB,120+,124.3
12561,HJP,0-5,14.2
12561,HJP,5-15,14.2
12561,HJP,15-30,14.8
12561,HJP,30-60,21.5
12561,HJP,60-120,39.6
12561,HJP,120+,72.1
12561,JYG,0-5,2.6
12561,JYG,5-15,2.7
12561,JYG,15-30,3.1
12561,JYG,30-60,6.3
12561,JYG,60-120,20.1
12561,JYG,120+,40.1
12561,LSI,0-5,13.5
12561,LSI,5-15,13.6
12561,LSI,15-30,14.3
12561,LSI,30-60,21.5
12561,LSI,60-120,45.2
12561,LSI,120+,83.8
12561,MBI,0-5,12.1
12561,MBI,5-15,12.1
12561,MBI,15-30,12.9
12561,MBI,30-60,19.5
12561,MBI,60-120,41.5
12561,MBI,120+,76.9
12561,MFP,0-5,10.8
12561,MFP,5-15,10.9
12561,MFP,15-30,11.5
12561,MFP,30-60,17.3
12561,MFP,60-120,33.6
12561,MFP,120+,62.6
12561,NDLS,0-5,30.7
12561,NDLS,5-15,30.8
12561,NDLS,15-30,32.5
12561,NDLS,30-60,43.7
12561,NDLS,60-120,82.3
12561,NDLS,120+,134.3
12561,PRYJ,0-5,17.9
12561,PRYJ,5-15,18.0
12561,PRYJ,15-30,18.7
12561,PRYJ,30-60,26.5
12561,PRYJ,60-120,54.2
12561,PRYJ,120+,94.7
12561,SEE,0-5,18.6
12561,SEE,5-15,18.6
12561,SEE,15-30,19.4
12561,SEE,30-60,27.2
12561,SEE,60-120,56.1
12561,SEE,120+,97.1
12561,SIP,0-5,15.5
12561,SIP,5-15,15.6
12561,SIP,15-30,16.3
12561,SIP,30-60,23.8
12561,SIP,60-120,48.5
12561,SIP,120+,88.5
12561,SKI,0-5,18.5
12561,SKI,5-15,18.5
12561,SKI,15-30,19.3
12561,SKI,30-60,27.1
12561,SKI,60-120,55.5
12561,SKI,120+,95.3
12561,SPJ,0-5,10.0
12561,SPJ,5-15,10.1
12561,SPJ,15-30,10.6
12561,SPJ,30-60,15.8
12561,SPJ,60-120,30.6
12561,SPJ,120+,54.8
12562,ALJN,0-5,25.0
12562,ALJN,5-15,25.0
12562,ALJN,15-30,25.0
12562,ALJN,30-60,28.4
12562,ALJN,60-120,56.0
12562,ALJN,120+,93.5
12562,ARJ,0-5,30.9
12562,ARJ,5-15,31.0
12562,ARJ,15-30,31.6
12562,ARJ,30-60,40.8
12562,ARJ,60-120,78.0
12562,ARJ,120+,134.1
12562,BSB,0-5,16.1
12562,BSB,5-15,16.1
12562,BSB,15-30,16.6
12562,BSB,30-60,24.1
12562,BSB,60-120,53.2
12562,BSB,120+,102.8
12562,BUI,0-5,26.1
12562,BUI,5-15,26.1
12562,BUI,15-30,26.8
12562,BUI,30-60,35.5
12562,BUI,60-120,72.2
12562,BUI,120+,127.4
12562,CNB,0-5,25.3
12562,CNB,5-15,25.3
12562,CNB,15-30,25.5
12562,CNB,30-60,33.1
12562,CNB,60-120,69.0
12562,CNB,120+,121.0
12562,CPR,0-5,20.3
12562,CPR,5-15,20.4
12562,CPR,15-30,20.4
12562,CPR,30-60,27.5
12562,CPR,60-120,56.5
12562,CPR,120+,101.4
12562,DBG,0-5,31.2
12562,DBG,5-15,31.2
12562,DBG,15-30,31.9
12562,DBG,30-60,42.0
12562,DBG,60-120,79.0
12562,DBG,120+,138.6
12562,GCT,0-5,28.3
12562,GCT,5-15,28.3
12562,GCT,15-30,29.0
12562,GCT,30-60,38.8
12562,GCT,60-120,75.3
12562,GCT,120+,132.7
12562,GYN,0-5,25.0
12562,GYN,5-15,25.0
12562,GYN,15-30,25.5
12562,GYN,30-60,32.7
12562,GYN,60-120,68.3
12562,GYN,120+,122.3
12562,HJP,0-5,27.8
12562,HJP,5-15,27.8
12562,HJP,15-30,28.1
12562,HJP,30-60,35.2
12562,HJP,60-120,67.7
12562,HJP,120+,116.6
12562,JYG,0-5,34.3
12562,JYG,5-15,34.3
12562,JYG,15-30,35.1
12562,JYG,30-60,44.8
12562,JYG,60-120,81.9
12562,JYG,120+,142.1
12562,LSI,0-5,32.3
12562,LSI,5-15,32.4
12562,LSI,15-30,33.0
12562,LSI,30-60,42.8
12562,LSI,60-120,79.3
12562,LSI,120+,139.5
12562,MBI,0-5,39.9
12562,MBI,5-15,39.9
12562,MBI,15-30,40.8
12562,MBI,30-60,51.3
12562,MBI,60-120,90.6
12562,MBI,120+,151.1
12562,MFP,0-5,20.8
12562,MFP,5-15,20.8
12562,MFP,15-30,20.8
12562,MFP,30-60,27.0
12562,MFP,60-120,56.2
12562,MFP,120+,101.9
12562,NDLS,0-5,10.3
12562,NDLS,5-15,10.3
12562,NDLS,15-30,10.5
12562,NDLS,30-60,15.8
12562,NDLS,60-120,36.4
12562,NDLS,120+,78.6
12562,PRYJ,0-5,16.5
12562,PRYJ,5-15,16.5
12562,PRYJ,15-30,17.0
12562,PRYJ,30-60,23.5
12562,PRYJ,60-120,52.1
12562,PRYJ,120+,99.0
12562,SEE,0-5,27.4
12562,SEE,5-15,27.4
12562,SEE,15-30,28.1
12562,SEE,30-60,37.2
12562,SEE,60-120,72.2
12562,SEE,120+,126.1
12562,SIP,0-5,24.8
12562,SIP,5-15,24.8
12562,SIP,15-30,25.3
12562,SIP,30-60,31.9
12562,SIP,60-120,66.3
12562,SIP,120+,118.8
12562,SKI,0-5,36.6
12562,SKI,5-15,36.6
12562,SKI,15-30,37.5
12562,SKI,30-60,47.2
12562,SKI,60-120,85.5
12562,SKI,120+,145.4
12562,SPJ,0-5,29.9
12562,SPJ,5-15,29.9
12562,SPJ,15-30,30.2
12562,SPJ,30-60,37.9
12562,SPJ,60-120,69.7
12562,SPJ,120+,119.7
12607,AB,0-5,23.6
12607,AB,5-15,23.6
12607,AB,15-30,23.9
12607,AB,30-60,30.4
12607,AB,60-120,57.3
12607,AB,120+,97.3
12607,AJJ,0-5,14.5
12607,AJJ,5-15,14.5
12607,AJJ,15-30,14.3
12607,AJJ,30-60,22.8
12607,AJJ,60-120,43.9
12607,AJJ,120+,82.4
12607,BNC,0-5,32.4
12607,BNC,5-15,32.4
12607,BNC,15-30,33.2
12607,BNC,30-60,43.5
12607,BNC,60-120,82.5
12607,BNC,120+,134.4
12607,BWT,0-5,19.6
12607,BWT,5-15,19.7
12607,BWT,15-30,20.1
12607,BWT,30-60,29.8
12607,BWT,60-120,59.4
12607,BWT,120+,105.9
12607,JTJ,0-5,8.7
12607,JTJ,5-15,8.7
12607,JTJ,15-30,8.8
12607,JTJ,30-60,15.9
12607,JTJ,60-120,38.9
12607,JTJ,120+,70.7
12607,KJM,0-5,36.2
12607,KJM,5-15,36.3
12607,KJM,15-30,38.2
12607,KJM,30-60,49.6
12607,KJM,60-120,88.0
12607,KJM,120+,142.3
12607,KPD,0-5,17.9
12607,KPD,5-15,17.9
12607,KPD,15-30,18.3
12607,KPD,30-60,27.1
12607,KPD,60-120,53.9
12607,KPD,120+,97.8
12607,KPN,0-5,15.4
12607,KPN,5-15,15.5
12607,KPN,15-30,15.6
12607,KPN,30-60,24.0
12607,KPN,60-120,48.7
12607,KPN,120+,91.1
12607,MAS,0-5,4.3
12607,MAS,5-15,4.3
12607,MAS,15-30,4.2
12607,MAS,30-60,8.9
12607,MAS,60-120,26.1
12607,MAS,120+,50.7
12607,PER,0-5,4.9
12607,PER,5-15,4.9
12607,PER,15-30,4.6
12607,PER,30-60,9.4
12607,PER,60-120,25.6
12607,PER,120+,48.6
12607,SBC,0-5,11.1
12607,SBC,5-15,11.1
12607,SBC,15-30,11.2
12607,SBC,30-60,17.9
12607,SBC,60-120,40.9
12607,SBC,120+,74.3
12607,SHU,0-5,16.0
12607,SHU,5-15,16.0
12607,SHU,15-30,16.3
12607,SHU,30-60,24.5
12607,SHU,60-120,49.1
12607,SHU,120+,90.7
12607,WJR,0-5,16.7
12607,WJR,5-15,16.8
12607,WJR,15-30,17.1
12607,WJR,30-60,25.3
12607,WJR,60-120,50.9
12607,WJR,120+,92.5
12608,AB,0-5,15.2
12608,AB,5-15,15.3
12608,AB,15-30,15.9
12608,AB,30-60,21.9
12608,AB,60-120,46.0
12608,AB,120+,76.7
12608,AJJ,0-5,16.3
12608,AJJ,5-15,16.3
12608,AJJ,15-30,17.2
12608,AJJ,30-60,25.8
12608,AJJ,60-120,53.5
12608,AJJ,120+,96.5
12608,BNC,0-5,3.9
12608,BNC,5-15,3.9
12608,BNC,15-30,4.7
12608,BNC,30-60,10.4
12608,BNC,60-120,30.7
12608,BNC,120+,56.4
12608,BWT,0-5,11.2
12608,BWT,5-15,11.2
12608,BWT,15-30,12.0
12608,BWT,30-60,19.7
12608,BWT,60-120,44.2
12608,BWT,120+,82.1
12608,JTJ,0-5,11.6
12608,JTJ,5-15,11.6
12608,JTJ,15-30,12.3
12608,JTJ,30-60,20.3
12608,JTJ,60-120,44.8
12608,JTJ,120+,83.4
12608,KJM,0-5,6.2
12608,KJM,5-15,6.2
12608,KJM,15-30,7.0
12608,KJM,30-60,13.5
12608,KJM,60-120,36.0
12608,KJM,120+,66.0
12608,KPD,0-5,14.1
12608,KPD,5-15,14.1
12608,KPD,15-30,14.8
12608,KPD,30-60,23.2
12608,KPD,60-120,49.1
12608,KPD,120+,89.6
12608,KPN,0-5,12.3
12608,KPN,5-15,12.4
12608,KPN,15-30,13.1
12608,KPN,30-60,20.9
12608,KPN,60-120,46.5
12608,KPN,120+,84.0
12608,MAS,0-5,4.1
12608,MAS,5-15,4.1
12608,MAS,15-30,4.8
12608,MAS,30-60,9.7
12608,MAS,60-120,29.8
12608,MAS,120+,54.1
12608,PER,0-5,22.2
12608,PER,5-15,22.3
12608,PER,15-30,23.3
12608,PER,30-60,32.0
12608,PER,60-120,64.7
12608,PER,120+,109.6
12608,SBC,0-5,3.1
12608,SBC,5-15,3.1
12608,SBC,15-30,3.6
12608,SBC,30-60,8.3
12608,SBC,60-120,25.6
12608,SBC,120+,49.3
12608,SHU,0-5,14.6
12608,SHU,5-15,14.7
12608,SHU,15-30,15.4
12608,SHU,30-60,23.1
12608,SHU,60-120,48.6
12608,SHU,120+,89.1
12608,WJR,0-5,15.4
12608,WJR,5-15,15.4
12608,WJR,15-30,16.3
12608,WJR,30-60,24.0
12608,WJR,60-120,49.6
12608,WJR,120+,91.0
12609,AJJ,0-5,19.0
12609,AJJ,5-15,19.0
12609,AJJ,15-30,19.7
12609,AJJ,30-60,26.2
12609,AJJ,60-120,50.5
12609,AJJ,120+,90.3
12609,BNC,0-5,15.3
12609,BNC,5-15,15.3
12609,BNC,15-30,15.7
12609,BNC,30-60,23.9
12609,BNC,60-120,45.1
12609,BNC,120+,88.3
12609,BNCE,0-5,21.7
12609,BNCE,5-15,21.7
12609,BNCE,15-30,22.4
12609,BNCE,30-60,30.2
12609,BNCE,60-120,53.5
12609,BNCE,120+,95.6
12609,BWT,0-5,23.1
12609,BWT,5-15,23.1
12609,BWT,15-30,23.7
12609,BWT,30-60,31.1
12609,BWT,60-120,57.4
12609,BWT,120+,101.3
12609,JTJ,0-5,20.6
12609,JTJ,5-15,20.6
12609,JTJ,15-30,21.2
12609,JTJ,30-60,27.9
12609,JTJ,60-120,53.0
12609,JTJ,120+,92.7
12609,KJM,0-5,22.3
12609,KJM,5-15,22.4
12609,KJM,15-30,23.1
12609,KJM,30-60,29.5
12609,KJM,60-120,55.3
12609,KJM,120+,99.1
12609,KPD,0-5,23.4
12609,KPD,5-15,23.4
12609,KPD,15-30,24.0
12609,KPD,30-60,30.3
12609,KPD,60-120,56.3
12609,KPD,120+,98.9
12609,KPN,0-5,21.8
12609,KPN,5-15,21.8
12609,KPN,15-30,22.4
12609,KPN,30-60,28.2
12609,KPN,60-120,53.3
12609,KPN,120+,97.0
12609,MYS,0-5,20.2
12609,MYS,5-15,20.2
12609,MYS,15-30,20.8
12609,MYS,30-60,27.1
12609,MYS,60-120,50.8
12609,MYS,120+,90.2
12609,SBC,0-5,21.8
12609,SBC,5-15,21.8
12609,SBC,15-30,22.4
12609,SBC,30-60,28.8
12609,SBC,60-120,53.4
12609,SBC,120+,92.1
12609,SHU,0-5,22.3
12609,SHU,5-15,22.4
12609,SHU,15-30,23.0
12609,SHU,30-60,29.3
12609,SHU,60-120,53.9
12609,SHU,120+,92.8
12609,WJR,0-5,21.1
12609,WJR,5-15,21.1
12609,WJR,15-30,21.7
12609,WJR,30-60,27.6
12609,WJR,60-120,52.3
12609,WJR,120+,93.4
12610,AJJ,0-5,24.2
12610,AJJ,5-15,24.2
12610,AJJ,15-30,24.7
12610,AJJ,30-60,31.3
12610,AJJ,60-120,57.5
12610,AJJ,120+,101.5
12610,BNC,0-5,26.8
12610,BNC,5-15,26.8
12610,BNC,15-30,27.4
12610,BNC,30-60,34.0
12610,BNC,60-120,61.9
12610,BNC,120+,103.2
12610,BWT,0-5,22.1
12610,BWT,5-15,22.2
12610,BWT,15-30,22.8
12610,BWT,30-60,29.2
12610,BWT,60-120,55.0
12610,BWT,120+,95.2
12610,CPT,0-5,24.2
12610,CPT,5-15,24.2
12610,CPT,15-30,24.9
12610,CPT,30-60,31.3
12610,CPT,60-120,57.6
12610,CPT,120+,96.5
12610,GYM,0-5,21.9
12610,GYM,5-15,22.0
12610,GYM,15-30,22.7
12610,GYM,30-60,29.5
12610,GYM,60-120,55.7
12610,GYM,120+,100.5
12610,JTJ,0-5,20.7
12610,JTJ,5-15,20.7
12610,JTJ,15-30,21.3
12610,JTJ,30-60,27.7
12610,JTJ,60-120,53.3
12610,JTJ,120+,95.7
12610,KGI,0-5,20.4
12610,KGI,5-15,20.4
12610,KGI,15-30,21.1
12610,KGI,30-60,27.7
12610,KGI,60-120,51.5
12610,KGI,120+,90.4
12610,KJM,0-5,19.5
12610,KJM,5-15,19.5
12610,KJM,15-30,20.3
12610,KJM,30-60,26.5
12610,KJM,60-120,51.4
12610,KJM,120+,90.5
12610,KPD,0-5,19.5
12610,KPD,5-15,19.5
12610,KPD,15-30,20.3
12610,KPD,30-60,26.5
12610,KPD,60-120,51.3
12610,KPD,120+,91.1
12610,KPN,0-5,19.8
12610,KPN,5-15,19.8
12610,KPN,15-30,20.5
12610,KPN,30-60,26.9
12610,KPN,60-120,51.5
12610,KPN,120+,91.5
12610,MAD,0-5,20.2
12610,MAD,5-15,20.3
12610,MAD,15-30,20.9
12610,MAD,30-60,27.1
12610,MAD,60-120,49.5
12610,MAD,120+,87.4
12610,MAS,0-5,19.7
12610,MAS,5-15,19.7
12610,MAS,15-30,20.5
12610,MAS,30-60,26.3
12610,MAS,60-120,51.7
12610,MAS,120+,92.1
12610,MCN,0-5,19.0
12610,MCN,5-15,19.0
12610,MCN,15-30,19.7
12610,MCN,30-60,25.9
12610,MCN,60-120,49.9
12610,MCN,120+,89.1
12610,MLO,0-5,19.2
12610,MLO,5-15,19.3
12610,MLO,15-30,20.0
12610,MLO,30-60,26.2
12610,MLO,60-120,50.4
12610,MLO,120+,89.1
12610,MYA,0-5,20.0
12610,MYA,5-15,20.0
12610,MYA,15-30,20.7
12610,MYA,30-60,26.9
12610,MYA,60-120,49.4
12610,MYA,120+,86.2
12610,PANP,0-5,21.1
12610,PANP,5-15,21.1
12610,PANP,15-30,21.7
12610,PANP,30-60,27.4
12610,PANP,60-120,49.8
12610,PANP,120+,89.1
12610,PER,0-5,20.8
12610,PER,5-15,20.8
12610,PER,15-30,21.6
12610,PER,30-60,27.7
12610,PER,60-120,52.1
12610,PER,120+,94.2
12610,RMGM,0-5,21.1
12610,RMGM,5-15,21.1
12610,RMGM,15-30,21.8
12610,RMGM,30-60,28.0
12610,RMGM,60-120,50.4
12610,RMGM,120+,90.6
12610,SBC,0-5,20.7
12610,SBC,5-15,20.7
12610,SBC,15-30,21.5
12610,SBC,30-60,28.0
12610,SBC,60-120,52.4
12610,SBC,120+,94.5
12610,SHU,0-5,20.6
12610,SHU,5-15,20.6
12610,SHU,15-30,21.2
12610,SHU,30-60,27.7
12610,SHU,60-120,51.8
12610,SHU,120+,93.5
12610,TRL,0-5,20.6
12610,TRL,5-15,20.7
12610,TRL,15-30,21.4
12610,TRL,30-60,27.6
12610,TRL,60-120,51.8
12610,TRL,120+,93.5
12610,VN,0-5,20.8
12610,VN,5-15,20.9
12610,VN,15-30,21.6
12610,VN,30-60,27.8
12610,VN,60-120,51.8
12610,VN,120+,93.6
12610,WFD,0-5,20.9
12610,WFD,5-15,20.9
12610,WFD,15-30,21.7
12610,WFD,30-60,27.9
12610,WFD,60-120,51.5
12610,WFD,120+,93.5
12610,WJR,0-5,21.4
12610,WJR,5-15,21.4
12610,WJR,15-30,22.2
12610,WJR,30-60,28.2
12610,WJR,60-120,52.2
12610,WJR,120+,94.1
12615,AGC,0-5,39.7
12615,AGC,5-15,39.7
12615,AGC,15-30,39.8
12615,AGC,30-60,42.9
12615,AGC,60-120,70.3
12615,AGC,120+,101.6
12615,AMLA,0-5,27.2
12615,AMLA,5-15,27.2
12615,AMLA,15-30,27.3
12615,AMLA,30-60,33.6
12615,AMLA,60-120,61.3
12615,AMLA,120+,86.4
12615,BAQ,0-5,22.7
12615,BAQ,5-15,22.7
12615,BAQ,15-30,23.1
12615,BAQ,30-60,29.3
12615,BAQ,60-120,56.9
12615,BAQ,120+,86.0
12615,BFP,0-5,35.1
12615,BFP,5-15,35.2
12615,BFP,15-30,35.9
12615,BFP,30-60,43.3
12615,BFP,60-120,76.7
12615,BFP,120+,125.4
12615,BHS,0-5,23.5
12615,BHS,5-15,23.5
12615,BHS,15-30,23.9
12615,BHS,30-60,30.3
12615,BHS,60-120,59.3
12615,BHS,120+,88.4
12615,BINA,0-5,15.0
12615,BINA,5-15,15.0
12615,BINA,15-30,15.3
12615,BINA,30-60,21.6
12615,BINA,60-120,42.8
12615,BINA,120+,63.1
12615,BPL,0-5,15.0
12615,BPL,5-15,15.1
12615,BPL,15-30,15.4
12615,BPL,30-60,21.2
12615,BPL,60-120,42.2
12615,BPL,120+,62.6
12615,BPQ,0-5,3.1
12615,BPQ,5-15,3.2
12615,BPQ,15-30,3.4
12615,BPQ,30-60,6.2
12615,BPQ,60-120,18.6
12615,BPQ,120+,25.9
12615,BZA,0-5,15.8
12615,BZA,5-15,15.8
12615,BZA,15-30,16.2
12615,BZA,30-60,21.8
12615,BZA,60-120,43.3
12615,BZA,120+,63.5
12615,BZU,0-5,27.3
12615,BZU,5-15,27.3
12615,BZU,15-30,28.1
12615,BZU,30-60,34.7
12615,BZU,60-120,65.2
12615,BZU,120+,100.5
12615,CD,0-5,5.8
12615,CD,5-15,5.8
12615,CD,15-30,6.1
12615,CD,30-60,9.8
12615,CD,60-120,22.8
12615,CD,120+,31.8
12615,CLX,0-5,12.3
12615,CLX,5-15,12.4
12615,CLX,15-30,12.7
12615,CLX,30-60,18.1
12615,CLX,60-120,35.4
12615,CLX,120+,53.4
12615,DHO,0-5,26.3
12615,DHO,5-15,26.3
12615,DHO,15-30,27.0
12615,DHO,30-60,33.5
12615,DHO,60-120,63.5
12615,DHO,120+,96.1
12615,ET,0-5,10.0
12615,ET,5-15,10.0
12615,ET,15-30,10.3
12615,ET,30-60,15.3
12615,ET,60-120,30.0
12615,ET,120+,44.8
12615,FDB,0-5,34.0
12615,FDB,5-15,34.0
12615,FDB,15-30,34.8
12615,FDB,30-60,42.0
12615,FDB,60-120,74.4
12615,FDB,120+,121.7
12615,GDR,0-5,4.6
12615,GDR,5-15,4.7
12615,GDR,15-30,5.0
12615,GDR,30-60,8.2
12615,GDR,60-120,19.4
12615,GDR,120+,26.5
12615,GDYA,0-5,30.2
12615,GDYA,5-15,30.3
12615,GDYA,15-30,31.0
12615,GDYA,30-60,37.8
12615,GDYA,60-120,68.7
12615,GDYA,120+,110.4
12615,GWL,0-5,30.7
12615,GWL,5-15,30.8
12615,GWL,15-30,31.5
12615,GWL,30-60,38.7
12615,GWL,60-120,69.4
12615,GWL,120+,114.5
12615,HGT,0-5,15.7
12615,HGT,5-15,15.7
12615,HGT,15-30,16.1
12615,HGT,30-60,21.8
12615,HGT,60-120,42.1
12615,HGT,120+,61.4
12615,KMT,0-5,9.1
12615,KMT,5-15,9.1
12615,KMT,15-30,9.4
12615,KMT,30-60,14.2
12615,KMT,60-120,28.5
12615,KMT,120+,41.4
12615,MAS,0-5,0.6
12615,MAS,5-15,0.6
12615,MAS,15-30,0.7
12615,MAS,30-60,3.1
12615,MAS,60-120,10.2
12615,MAS,120+,13.3
12615,MCI,0-5,8.8
12615,MCI,5-15,8.8
12615,MCI,15-30,9.1
12615,MCI,30-60,13.6
12615,MCI,60-120,27.9
12615,MCI,120+,40.4
12615,MRA,0-5,34.4
12615,MRA,5-15,34.4
12615,MRA,15-30,34.8
12615,MRA,30-60,41.9
12615,MRA,60-120,74.4
12615,MRA,120+,121.6
12615,MTJ,0-5,39.9
12615,MTJ,5-15,39.9
12615,MTJ,15-30,40.2
12615,MTJ,30-60,47.6
12615,MTJ,60-120,81.8
12615,MTJ,120+,130.0
12615,NDLS,0-5,34.4
12615,NDLS,5-15,34.4
12615,NDLS,15-30,34.7
12615,NDLS,30-60,42.2
12615,NDLS,60-120,75.0
12615,NDLS,120+,122.9
12615,NDPM,0-5,15.0
12615,NDPM,5-15,15.0
12615,NDPM,15-30,15.3
12615,NDPM,30-60,20.9
12615,NDPM,60-120,40.2
12615,NDPM,120+,59.1
12615,NGP,0-5,15.8
12615,NGP,5-15,15.8
12615,NGP,15-30,16.1
12615,NGP,30-60,21.0
12615,NGP,60-120,39.1
12615,NGP,120+,52.7
12615,NLR,0-5,10.7
12615,NLR,5-15,10.7
12615,NLR,15-30,11.0
12615,NLR,30-60,16.1
12615,NLR,60-120,30.8
12615,NLR,120+,47.2
12615,NRKR,0-5,21.9
12615,NRKR,5-15,21.9
12615,NRKR,15-30,22.3
12615,NRKR,30-60,28.0
12615,NRKR,60-120,53.4
12615,NRKR,120+,80.9
12615,NZM,0-5,37.4
12615,NZM,5-15,37.5
12615,NZM,15-30,37.7
12615,NZM,30-60,45.2
12615,NZM,60-120,78.7
12615,NZM,120+,127.9
12615,OGL,0-5,14.7
12615,OGL,5-15,14.8
12615,OGL,15-30,15.1
12615,OGL,30-60,20.7
12615,OGL,60-120,40.0
12615,OGL,120+,59.5
12615,PAR,0-5,25.2
12615,PAR,5-15,25.2
12615,PAR,15-30,25.5
12615,PAR,30-60,31.3
12615,PAR,60-120,59.5
12615,PAR,120+,89.2
12615,RDM,0-5,9.6
12615,RDM,5-15,9.6
12615,RDM,15-30,9.9
12615,RDM,30-60,14.8
12615,RDM,60-120,29.2
12615,RDM,120+,44.0
12615,RKMP,0-5,14.1
12615,RKMP,5-15,14.2
12615,RKMP,15-30,14.5
12615,RKMP,30-60,20.1
12615,RKMP,60-120,38.8
12615,RKMP,120+,57.1
12615,SEGM,0-5,17.3
12615,SEGM,5-15,17.3
12615,SEGM,15-30,17.6
12615,SEGM,30-60,23.4
12615,SEGM,60-120,46.1
12615,SEGM,120+,69.1
12615,SKZR,0-5,10.6
12615,SKZR,5-15,10.7
12615,SKZR,15-30,11.0
12615,SKZR,30-60,16.1
12615,SKZR,60-120,30.7
12615,SKZR,120+,47.1
12615,TEL,0-5,14.7
12615,TEL,5-15,14.7
12615,TEL,15-30,15.1
12615,TEL,30-60,20.7
12615,TEL,60-120,40.0
12615,TEL,120+,59.5
12615,VGLJ,0-5,18.2
12615,VGLJ,5-15,18.2
12615,VGLJ,15-30,18.4
12615,VGLJ,30-60,24.2
12615,VGLJ,60-120,47.7
12615,VGLJ,120+,72.0
12615,WL,0-5,10.7
12615,WL,5-15,10.7
12615,WL,15-30,11.0
12615,WL,30-60,16.1
12615,WL,60-120,31.2
12615,WL,120+,48.0
12616,AGC,0-5,48.9
12616,AGC,5-15,48.9
12616,AGC,15-30,48.9
12616,AGC,30-60,51.5
12616,AGC,60-120,79.7
12616,AGC,120+,110.1
12616,AMLA,0-5,25.1
12616,AMLA,5-15,25.1
12616,AMLA,15-30,25.3
12616,AMLA,30-60,31.0
12616,AMLA,60-120,62.5
12616,AMLA,120+,95.1
12616,BAQ,0-5,15.2
12616,BAQ,5-15,15.2
12616,BAQ,15-30,15.1
12616,BAQ,30-60,20.9
12616,BAQ,60-120,45.2
12616,BAQ,120+,70.2
12616,BFP,0-5,33.0
12616,BFP,5-15,33.0
12616,BFP,15-30,33.1
12616,BFP,30-60,40.0
12616,BFP,60-120,72.3
12616,BFP,120+,118.3
12616,BHS,0-5,20.9
12616,BHS,5-15,21.0
12616,BHS,15-30,20.8
12616,BHS,30-60,26.6
12616,BHS,60-120,54.8
12616,BHS,120+,85.1
12616,BINA,0-5,9.0
12616,BINA,5-15,9.0
12616,BINA,15-30,8.8
12616,BINA,30-60,13.9
12616,BINA,60-120,33.2
12616,BINA,120+,55.3
12616,BPA,0-5,32.0
12616,BPA,5-15,32.0
12616,BPA,15-30,32.1
12616,BPA,30-60,38.4
12616,BPA,60-120,70.2
12616,BPA,120+,115.8
12616,BPL,0-5,18.1
12616,BPL,5-15,18.2
12616,BPL,15-30,18.1
12616,BPL,30-60,23.5
12616,BPL,60-120,50.5
12616,BPL,120+,78.7
12616,BPQ,0-5,14.8
12616,BPQ,5-15,14.8
12616,BPQ,15-30,14.7
12616,BPQ,30-60,20.0
12616,BPQ,60-120,43.9
12616,BPQ,120+,69.1
12616,BZA,0-5,23.6
12616,BZA,5-15,23.6
12616,BZA,15-30,23.6
12616,BZA,30-60,28.7
12616,BZA,60-120,58.3
12616,BZA,120+,89.8
12616,BZU,0-5,27.2
12616,BZU,5-15,27.2
12616,BZU,15-30,27.3
12616,BZU,30-60,33.0
12616,BZU,60-120,63.0
12616,BZU,120+,99.3
12616,CD,0-5,40.3
12616,CD,5-15,40.3
12616,CD,15-30,40.6
12616,CD,30-60,47.1
12616,CD,60-120,81.3
12616,CD,120+,128.0
12616,CLX,0-5,32.7
12616,CLX,5-15,32.8
12616,CLX,15-30,32.9
12616,CLX,30-60,39.0
12616,CLX,60-120,70.8
12616,CLX,120+,116.2
12616,DHO,0-5,26.3
12616,DHO,5-15,26.3
12616,DHO,15-30,26.5
12616,DHO,30-60,32.2
12616,DHO,60-120,62.6
12616,DHO,120+,99.4
12616,ET,0-5,23.6
12616,ET,5-15,23.7
12616,ET,15-30,23.7
12616,ET,30-60,28.7
12616,ET,60-120,58.2
12616,ET,120+,88.6
12616,GDR,0-5,18.3
12616,GDR,5-15,18.4
12616,GDR,15-30,18.1
12616,GDR,30-60,23.3
12616,GDR,60-120,49.1
12616,GDR,120+,76.6
12616,GDYA,0-5,16.7
12616,GDYA,5-15,16.7
12616,GDYA,15-30,16.6
12616,GDYA,30-60,21.7
12616,GDYA,60-120,45.7
12616,GDYA,120+,70.5
12616,GWL,0-5,24.6
12616,GWL,5-15,24.6
12616,GWL,15-30,24.8
12616,GWL,30-60,30.3
12616,GWL,60-120,59.9
12616,GWL,120+,92.1
12616,HGT,0-5,41.9
12616,HGT,5-15,41.9
12616,HGT,15-30,42.1
12616,HGT,30-60,48.6
12616,HGT,60-120,82.3
12616,HGT,120+,127.9
12616,KMT,0-5,32.5
12616,KMT,5-15,32.5
12616,KMT,15-30,32.7
12616,KMT,30-60,38.7
12616,KMT,60-120,70.6
12616,KMT,120+,116.0
12616,MAS,0-5,9.5
12616,MAS,5-15,9.6
12616,MAS,15-30,9.4
12616,MAS,30-60,14.1
12616,MAS,60-120,31.9
12616,MAS,120+,53.3
12616,MCI,0-5,35.2
12616,MCI,5-15,35.3
12616,MCI,15-30,35.6
12616,MCI,30-60,41.8
12616,MCI,60-120,74.7
12616,MCI,120+,120.7
12616,MRA,0-5,13.4
12616,MRA,5-15,13.4
12616,MRA,15-30,13.3
12616,MRA,30-60,18.1
12616,MRA,60-120,39.3
12616,MRA,120+,61.4
12616,MTJ,0-5,25.2
12616,MTJ,5-15,25.2
12616,MTJ,15-30,25.4
12616,MTJ,30-60,30.8
12616,MTJ,60-120,60.0
12616,MTJ,120+,91.5
12616,NDLS,0-5,5.4
12616,NDLS,5-15,5.5
12616,NDLS,15-30,5.2
12616,NDLS,30-60,8.6
12616,NDLS,60-120,22.9
12616,NDLS,120+,37.6
12616,NDPM,0-5,27.4
12616,NDPM,5-15,27.4
12616,NDPM,15-30,27.6
12616,NDPM,30-60,33.3
12616,NDPM,60-120,63.3
12616,NDPM,120+,101.6
12616,NGP,0-5,28.7
12616,NGP,5-15,28.7
12616,NGP,15-30,28.8
12616,NGP,30-60,34.2
12616,NGP,60-120,62.2
12616,NGP,120+,93.9
12616,NLR,0-5,25.9
12616,NLR,5-15,26.0
12616,NLR,15-30,26.1
12616,NLR,30-60,32.0
12616,NLR,60-120,62.9
12616,NLR,120+,99.8
12616,NRKR,0-5,26.1
12616,NRKR,5-15,26.2
12616,NRKR,15-30,26.3
12616,NRKR,30-60,32.2
12616,NRKR,60-120,62.6
12616,NRKR,120+,101.4
12616,OGL,0-5,27.7
12616,OGL,5-15,27.8
12616,OGL,15-30,27.9
12616,OGL,30-60,33.8
12616,OGL,60-120,64.5
12616,OGL,120+,106.2
12616,PAR,0-5,24.3
12616,PAR,5-15,24.4
12616,PAR,15-30,24.5
12616,PAR,30-60,30.2
12616,PAR,60-120,59.9
12616,PAR,120+,92.2
12616,RDM,0-5,38.4
12616,RDM,5-15,38.4
12616,RDM,15-30,38.7
12616,RDM,30-60,45.1
12616,RDM,60-120,78.7
12616,RDM,120+,125.1
12616,RKMP,0-5,19.5
12616,RKMP,5-15,19.6
12616,RKMP,15-30,19.5
12616,RKMP,30-60,24.8
12616,RKMP,60-120,52.3
12616,RKMP,120+,80.7
12616,SEGM,0-5,37.2
12616,SEGM,5-15,37.2
12616,SEGM,15-30,37.4
12616,SEGM,30-60,43.9
12616,SEGM,60-120,76.5
12616,SEGM,120+,122.3
12616,SKZR,0-5,22.7
12616,SKZR,5-15,22.7
12616,SKZR,15-30,22.5
12616,SKZR,30-60,27.8
12616,SKZR,60-120,57.5
12616,SKZR,120+,88.1
12616,TEL,0-5,32.3
12616,TEL,5-15,32.3
12616,TEL,15-30,32.4
12616,TEL,30-60,38.6
12616,TEL,60-120,70.6
12616,TEL,120+,116.2
12616,VGLJ,0-5,10.1
12616,VGLJ,5-15,10.1
12616,VGLJ,15-30,9.9
12616,VGLJ,30-60,14.9
12616,VGLJ,60-120,33.8
12616,VGLJ,120+,55.6
12616,WL,0-5,34.8
12616,WL,5-15,34.8
12616,WL,15-30,35.1
12616,WL,30-60,41.5
12616,WL,60-120,74.5
12616,WL,120+,120.9
12617,AGC,0-5,38.8
12617,AGC,5-15,38.8
12617,AGC,15-30,39.2
12617,AGC,30-60,41.8
12617,AGC,60-120,70.1
12617,AGC,120+,107.3
12617,AWY,0-5,5.0
12617,AWY,5-15,5.0
12617,AWY,15-30,5.0
12617,AWY,30-60,8.8
12617,AWY,60-120,23.5
12617,AWY,120+,43.0
12617,BAU,0-5,45.4
12617,BAU,5-15,45.4
12617,BAU,15-30,46.5
12617,BAU,30-60,53.5
12617,BAU,60-120,87.6
12617,BAU,120+,137.3
12617,BDJ,0-5,18.3
12617,BDJ,5-15,18.3
12617,BDJ,15-30,18.8
12617,BDJ,30-60,25.6
12617,BDJ,60-120,50.1
12617,BDJ,120+,87.4
12617,BINA,0-5,17.9
12617,BINA,5-15,17.9
12617,BINA,15-30,18.4
12617,BINA,30-60,25.0
12617,BINA,60-120,49.2
12617,BINA,120+,86.6
12617,BPL,0-5,21.8
12617,BPL,5-15,21.8
12617,BPL,15-30,22.3
12617,BPL,30-60,28.9
12617,BPL,60-120,55.9
12617,BPL,120+,95.4
12617,BSL,0-5,47.9
12617,BSL,5-15,47.9
12617,BSL,15-30,49.1
12617,BSL,30-60,55.6
12617,BSL,60-120,88.0
12617,BSL,120+,130.1
12617,BTJL,0-5,17.9
12617,BTJL,5-15,17.9
12617,BTJL,15-30,18.4
12617,BTJL,30-60,24.6
12617,BTJL,60-120,47.6
12617,BTJL,120+,84.8
12617,CAN,0-5,20.5
12617,CAN,5-15,20.6
12617,CAN,15-30,21.1
12617,CAN,30-60,27.0
12617,CAN,60-120,51.8
12617,CAN,120+,89.1
12617,CHI,0-5,50.2
12617,CHI,5-15,50.3
12617,CHI,15-30,51.4
12617,CHI,30-60,57.9
12617,CHI,60-120,91.8
12617,CHI,120+,141.6
12617,CLT,0-5,13.2
12617,CLT,5-15,13.2
12617,CLT,15-30,13.7
12617,CLT,30-60,19.0
12617,CLT,60-120,36.8
12617,CLT,120+,70.8
12617,ERS,0-5,0.8
12617,ERS,5-15,0.8
12617,ERS,15-30,1.1
12617,ERS,30-60,3.5
12617,ERS,60-120,12.4
12617,ERS,120+,26.4
12617,ET,0-5,25.0
12617,ET,5-15,25.1
12617,ET,15-30,25.5
12617,ET,30-60,31.5
12617,ET,60-120,57.8
12617,ET,120+,98.2
12617,FDB,0-5,28.9
12617,FDB,5-15,28.9
12617,FDB,15-30,29.8
12617,FDB,30-60,35.8
12617,FDB,60-120,63.7
12617,FDB,120+,105.0
12617,FK,0-5,8.1
12617,FK,5-15,8.1
12617,FK,15-30,8.5
12617,FK,30-60,12.8
12617,FK,60-120,26.8
12617,FK,120+,53.6
12617,GWL,0-5,41.1
12617,GWL,5-15,41.1
12617,GWL,15-30,42.3
12617,GWL,30-60,49.1
12617,GWL,60-120,80.3
12617,GWL,120+,128.6
12617,IGP,0-5,22.2
12617,IGP,5-15,22.3
12617,IGP,15-30,22.7
12617,IGP,30-60,28.4
12617,IGP,60-120,50.1
12617,IGP,120+,85.6
12617,KAWR,0-5,30.9
12617,KAWR,5-15,30.9
12617,KAWR,15-30,31.7
12617,KAWR,30-60,38.2
12617,KAWR,60-120,66.2
12617,KAWR,120+,110.0
12617,KDV,0-5,8.1
12617,KDV,5-15,8.1
12617,KDV,15-30,8.5
12617,KDV,30-60,12.4
12617,KDV,60-120,25.9
12617,KDV,120+,47.1
12617,KGQ,0-5,25.9
12617,KGQ,5-15,25.9
12617,KGQ,15-30,26.4
12617,KGQ,30-60,32.3
12617,KGQ,60-120,59.0
12617,KGQ,120+,99.0
12617,KHED,0-5,45.1
12617,KHED,5-15,45.2
12617,KHED,15-30,46.3
12617,KHED,30-60,52.6
12617,KHED,60-120,83.7
12617,KHED,120+,131.6
12617,KKW,0-5,53.6
12617,KKW,5-15,53.7
12617,KKW,15-30,54.8
12617,KKW,30-60,62.0
12617,KKW,60-120,96.5
12617,KKW,120+,145.3
12617,KNW,0-5,24.2
12617,KNW,5-15,24.2
12617,KNW,15-30,24.7
12617,KNW,30-60,30.6
12617,KNW,60-120,55.9
12617,KNW,120+,95.4
12617,KT,0-5,24.1
12617,KT,5-15,24.1
12617,KT,15-30,24.6
12617,KT,30-60,30.5
12617,KT,60-120,56.1
12617,KT,120+,95.5
12617,KTU,0-5,12.9
12617,KTU,5-15,12.9
12617,KTU,15-30,13.4
12617,KTU,30-60,18.9
12617,KTU,60-120,36.0
12617,KTU,120+,69.7
12617,KUDA,0-5,17.7
12617,KUDA,5-15,17.8
12617,KUDA,15-30,18.3
12617,KUDA,30-60,24.1
12617,KUDA,60-120,45.5
12617,KUDA,120+,80.8
12617,KYN,0-5,45.9
12617,KYN,5-15,45.9
12617,KYN,15-30,47.1
12617,KYN,30-60,53.2
12617,KYN,60-120,83.3
12617,KYN,120+,128.2
12617,KZE,0-5,22.7
12617,KZE,5-15,22.8
12617,KZE,15-30,23.3
12617,KZE,30-60,29.1
12617,KZE,60-120,53.8
12617,KZE,120+,92.0
12617,MAJN,0-5,8.2
12617,MAJN,5-15,8.3
12617,MAJN,15-30,8.7
12617,MAJN,30-60,13.1
12617,MAJN,60-120,27.2
12617,MAJN,120+,53.5
12617,MAO,0-5,27.7
12617,MAO,5-15,27.8
12617,MAO,15-30,28.3
12617,MAO,30-60,34.1
12617,MAO,60-120,62.2
12617,MAO,120+,103.5
12617,MMR,0-5,36.3
12617,MMR,5-15,36.4
12617,MMR,15-30,37.1
12617,MMR,30-60,44.0
12617,MMR,60-120,73.0
12617,MMR,120+,119.6
12617,MRA,0-5,43.9
12617,MRA,5-15,43.9
12617,MRA,15-30,45.1
12617,MRA,30-60,51.3
12617,MRA,60-120,82.5
12617,MRA,120+,130.0
12617,MTJ,0-5,41.4
12617,MTJ,5-15,41.4
12617,MTJ,15-30,42.6
12617,MTJ,30-60,49.3
12617,MTJ,60-120,79.9
12617,MTJ,120+,127.4
12617,NK,0-5,33.5
12617,NK,5-15,33.5
12617,NK,15-30,34.3
12617,NK,30-60,41.0
12617,NK,60-120,69.3
12617,NK,120+,114.2
12617,NLE,0-5,20.2
12617,NLE,5-15,20.2
12617,NLE,15-30,20.7
12617,NLE,30-60,26.8
12617,NLE,60-120,50.5
12617,NLE,120+,86.2
12617,NZM,0-5,23.8
12617,NZM,5-15,23.8
12617,NZM,15-30,24.2
12617,NZM,30-60,30.4
12617,NZM,60-120,56.0
12617,NZM,120+,95.4
12617,PAY,0-5,17.6
12617,PAY,5-15,17.6
12617,PAY,15-30,18.1
12617,PAY,30-60,24.1
12617,PAY,60-120,45.5
12617,PAY,120+,80.8
12617,PAZ,0-5,18.7
12617,PAZ,5-15,18.7
12617,PAZ,15-30,19.2
12617,PAZ,30-60,25.4
12617,PAZ,60-120,47.6
12617,PAZ,120+,83.0
12617,PGI,0-5,9.8
12617,PGI,5-15,9.8
12617,PGI,15-30,10.2
12617,PGI,30-60,15.7
12617,PGI,60-120,30.7
12617,PGI,120+,60.7
12617,PNVL,0-5,38.3
12617,PNVL,5-15,38.4
12617,PNVL,15-30,39.1
12617,PNVL,30-60,46.0
12617,PNVL,60-120,75.8
12617,PNVL,120+,123.0
12617,PTB,0-5,14.1
12617,PTB,5-15,14.2
12617,PTB,15-30,14.6
12617,PTB,30-60,20.4
12617,PTB,60-120,39.3
12617,PTB,120+,73.8
12617,QLD,0-5,16.5
12617,QLD,5-15,16.6
12617,QLD,15-30,17.1
12617,QLD,30-60,22.8
12617,QLD,60-120,43.6
12617,QLD,120+,78.3
12617,RN,0-5,43.3
12617,RN,5-15,43.3
12617,RN,15-30,44.4
12617,RN,30-60,50.9
12617,RN,60-120,81.7
12617,RN,120+,129.7
12617,SRR,0-5,10.8
12617,SRR,5-15,10.8
12617,SRR,15-30,11.2
12617,SRR,30-60,16.8
12617,SRR,60-120,32.2
12617,SRR,120+,64.5
12617,TCR,0-5,6.4
12617,TCR,5-15,6.5
12617,TCR,15-30,6.9
12617,TCR,30-60,11.0
12617,TCR,60-120,25.0
12617,TCR,120+,47.8
12617,THVM,0-5,38.2
12617,THVM,5-15,38.3
12617,THVM,15-30,39.0
12617,THVM,30-60,45.9
12617,THVM,60-120,75.7
12617,THVM,120+,123.0
12617,TIR,0-5,8.9
12617,TIR,5-15,9.0
12617,TIR,15-30,9.4
12617,TIR,30-60,14.5
12617,TIR,60-120,29.5
12617,TIR,120+,57.6
12617,TLY,0-5,25.3
12617,TLY,5-15,25.3
12617,TLY,15-30,25.8
12617,TLY,30-60,31.7
12617,TLY,60-120,58.5
12617,TLY,120+,98.7
12617,UD,0-5,15.8
12617,UD,5-15,15.8
12617,UD,15-30,16.3
12617,UD,30-60,22.0
12617,UD,60-120,42.4
12617,UD,120+,77.0
12617,VGLJ,0-5,32.0
12617,VGLJ,5-15,32.0
12617,VGLJ,15-30,32.8
12617,VGLJ,30-60,39.6
12617,VGLJ,60-120,69.2
12617,VGLJ,120+,115.7
12618,AGC,0-5,37.1
12618,AGC,5-15,37.2
12618,AGC,15-30,36.9
12618,AGC,30-60,38.9
12618,AGC,60-120,67.3
12618,AGC,120+,101.1
12618,AWY,0-5,51.9
12618,AWY,5-15,52.0
12618,AWY,15-30,51.7
12618,AWY,30-60,60.2
12618,AWY,60-120,99.1
12618,AWY,120+,154.8
12618,BAU,0-5,10.5
12618,BAU,5-15,10.5
12618,BAU,15-30,10.3
12618,BAU,30-60,16.0
12618,BAU,60-120,36.9
12618,BAU,120+,76.0
12618,BDJ,0-5,46.6
12618,BDJ,5-15,46.7
12618,BDJ,15-30,46.4
12618,BDJ,30-60,54.5
12618,BDJ,60-120,91.6
12618,BDJ,120+,147.9
12618,BINA,0-5,5.7
12618,BINA,5-15,5.7
12618,BINA,15-30,5.4
12618,BINA,30-60,11.0
12618,BINA,60-120,27.9
12618,BINA,120+,63.5
12618,BPL,0-5,11.4
12618,BPL,5-15,11.5
12618,BPL,15-30,11.4
12618,BPL,30-60,17.1
12618,BPL,60-120,39.7
12618,BPL,120+,78.9
12618,BSL,0-5,15.1
12618,BSL,5-15,15.1
12618,BSL,15-30,15.0
12618,BSL,30-60,20.4
12618,BSL,60-120,41.8
12618,BSL,120+,77.3
12618,BTJL,0-5,70.1
12618,BTJL,5-15,69.8
12618,BTJL,15-30,69.7
12618,BTJL,30-60,75.6
12618,BTJL,60-120,114.5
12618,BTJL,120+,167.7
12618,CAN,0-5,46.9
12618,CAN,5-15,46.9
12618,CAN,15-30,46.7
12618,CAN,30-60,54.4
12618,CAN,60-120,89.7
12618,CAN,120+,145.4
12618,CHI,0-5,34.7
12618,CHI,5-15,34.7
12618,CHI,15-30,34.5
12618,CHI,30-60,40.7
12618,CHI,60-120,72.3
12618,CHI,120+,125.0
12618,CLT,0-5,50.5
12618,CLT,5-15,50.6
12618,CLT,15-30,50.3
12618,CLT,30-60,58.6
12618,CLT,60-120,95.4
12618,CLT,120+,150.8
12618,ERS,0-5,27.0
12618,ERS,5-15,27.0
12618,ERS,15-30,27.0
12618,ERS,30-60,32.9
12618,ERS,60-120,63.0
12618,ERS,120+,112.5
12618,ET,0-5,11.3
12618,ET,5-15,11.3
12618,ET,15-30,11.2
12618,ET,30-60,16.2
12618,ET,60-120,36.5
12618,ET,120+,73.7
12618,FDB,0-5,0.7
12618,FDB,5-15,0.7
12618,FDB,15-30,0.4
12618,FDB,30-60,3.3
12618,FDB,60-120,16.8
12618,FDB,120+,40.8
12618,GWL,0-5,10.5
12618,GWL,5-15,10.5
12618,GWL,15-30,10.4
12618,GWL,30-60,15.4
12618,GWL,60-120,34.9
12618,GWL,120+,72.0
12618,KAWR,0-5,66.7
12618,KAWR,5-15,66.8
12618,KAWR,15-30,66.7
12618,KAWR,30-60,73.4
12618,KAWR,60-120,112.0
12618,KAWR,120+,163.7
12618,KGQ,0-5,49.9
12618,KGQ,5-15,49.9
12618,KGQ,15-30,49.7
12618,KGQ,30-60,57.6
12618,KGQ,60-120,94.2
12618,KGQ,120+,149.6
12618,KHED,0-5,28.0
12618,KHED,5-15,28.0
12618,KHED,15-30,27.9
12618,KHED,30-60,33.8
12618,KHED,60-120,63.0
12618,KHED,120+,111.5
12618,KKW,0-5,61.2
12618,KKW,5-15,61.2
12618,KKW,15-30,61.0
12618,KKW,30-60,68.6
12618,KKW,60-120,108.3
12618,KKW,120+,165.1
12618,KNW,0-5,5.9
12618,KNW,5-15,5.9
12618,KNW,15-30,5.7
12618,KNW,30-60,10.7
12618,KNW,60-120,26.0
12618,KNW,120+,60.6
12618,KT,0-5,69.0
12618,KT,5-15,68.7
12618,KT,15-30,68.7
12618,KT,30-60,74.9
12618,KT,60-120,113.1
12618,KT,120+,165.4
12618,KUDA,0-5,65.8
12618,KUDA,5-15,65.8
12618,KUDA,15-30,65.7
12618,KUDA,30-60,72.5
12618,KUDA,60-120,111.4
12618,KUDA,120+,164.7
12618,KYN,0-5,29.0
12618,KYN,5-15,29.1
12618,KYN,15-30,28.9
12618,KYN,30-60,35.0
12618,KYN,60-120,64.2
12618,KYN,120+,113.3
12618,MAJN,0-5,49.0
12618,MAJN,5-15,49.0
12618,MAJN,15-30,48.8
12618,MAJN,30-60,56.6
12618,MAJN,60-120,93.7
12618,MAJN,120+,148.8
12618,MAO,0-5,59.2
12618,MAO,5-15,59.2
12618,MAO,15-30,59.0
12618,MAO,30-60,67.1
12618,MAO,60-120,107.2
12618,MAO,120+,163.8
12618,MMR,0-5,23.8
12618,MMR,5-15,23.8
12618,MMR,15-30,23.7
12618,MMR,30-60,29.7
12618,MMR,60-120,58.7
12618,MMR,120+,104.2
12618,MRA,0-5,3.2
12618,MRA,5-15,3.3
12618,MRA,15-30,2.9
12618,MRA,30-60,7.2
12618,MRA,60-120,22.1
12618,MRA,120+,52.2
12618,MTJ,0-5,10.5
12618,MTJ,5-15,10.5
12618,MTJ,15-30,10.4
12618,MTJ,30-60,15.5
12618,MTJ,60-120,36.3
12618,MTJ,120+,73.6
12618,NK,0-5,30.1
12618,NK,5-15,30.1
12618,NK,15-30,29.9
12618,NK,30-60,36.1
12618,NK,60-120,66.5
12618,NK,120+,117.3
12618,NLE,0-5,48.2
12618,NLE,5-15,48.2
12618,NLE,15-30,47.9
12618,NLE,30-60,55.8
12618,NLE,60-120,92.9
12618,NLE,120+,148.4
12618,NZM,0-5,0.0
12618,NZM,5-15,0.0
12618,NZM,15-30,0.0
12618,NZM,30-60,0.0
12618,NZM,60-120,9.6
12618,NZM,120+,28.6
12618,PAY,0-5,49.9
12618,PAY,5-15,49.9
12618,PAY,15-30,49.6
12618,PAY,30-60,57.8
12618,PAY,60-120,94.7
12618,PAY,120+,150.5
12618,PNVL,0-5,29.8
12618,PNVL,5-15,29.8
12618,PNVL,15-30,29.6
12618,PNVL,30-60,35.8
12618,PNVL,60-120,66.3
12618,PNVL,120+,117.4
12618,PTB,0-5,49.8
12618,PTB,5-15,49.8
12618,PTB,15-30,49.6
12618,PTB,30-60,57.8
12618,PTB,60-120,94.8
12618,PTB,120+,150.0
12618,QLD,0-5,45.9
12618,QLD,5-15,45.9
12618,QLD,15-30,45.6
12618,QLD,30-60,53.2
12618,QLD,60-120,88.5
12618,QLD,120+,143.4
12618,RN,0-5,46.6
12618,RN,5-15,46.7
12618,RN,15-30,46.4
12618,RN,30-60,53.9
12618,RN,60-120,89.0
12618,RN,120+,144.3
12618,SRR,0-5,45.8
12618,SRR,5-15,45.8
12618,SRR,15-30,45.6
12618,SRR,30-60,53.0
12618,SRR,60-120,88.4
12618,SRR,120+,143.3
12618,TCR,0-5,47.2
12618,TCR,5-15,47.2
12618,TCR,15-30,47.0
12618,TCR,30-60,54.8
12618,TCR,60-120,91.3
12618,TCR,120+,146.2
12618,THVM,0-5,69.8
12618,THVM,5-15,69.5
12618,THVM,15-30,69.4
12618,THVM,30-60,76.2
12618,THVM,60-120,113.5
12618,THVM,120+,170.7
12618,TIR,0-5,46.5
12618,TIR,5-15,46.5
12618,TIR,15-30,46.3
12618,TIR,30-60,54.1
12618,TIR,60-120,90.2
12618,TIR,120+,145.0
12618,TLY,0-5,46.2
12618,TLY,5-15,46.3
12618,TLY,15-30,46.0
12618,TLY,30-60,53.6
12618,TLY,60-120,88.7
12618,TLY,120+,144.0
12618,UD,0-5,62.0
12618,UD,5-15,62.1
12618,UD,15-30,61.9
12618,UD,30-60,69.3
12618,UD,60-120,108.8
12618,UD,120+,165.8
12618,VGLJ,0-5,8.9
12618,VGLJ,5-15,9.0
12618,VGLJ,15-30,8.8
12618,VGLJ,30-60,14.1
12618,VGLJ,60-120,33.1
12618,VGLJ,120+,69.9
12619,ANKL,0-5,95.4
12619,ANKL,5-15,95.5
12619,ANKL,15-30,95.4
12619,ANKL,30-60,92.2
12619,ANKL,60-120,120.7
12619,ANKL,120+,148.5
12619,BKJ,0-5,77.8
12619,BKJ,5-15,77.8
12619,BKJ,15-30,77.7
12619,BKJ,30-60,79.9
12619,BKJ,60-120,112.9
12619,BKJ,120+,151.0
12619,BTJL,0-5,74.0
12619,BTJL,5-15,74.0
12619,BTJL,15-30,74.0
12619,BTJL,30-60,77.0
12619,BTJL,60-120,111.0
12619,BTJL,120+,151.4
12619,BYNR,0-5,52.9
12619,BYNR,5-15,52.9
12619,BYNR,15-30,53.0
12619,BYNR,30-60,58.1
12619,BYNR,60-120,92.2
12619,BYNR,120+,134.3
12619,CHI,0-5,30.0
12619,CHI,5-15,30.1
12619,CHI,15-30,30.0
12619,CHI,30-60,35.1
12619,CHI,60-120,64.6
12619,CHI,120+,106.6
12619,GOK,0-5,75.2
12619,GOK,5-15,75.2
12619,GOK,15-30,75.3
12619,GOK,30-60,76.9
12619,GOK,60-120,109.3
12619,GOK,120+,147.3
12619,HNA,0-5,74.2
12619,HNA,5-15,74.3
12619,HNA,15-30,74.3
12619,HNA,30-60,77.3
12619,HNA,60-120,110.5
12619,HNA,120+,148.9
12619,KAWR,0-5,70.9
12619,KAWR,5-15,71.0
12619,KAWR,15-30,71.0
12619,KAWR,30-60,75.5
12619,KAWR,60-120,109.9
12619,KAWR,120+,150.8
12619,KHED,0-5,24.1
12619,KHED,5-15,24.1
12619,KHED,15-30,24.1
12619,KHED,30-60,29.1
12619,KHED,60-120,55.9
12619,KHED,120+,90.5
12619,KT,0-5,73.4
12619,KT,5-15,73.4
12619,KT,15-30,73.5
12619,KT,30-60,77.4
12619,KT,60-120,111.3
12619,KT,120+,152.0
12619,KUDA,0-5,71.6
12619,KUDA,5-15,71.6
12619,KUDA,15-30,71.7
12619,KUDA,30-60,76.0
12619,KUDA,60-120,110.4
12619,KUDA,120+,150.7
12619,KUDL,0-5,72.0
12619,KUDL,5-15,72.0
12619,KUDL,15-30,72.1
12619,KUDL,30-60,76.5
12619,KUDL,60-120,112.3
12619,KUDL,120+,157.1
12619,LTT,0-5,0.0
12619,LTT,5-15,0.0
12619,LTT,15-30,0.0
12619,LTT,30-60,0.0
12619,LTT,60-120,2.1
12619,LTT,120+,8.9
12619,MAO,0-5,67.8
12619,MAO,5-15,67.9
12619,MAO,15-30,67.9
12619,MAO,30-60,73.5
12619,MAO,60-120,109.6
12619,MAO,120+,154.7
12619,MAQ,0-5,46.1
12619,MAQ,5-15,46.1
12619,MAQ,15-30,46.2
12619,MAQ,30-60,51.8
12619,MAQ,60-120,84.5
12619,MAQ,120+,125.4
12619,MNI,0-5,2.4
12619,MNI,5-15,2.4
12619,MNI,15-30,2.5
12619,MNI,30-60,5.5
12619,MNI,60-120,17.8
12619,MNI,120+,37.2
12619,MRDW,0-5,72.3
12619,MRDW,5-15,72.3
12619,MRDW,15-30,72.4
12619,MRDW,30-60,75.8
12619,MRDW,60-120,110.1
12619,MRDW,120+,147.1
12619,MULK,0-5,61.5
12619,MULK,5-15,61.5
12619,MULK,15-30,61.5
12619,MULK,30-60,65.1
12619,MULK,60-120,99.4
12619,MULK,120+,137.9
12619,PNVL,0-5,1.7
12619,PNVL,5-15,1.8
12619,PNVL,15-30,1.7
12619,PNVL,30-60,4.5
12619,PNVL,60-120,15.8
12619,PNVL,120+,32.6
12619,RN,0-5,46.2
12619,RN,5-15,46.2
12619,RN,15-30,46.2
12619,RN,30-60,52.5
12619,RN,60-120,85.8
12619,RN,120+,129.2
12619,SL,0-5,72.5
12619,SL,5-15,72.6
12619,SL,15-30,72.6
12619,SL,30-60,76.2
12619,SL,60-120,109.9
12619,SL,120+,146.6
12619,TNA,0-5,0.0
12619,TNA,5-15,0.0
12619,TNA,15-30,0.0
12619,TNA,30-60,0.0
12619,TNA,60-120,9.4
12619,TNA,120+,19.8
12619,UD,0-5,78.7
12619,UD,5-15,78.4
12619,UD,15-30,78.4
12619,UD,30-60,80.9
12619,UD,60-120,114.7
12619,UD,120+,151.1
12620,ANKL,0-5,57.5
12620,ANKL,5-15,57.5
12620,ANKL,15-30,57.7
12620,ANKL,30-60,58.9
12620,ANKL,60-120,83.4
12620,ANKL,120+,110.3
12620,BKJ,0-5,19.3
12620,BKJ,5-15,19.4
12620,BKJ,15-30,19.4
12620,BKJ,30-60,24.1
12620,BKJ,60-120,42.6
12620,BKJ,120+,63.0
12620,BTJL,0-5,31.6
12620,BTJL,5-15,31.6
12620,BTJL,15-30,31.7
12620,BTJL,30-60,37.2
12620,BTJL,60-120,63.0
12620,BTJL,120+,95.8
12620,BYNR,0-5,9.7
12620,BYNR,5-15,9.7
12620,BYNR,15-30,9.5
12620,BYNR,30-60,13.6
12620,BYNR,60-120,26.4
12620,BYNR,120+,44.8
12620,CHI,0-5,60.2
12620,CHI,5-15,60.2
12620,CHI,15-30,60.3
12620,CHI,30-60,66.5
12620,CHI,60-120,101.3
12620,CHI,120+,149.6
12620,GOK,0-5,42.8
12620,GOK,5-15,42.8
12620,GOK,15-30,43.0
12620,GOK,30-60,48.6
12620,GOK,60-120,77.5
12620,GOK,120+,119.8
12620,HNA,0-5,36.2
12620,HNA,5-15,36.2
12620,HNA,15-30,36.3
12620,HNA,30-60,41.5
12620,HNA,60-120,68.0
12620,HNA,120+,107.1
12620,KAWR,0-5,46.6
12620,KAWR,5-15,46.6
12620,KAWR,15-30,46.8
12620,KAWR,30-60,52.5
12620,KAWR,60-120,81.6
12620,KAWR,120+,123.7
12620,KT,0-5,37.3
12620,KT,5-15,37.4
12620,KT,15-30,37.4
12620,KT,30-60,42.4
12620,KT,60-120,68.6
12620,KT,120+,108.7
12620,KUDA,0-5,23.8
12620,KUDA,5-15,23.8
12620,KUDA,15-30,23.9
12620,KUDA,30-60,28.0
12620,KUDA,60-120,48.7
12620,KUDA,120+,73.0
12620,KUDL,0-5,48.9
12620,KUDL,5-15,49.0
12620,KUDL,15-30,49.1
12620,KUDL,30-60,54.8
12620,KUDL,60-120,85.2
12620,KUDL,120+,129.5
12620,LTT,0-5,48.3
12620,LTT,5-15,48.4
12620,LTT,15-30,48.5
12620,LTT,30-60,54.4
12620,LTT,60-120,85.2
12620,LTT,120+,130.4
12620,MAO,0-5,32.5
12620,MAO,5-15,32.5
12620,MAO,15-30,32.6
12620,MAO,30-60,37.6
12620,MAO,60-120,63.1
12620,MAO,120+,98.8
12620,MAQ,0-5,0.2
12620,MAQ,5-15,0.3
12620,MAQ,15-30,0.2
12620,MAQ,30-60,0.8
12620,MAQ,60-120,6.0
12620,MAQ,120+,12.4
12620,MRDW,0-5,32.5
12620,MRDW,5-15,32.5
12620,MRDW,15-30,32.5
12620,MRDW,30-60,37.2
12620,MRDW,60-120,61.5
12620,MRDW,120+,95.5
12620,MULK,0-5,7.7
12620,MULK,5-15,7.7
12620,MULK,15-30,7.6
12620,MULK,30-60,9.8
12620,MULK,60-120,19.8
12620,MULK,120+,33.9
12620,PNVL,0-5,60.1
12620,PNVL,5-15,60.1
12620,PNVL,15-30,60.2
12620,PNVL,30-60,66.5
12620,PNVL,60-120,100.5
12620,PNVL,120+,148.5
12620,RN,0-5,49.7
12620,RN,5-15,49.7
12620,RN,15-30,49.8
12620,RN,30-60,55.5
12620,RN,60-120,85.7
12620,RN,120+,130.2
12620,SL,0-5,3.6
12620,SL,5-15,3.7
12620,SL,15-30,3.5
12620,SL,30-60,4.8
12620,SL,60-120,13.0
12620,SL,120+,21.3
12620,TNA,0-5,42.7
12620,TNA,5-15,42.8
12620,TNA,15-30,43.0
12620,TNA,30-60,48.7
12620,TNA,60-120,78.4
12620,TNA,120+,123.2
12620,UD,0-5,15.8
12620,UD,5-15,15.8
12620,UD,15-30,15.9
12620,UD,30-60,19.8
12620,UD,60-120,35.7
12620,UD,120+,55.9
12621,AGC,0-5,26.2
12621,AGC,5-15,26.2
12621,AGC,15-30,26.7
12621,AGC,30-60,31.6
12621,AGC,60-120,57.6
12621,AGC,120+,79.8
12621,BPL,0-5,16.0
12621,BPL,5-15,16.0
12621,BPL,15-30,16.4
12621,BPL,30-60,24.4
12621,BPL,60-120,46.9
12621,BPL,120+,70.7
12621,BPQ,0-5,8.4
12621,BPQ,5-15,8.4
12621,BPQ,15-30,8.7
12621,BPQ,30-60,14.6
12621,BPQ,60-120,33.5
12621,BPQ,120+,48.6
12621,BZA,0-5,11.2
12621,BZA,5-15,11.2
12621,BZA,15-30,11.5
12621,BZA,30-60,18.0
12621,BZA,60-120,36.2
12621,BZA,120+,56.2
12621,ET,0-5,14.2
12621,ET,5-15,14.2
12621,ET,15-30,14.6
12621,ET,30-60,22.1
12621,ET,60-120,43.9
12621,ET,120+,68.8
12621,GWL,0-5,20.4
12621,GWL,5-15,20.5
12621,GWL,15-30,21.0
12621,GWL,30-60,29.4
12621,GWL,60-120,57.2
12621,GWL,120+,85.8
12621,KMT,0-5,7.7
12621,KMT,5-15,7.7
12621,KMT,15-30,7.9
12621,KMT,30-60,13.4
12621,KMT,60-120,32.3
12621,KMT,120+,46.9
12621,MAS,0-5,2.8
12621,MAS,5-15,2.8
12621,MAS,15-30,2.9
12621,MAS,30-60,6.7
12621,MAS,60-120,20.0
12621,MAS,120+,30.1
12621,NDLS,0-5,15.6
12621,NDLS,5-15,15.6
12621,NDLS,15-30,16.0
12621,NDLS,30-60,22.8
12621,NDLS,60-120,45.2
12621,NDLS,120+,70.3
12621,NGP,0-5,21.2
12621,NGP,5-15,21.2
12621,NGP,15-30,21.5
12621,NGP,30-60,28.5
12621,NGP,60-120,53.6
12621,NGP,120+,79.5
12621,NZM,0-5,18.5
12621,NZM,5-15,18.5
12621,NZM,15-30,18.9
12621,NZM,30-60,26.0
12621,NZM,60-120,51.9
12621,NZM,120+,78.1
12621,VGLJ,0-5,14.4
12621,VGLJ,5-15,14.4
12621,VGLJ,15-30,14.7
12621,VGLJ,30-60,21.2
12621,VGLJ,60-120,42.2
12621,VGLJ,120+,65.8
12621,WL,0-5,11.0
12621,WL,5-15,11.0
12621,WL,15-30,11.3
12621,WL,30-60,17.0
12621,WL,60-120,35.2
12621,WL,120+,54.6
12622,AGC,0-5,34.7
12622,AGC,5-15,34.7
12622,AGC,15-30,34.3
12622,AGC,30-60,37.9
12622,AGC,60-120,60.6
12622,AGC,120+,75.3
12622,BPL,0-5,17.7
12622,BPL,5-15,17.7
12622,BPL,15-30,17.3
12622,BPL,30-60,23.9
12622,BPL,60-120,41.9
12622,BPL,120+,56.5
12622,BPQ,0-5,25.9
12622,BPQ,5-15,26.0
12622,BPQ,15-30,26.6
12622,BPQ,30-60,34.1
12622,BPQ,60-120,62.9
12622,BPQ,120+,90.8
12622,BZA,0-5,35.6
12622,BZA,5-15,35.6
12622,BZA,15-30,36.2
12622,BZA,30-60,44.7
12622,BZA,60-120,78.4
12622,BZA,120+,117.3
12622,ET,0-5,10.8
12622,ET,5-15,10.9
12622,ET,15-30,10.6
12622,ET,30-60,15.9
12622,ET,60-120,32.2
12622,ET,120+,46.8
12622,GWL,0-5,13.1
12622,GWL,5-15,13.1
12622,GWL,15-30,12.8
12622,GWL,30-60,18.8
12622,GWL,60-120,34.9
12622,GWL,120+,53.0
12622,KMT,0-5,44.5
12622,KMT,5-15,44.5
12622,KMT,15-30,45.0
12622,KMT,30-60,53.0
12622,KMT,60-120,89.7
12622,KMT,120+,139.4
12622,MAS,0-5,13.4
12622,MAS,5-15,13.4
12622,MAS,15-30,13.4
12622,MAS,30-60,19.1
12622,MAS,60-120,37.9
12622,MAS,120+,56.4
12622,NDLS,0-5,1.9
12622,NDLS,5-15,1.9
12622,NDLS,15-30,1.4
12622,NDLS,30-60,4.1
12622,NDLS,60-120,14.2
12622,NDLS,120+,18.6
12622,NGP,0-5,21.7
12622,NGP,5-15,21.7
12622,NGP,15-30,22.0
12622,NGP,30-60,27.8
12622,NGP,60-120,50.5
12622,NGP,120+,71.4
12622,VGLJ,0-5,19.8
12622,VGLJ,5-15,19.9
12622,VGLJ,15-30,20.2
12622,VGLJ,30-60,26.2
12622,VGLJ,60-120,50.1
12622,VGLJ,120+,70.3
12622,WL,0-5,37.8
12622,WL,5-15,37.8
12622,WL,15-30,38.4
12622,WL,30-60,45.7
12622,WL,60-120,79.7
12622,WL,120+,122.6
12625,AGC,0-5,27.7
12625,AGC,5-15,27.7
12625,AGC,15-30,27.8
12625,AGC,30-60,30.5
12625,AGC,60-120,52.7
12625,AGC,120+,74.8
12625,AWY,0-5,22.6
12625,AWY,5-15,22.6
12625,AWY,15-30,21.9
12625,AWY,30-60,27.8
12625,AWY,60-120,49.9
12625,AWY,120+,75.8
12625,BINA,0-5,14.6
12625,BINA,5-15,14.6
12625,BINA,15-30,14.7
12625,BINA,30-60,20.4
12625,BINA,60-120,38.4
12625,BINA,120+,61.2
12625,BPL,0-5,20.2
12625,BPL,5-15,20.3
12625,BPL,15-30,20.7
12625,BPL,30-60,26.8
12625,BPL,60-120,50.6
12625,BPL,120+,78.4
12625,BPQ,0-5,9.3
12625,BPQ,5-15,9.4
12625,BPQ,15-30,9.7
12625,BPQ,30-60,14.3
12625,BPQ,60-120,32.2
12625,BPQ,120+,49.7
12625,BZA,0-5,19.5
12625,BZA,5-15,19.6
12625,BZA,15-30,20.0
12625,BZA,30-60,25.8
12625,BZA,60-120,49.2
12625,BZA,120+,76.6
12625,CBE,0-5,12.0
12625,CBE,5-15,12.0
12625,CBE,15-30,12.3
12625,CBE,30-60,17.0
12625,CBE,60-120,34.9
12625,CBE,120+,56.1
12625,CD,0-5,10.6
12625,CD,5-15,10.6
12625,CD,15-30,10.9
12625,CD,30-60,15.2
12625,CD,60-120,32.4
12625,CD,120+,52.2
12625,CGY,0-5,20.0
12625,CGY,5-15,20.0
12625,CGY,15-30,20.4
12625,CGY,30-60,25.7
12625,CGY,60-120,49.0
12625,CGY,120+,75.9
12625,CNGR,0-5,18.8
12625,CNGR,5-15,18.8
12625,CNGR,15-30,19.2
12625,CNGR,30-60,24.5
12625,CNGR,60-120,46.6
12625,CNGR,120+,73.3
12625,CTO,0-5,15.2
12625,CTO,5-15,15.2
12625,CTO,15-30,15.5
12625,CTO,30-60,20.6
12625,CTO,60-120,39.3
12625,CTO,120+,62.6
12625,ED,0-5,12.5
12625,ED,5-15,12.6
12625,ED,15-30,12.9
12625,ED,30-60,17.6
12625,ED,60-120,34.7
12625,ED,120+,55.1
12625,ERN,0-5,18.9
12625,ERN,5-15,18.9
12625,ERN,15-30,19.2
12625,ERN,30-60,24.6
12625,ERN,60-120,46.3
12625,ERN,120+,72.4
12625,ET,0-5,21.4
12625,ET,5-15,21.4
12625,ET,15-30,21.8
12625,ET,30-60,27.2
12625,ET,60-120,50.8
12625,ET,120+,78.1
12625,FDB,0-5,19.4
12625,FDB,5-15,19.5
12625,FDB,15-30,19.8
12625,FDB,30-60,25.1
12625,FDB,60-120,47.2
12625,FDB,120+,73.2
12625,GDR,0-5,19.4
12625,GDR,5-15,19.4
12625,GDR,15-30,19.7
12625,GDR,30-60,25.1
12625,GDR,60-120,47.4
12625,GDR,120+,73.4
12625,GWL,0-5,19.4
12625,GWL,5-15,19.4
12625,GWL,15-30,19.8
12625,GWL,30-60,25.0
12625,GWL,60-120,46.7
12625,GWL,120+,72.7
12625,JTJ,0-5,7.6
12625,JTJ,5-15,7.6
12625,JTJ,15-30,7.9
12625,JTJ,30-60,11.4
12625,JTJ,60-120,27.4
12625,JTJ,120+,41.0
12625,KPD,0-5,5.5
12625,KPD,5-15,5.6
12625,KPD,15-30,5.9
12625,KPD,30-60,8.5
12625,KPD,60-120,23.1
12625,KPD,120+,35.0
12625,KTYM,0-5,18.8
12625,KTYM,5-15,18.8
12625,KTYM,15-30,19.2
12625,KTYM,30-60,24.5
12625,KTYM,60-120,45.6
12625,KTYM,120+,71.5
12625,KYJ,0-5,15.7
12625,KYJ,5-15,15.7
12625,KYJ,15-30,16.0
12625,KYJ,30-60,21.1
12625,KYJ,60-120,39.0
12625,KYJ,120+,62.9
12625,MTJ,0-5,32.2
12625,MTJ,5-15,32.2
12625,MTJ,15-30,32.8
12625,MTJ,30-60,38.7
12625,MTJ,60-120,69.1
12625,MTJ,120+,104.2
12625,MVLK,0-5,18.2
12625,MVLK,5-15,18.2
12625,MVLK,15-30,18.6
12625,MVLK,30-60,23.9
12625,MVLK,60-120,44.6
12625,MVLK,120+,69.4
12625,NDLS,0-5,18.8
12625,NDLS,5-15,18.8
12625,NDLS,15-30,19.2
12625,NDLS,30-60,24.5
12625,NDLS,60-120,45.4
12625,NDLS,120+,70.9
12625,NGP,0-5,34.4
12625,NGP,5-15,34.4
12625,NGP,15-30,34.9
12625,NGP,30-60,40.3
12625,NGP,60-120,68.8
12625,NGP,120+,102.0
12625,NLR,0-5,22.0
12625,NLR,5-15,22.0
12625,NLR,15-30,22.4
12625,NLR,30-60,27.9
12625,NLR,60-120,51.4
12625,NLR,120+,79.3
12625,NZM,0-5,26.3
12625,NZM,5-15,26.3
12625,NZM,15-30,26.7
12625,NZM,30-60,32.1
12625,NZM,60-120,59.0
12625,NZM,120+,90.6
12625,OTP,0-5,12.8
12625,OTP,5-15,12.9
12625,OTP,15-30,13.2
12625,OTP,30-60,18.0
12625,OTP,60-120,34.4
12625,OTP,120+,55.7
12625,PGT,0-5,19.8
12625,PGT,5-15,19.8
12625,PGT,15-30,20.2
12625,PGT,30-60,25.4
12625,PGT,60-120,47.7
12625,PGT,120+,73.3
12625,QLN,0-5,13.1
12625,QLN,5-15,13.2
12625,QLN,15-30,13.4
12625,QLN,30-60,18.3
12625,QLN,60-120,33.7
12625,QLN,120+,55.0
12625,RDM,0-5,44.6
12625,RDM,5-15,44.6
12625,RDM,15-30,45.1
12625,RDM,30-60,51.1
12625,RDM,60-120,85.1
12625,RDM,120+,135.6
12625,RU,0-5,24.8
12625,RU,5-15,24.8
12625,RU,15-30,25.1
12625,RU,30-60,30.3
12625,RU,60-120,54.6
12625,RU,120+,84.0
12625,SA,0-5,19.1
12625,SA,5-15,19.2
12625,SA,15-30,19.5
12625,SA,30-60,24.7
12625,SA,60-120,45.9
12625,SA,120+,71.3
12625,SEGM,0-5,26.8
12625,SEGM,5-15,26.8
12625,SEGM,15-30,27.1
12625,SEGM,30-60,32.4
12625,SEGM,60-120,58.4
12625,SEGM,120+,90.2
12625,SKZR,0-5,9.9
12625,SKZR,5-15,10.0
12625,SKZR,15-30,10.3
12625,SKZR,30-60,14.0
12625,SKZR,60-120,30.0
12625,SKZR,120+,46.7
12625,TCR,0-5,21.5
12625,TCR,5-15,21.5
12625,TCR,15-30,21.8
12625,TCR,30-60,27.1
12625,TCR,60-120,48.1
12625,TCR,120+,74.4
12625,TPTY,0-5,18.7
12625,TPTY,5-15,18.7
12625,TPTY,15-30,19.0
12625,TPTY,30-60,24.3
12625,TPTY,60-120,45.2
12625,TPTY,120+,70.7
12625,TRVL,0-5,19.8
12625,TRVL,5-15,19.8
12625,TRVL,15-30,20.2
12625,TRVL,30-60,25.4
12625,TRVL,60-120,47.5
12625,TRVL,120+,73.0
12625,TUP,0-5,12.8
12625,TUP,5-15,12.9
12625,TUP,15-30,13.2
12625,TUP,30-60,18.0
12625,TUP,60-120,34.1
12625,TUP,120+,55.7
12625,TVC,0-5,4.8
12625,TVC,5-15,4.8
12625,TVC,15-30,5.1
12625,TVC,30-60,7.3
12625,TVC,60-120,20.7
12625,TVC,120+,30.3
12625,VAK,0-5,10.9
12625,VAK,5-15,11.0
12625,VAK,15-30,11.3
12625,VAK,30-60,15.6
12625,VAK,60-120,31.4
12625,VAK,120+,49.6
12625,VARD,0-5,19.8
12625,VARD,5-15,19.9
12625,VARD,15-30,20.2
12625,VARD,30-60,25.5
12625,VARD,60-120,47.6
12625,VARD,120+,73.2
12625,VGLJ,0-5,19.7
12625,VGLJ,5-15,19.7
12625,VGLJ,15-30,20.1
12625,VGLJ,30-60,25.4
12625,VGLJ,60-120,47.5
12625,VGLJ,120+,72.9
12625,WL,0-5,31.8
12625,WL,5-15,31.8
12625,WL,15-30,32.3
12625,WL,30-60,38.2
12625,WL,60-120,68.7
12625,WL,120+,104.3
12626,AGC,0-5,29.8
12626,AGC,5-15,29.9
12626,AGC,15-30,30.2
12626,AGC,30-60,34.3
12626,AGC,60-120,67.0
12626,AGC,120+,112.8
12626,AWY,0-5,36.7
12626,AWY,5-15,36.7
12626,AWY,15-30,37.1
12626,AWY,30-60,43.4
12626,AWY,60-120,93.9
12626,AWY,120+,160.8
12626,BINA,0-5,17.9
12626,BINA,5-15,18.0
12626,BINA,15-30,18.3
12626,BINA,30-60,25.7
12626,BINA,60-120,62.1
12626,BINA,120+,118.2
12626,BPL,0-5,23.6
12626,BPL,5-15,23.6
12626,BPL,15-30,24.0
12626,BPL,30-60,31.8
12626,BPL,60-120,72.7
12626,BPL,120+,132.9
12626,BPQ,0-5,24.4
12626,BPQ,5-15,24.4
12626,BPQ,15-30,24.8
12626,BPQ,30-60,32.8
12626,BPQ,60-120,75.4
12626,BPQ,120+,135.5
12626,BZA,0-5,29.3
12626,BZA,5-15,29.3
12626,BZA,15-30,29.6
12626,BZA,30-60,36.8
12626,BZA,60-120,79.6
12626,BZA,120+,142.6
12626,CBE,0-5,29.1
12626,CBE,5-15,29.1
12626,CBE,15-30,29.4
12626,CBE,30-60,36.7
12626,CBE,60-120,78.7
12626,CBE,120+,141.6
12626,CD,0-5,35.2
12626,CD,5-15,35.3
12626,CD,15-30,35.7
12626,CD,30-60,42.0
12626,CD,60-120,90.2
12626,CD,120+,157.0
12626,CGY,0-5,38.4
12626,CGY,5-15,38.4
12626,CGY,15-30,38.7
12626,CGY,30-60,43.4
12626,CGY,60-120,89.3
12626,CGY,120+,150.3
12626,CNGR,0-5,38.4
12626,CNGR,5-15,38.4
12626,CNGR,15-30,38.7
12626,CNGR,30-60,43.4
12626,CNGR,60-120,89.3
12626,CNGR,120+,150.3
12626,CTO,0-5,31.5
12626,CTO,5-15,31.5
12626,CTO,15-30,31.8
12626,CTO,30-60,38.8
12626,CTO,60-120,79.6
12626,CTO,120+,139.6
12626,ED,0-5,27.2
12626,ED,5-15,27.2
12626,ED,15-30,27.4
12626,ED,30-60,34.8
12626,ED,60-120,75.2
12626,ED,120+,135.4
12626,ERN,0-5,39.7
12626,ERN,5-15,39.7
12626,ERN,15-30,40.1
12626,ERN,30-60,45.7
12626,ERN,60-120,92.4
12626,ERN,120+,152.4
12626,ET,0-5,21.8
12626,ET,5-15,21.8
12626,ET,15-30,22.2
12626,ET,30-60,28.9
12626,ET,60-120,67.4
12626,ET,120+,125.1
12626,GDR,0-5,28.4
12626,GDR,5-15,28.5
12626,GDR,15-30,28.8
12626,GDR,30-60,35.9
12626,GDR,60-120,78.4
12626,GDR,120+,139.8
12626,GWL,0-5,16.7
12626,GWL,5-15,16.7
12626,GWL,15-30,17.0
12626,GWL,30-60,23.7
12626,GWL,60-120,58.1
12626,GWL,120+,112.9
12626,JTJ,0-5,21.7
12626,JTJ,5-15,21.7
12626,JTJ,15-30,22.1
12626,JTJ,30-60,28.8
12626,JTJ,60-120,68.1
12626,JTJ,120+,126.0
12626,KPD,0-5,22.5
12626,KPD,5-15,22.5
12626,KPD,15-30,22.9
12626,KPD,30-60,30.3
12626,KPD,60-120,70.0
12626,KPD,120+,129.0
12626,KTYM,0-5,37.6
12626,KTYM,5-15,37.7
12626,KTYM,15-30,37.9
12626,KTYM,30-60,42.7
12626,KTYM,60-120,88.5
12626,KTYM,120+,149.4
12626,KYJ,0-5,34.3
12626,KYJ,5-15,34.3
12626,KYJ,15-30,34.5
12626,KYJ,30-60,39.3
12626,KYJ,60-120,80.5
12626,KYJ,120+,140.8
12626,MTJ,0-5,16.8
12626,MTJ,5-15,16.8
12626,MTJ,15-30,17.1
12626,MTJ,30-60,23.6
12626,MTJ,60-120,56.1
12626,MTJ,120+,111.5
12626,MVLK,0-5,37.4
12626,MVLK,5-15,37.4
12626,MVLK,15-30,37.6
12626,MVLK,30-60,42.4
12626,MVLK,60-120,88.6
12626,MVLK,120+,149.7
12626,NDLS,0-5,5.3
12626,NDLS,5-15,5.4
12626,NDLS,15-30,5.1
12626,NDLS,30-60,10.1
12626,NDLS,60-120,32.4
12626,NDLS,120+,59.9
12626,NGP,0-5,30.3
12626,NGP,5-15,30.3
12626,NGP,15-30,30.5
12626,NGP,30-60,36.8
12626,NGP,60-120,77.0
12626,NGP,120+,137.1
12626,NLR,0-5,28.1
12626,NLR,5-15,28.2
12626,NLR,15-30,28.4
12626,NLR,30-60,35.5
12626,NLR,60-120,77.2
12626,NLR,120+,139.2
12626,OTP,0-5,34.3
12626,OTP,5-15,34.3
12626,OTP,15-30,34.5
12626,OTP,30-60,39.3
12626,OTP,60-120,80.7
12626,OTP,120+,140.9
12626,PGT,0-5,30.3
12626,PGT,5-15,30.4
12626,PGT,15-30,30.6
12626,PGT,30-60,37.8
12626,PGT,60-120,78.6
12626,PGT,120+,139.1
12626,QLN,0-5,35.6
12626,QLN,5-15,35.6
12626,QLN,15-30,35.8
12626,QLN,30-60,40.6
12626,QLN,60-120,84.5
12626,QLN,120+,144.6
12626,RDM,0-5,35.5
12626,RDM,5-15,35.5
12626,RDM,15-30,35.8
12626,RDM,30-60,42.0
12626,RDM,60-120,89.0
12626,RDM,120+,155.3
12626,RU,0-5,30.4
12626,RU,5-15,30.4
12626,RU,15-30,30.6
12626,RU,30-60,37.8
12626,RU,60-120,78.5
12626,RU,120+,139.0
12626,SA,0-5,27.3
12626,SA,5-15,27.3
12626,SA,15-30,27.6
12626,SA,30-60,35.6
12626,SA,60-120,76.5
12626,SA,120+,138.8
12626,SEGM,0-5,32.2
12626,SEGM,5-15,32.2
12626,SEGM,15-30,32.4
12626,SEGM,30-60,38.6
12626,SEGM,60-120,84.5
12626,SEGM,120+,149.7
12626,SKZR,0-5,15.5
12626,SKZR,5-15,15.5
12626,SKZR,15-30,15.8
12626,SKZR,30-60,22.3
12626,SKZR,60-120,55.8
12626,SKZR,120+,110.8
12626,TCR,0-5,28.5
12626,TCR,5-15,28.6
12626,TCR,15-30,28.8
12626,TCR,30-60,35.4
12626,TCR,60-120,77.2
12626,TCR,120+,140.2
12626,TPTY,0-5,33.0
12626,TPTY,5-15,33.0
12626,TPTY,15-30,33.2
12626,TPTY,30-60,38.9
12626,TPTY,60-120,83.0
12626,TPTY,120+,143.3
12626,TRVL,0-5,34.9
12626,TRVL,5-15,34.9
12626,TRVL,15-30,35.1
12626,TRVL,30-60,40.8
12626,TRVL,60-120,86.6
12626,TRVL,120+,147.6
12626,TUP,0-5,27.2
12626,TUP,5-15,27.2
12626,TUP,15-30,27.4
12626,TUP,30-60,35.7
12626,TUP,60-120,76.9
12626,TUP,120+,139.5
12626,TVC,0-5,28.2
12626,TVC,5-15,28.2
12626,TVC,15-30,28.4
12626,TVC,30-60,34.9
12626,TVC,60-120,72.9
12626,TVC,120+,131.0
12626,TVP,0-5,30.3
12626,TVP,5-15,30.3
12626,TVP,15-30,30.5
12626,TVP,30-60,37.0
12626,TVP,60-120,76.6
12626,TVP,120+,136.8
12626,VAK,0-5,36.8
12626,VAK,5-15,36.8
12626,VAK,15-30,37.2
12626,VAK,30-60,43.7
12626,VAK,60-120,89.9
12626,VAK,120+,150.6
12626,VARD,0-5,36.8
12626,VARD,5-15,36.8
12626,VARD,15-30,37.2
12626,VARD,30-60,43.7
12626,VARD,60-120,89.9
12626,VARD,120+,150.6
12626,VGLJ,0-5,16.3
12626,VGLJ,5-15,16.3
12626,VGLJ,15-30,16.6
12626,VGLJ,30-60,23.5
12626,VGLJ,60-120,59.0
12626,VGLJ,120+,114.1
12626,WL,0-5,33.2
12626,WL,5-15,32.9
12626,WL,15-30,33.3
12626,WL,30-60,41.2
12626,WL,60-120,88.6
12626,WL,120+,156.3
12627,AD,0-5,21.5
12627,AD,5-15,21.5
12627,AD,15-30,21.9
12627,AD,30-60,24.7
12627,AD,60-120,41.4
12627,AD,120+,58.2
12627,AGC,0-5,41.8
12627,AGC,5-15,41.9
12627,AGC,15-30,42.2
12627,AGC,30-60,49.8
12627,AGC,60-120,86.1
12627,AGC,120+,130.7
12627,ANG,0-5,29.0
12627,ANG,5-15,29.0
12627,ANG,15-30,29.8
12627,ANG,30-60,37.3
12627,ANG,60-120,69.7
12627,ANG,120+,114.6
12627,ATP,0-5,9.8
12627,ATP,5-15,9.8
12627,ATP,15-30,10.1
12627,ATP,30-60,15.8
12627,ATP,60-120,31.5
12627,ATP,120+,52.9
12627,BAP,0-5,26.7
12627,BAP,5-15,26.7
12627,BAP,15-30,27.5
12627,BAP,30-60,35.1
12627,BAP,60-120,67.3
12627,BAP,120+,106.9
12627,BAU,0-5,28.9
12627,BAU,5-15,28.9
12627,BAU,15-30,29.7
12627,BAU,30-60,37.1
12627,BAU,60-120,69.9
12627,BAU,120+,114.5
12627,BINA,0-5,38.2
12627,BINA,5-15,38.2
12627,BINA,15-30,38.6
12627,BINA,30-60,46.6
12627,BINA,60-120,82.5
12627,BINA,120+,133.3
12627,BNC,0-5,3.2
12627,BNC,5-15,3.2
12627,BNC,15-30,3.4
12627,BNC,30-60,6.5
12627,BNC,60-120,19.4
12627,BNC,120+,27.2
12627,BPL,0-5,31.1
12627,BPL,5-15,31.2
12627,BPL,15-30,32.0
12627,BPL,30-60,39.3
12627,BPL,60-120,72.1
12627,BPL,120+,119.7
12627,BSL,0-5,29.4
12627,BSL,5-15,29.4
12627,BSL,15-30,30.2
12627,BSL,30-60,36.7
12627,BSL,60-120,67.8
12627,BSL,120+,107.4
12627,DD,0-5,15.5
12627,DD,5-15,15.5
12627,DD,15-30,15.9
12627,DD,30-60,21.7
12627,DD,60-120,43.2
12627,DD,120+,67.6
12627,DMM,0-5,8.6
12627,DMM,5-15,8.7
12627,DMM,15-30,8.9
12627,DMM,30-60,13.8
12627,DMM,60-120,28.5
12627,DMM,120+,46.5
12627,ET,0-5,17.4
12627,ET,5-15,17.4
12627,ET,15-30,17.8
12627,ET,30-60,23.6
12627,ET,60-120,47.5
12627,ET,120+,73.8
12627,GTL,0-5,14.9
12627,GTL,5-15,14.9
12627,GTL,15-30,15.2
12627,GTL,30-60,20.9
12627,GTL,60-120,41.1
12627,GTL,120+,63.3
12627,GWL,0-5,35.9
12627,GWL,5-15,35.9
12627,GWL,15-30,36.3
12627,GWL,30-60,43.9
12627,GWL,60-120,77.7
12627,GWL,120+,126.5
12627,HUP,0-5,11.1
12627,HUP,5-15,11.1
12627,HUP,15-30,11.4
12627,HUP,30-60,16.7
12627,HUP,60-120,32.3
12627,HUP,120+,52.2
12627,JL,0-5,16.2
12627,JL,5-15,16.3
12627,JL,15-30,16.6
12627,JL,30-60,22.4
12627,JL,60-120,44.9
12627,JL,120+,69.1
12627,KLBG,0-5,9.5
12627,KLBG,5-15,9.6
12627,KLBG,15-30,9.9
12627,KLBG,30-60,14.8
12627,KLBG,60-120,29.1
12627,KLBG,120+,48.4
12627,KNW,0-5,26.6
12627,KNW,5-15,26.6
12627,KNW,15-30,27.3
12627,KNW,30-60,34.2
12627,KNW,60-120,64.8
12627,KNW,120+,103.5
12627,KPG,0-5,20.3
12627,KPG,5-15,20.4
12627,KPG,15-30,20.8
12627,KPG,30-60,26.4
12627,KPG,60-120,52.2
12627,KPG,120+,81.1
12627,KWV,0-5,16.3
12627,KWV,5-15,16.3
12627,KWV,15-30,16.7
12627,KWV,30-60,22.3
12627,KWV,60-120,44.7
12627,KWV,120+,69.0
12627,MALM,0-5,9.7
12627,MALM,5-15,9.7
12627,MALM,15-30,9.9
12627,MALM,30-60,14.8
12627,MALM,60-120,29.2
12627,MALM,120+,48.5
12627,MTJ,0-5,46.6
12627,MTJ,5-15,46.7
12627,MTJ,15-30,47.1
12627,MTJ,30-60,53.6
12627,MTJ,60-120,91.2
12627,MTJ,120+,141.2
12627,NDLS,0-5,47.6
12627,NDLS,5-15,47.7
12627,NDLS,15-30,48.1
12627,NDLS,30-60,54.8
12627,NDLS,60-120,93.3
12627,NDLS,120+,144.8
12627,NZM,0-5,53.8
12627,NZM,5-15,53.8
12627,NZM,15-30,54.2
12627,NZM,30-60,61.1
12627,NZM,60-120,100.2
12627,NZM,120+,153.0
12627,PKD,0-5,13.8
12627,PKD,5-15,13.8
12627,PKD,15-30,14.1
12627,PKD,30-60,19.6
12627,PKD,60-120,38.7
12627,PKD,120+,60.8
12627,RC,0-5,6.7
12627,RC,5-15,6.7
12627,RC,15-30,6.9
12627,RC,30-60,10.8
12627,RC,60-120,23.1
12627,RC,120+,34.7
12627,SBC,0-5,1.6
12627,SBC,5-15,1.6
12627,SBC,15-30,1.8
12627,SBC,30-60,4.0
12627,SBC,60-120,14.2
12627,SBC,120+,19.0
12627,SSPN,0-5,14.2
12627,SSPN,5-15,14.2
12627,SSPN,15-30,14.5
12627,SSPN,30-60,20.0
12627,SSPN,60-120,39.3
12627,SSPN,120+,61.2
12627,SUR,0-5,16.0
12627,SUR,5-15,16.1
12627,SUR,15-30,16.5
12627,SUR,30-60,22.1
12627,SUR,60-120,43.9
12627,SUR,120+,68.2
12627,VGLJ,0-5,28.6
12627,VGLJ,5-15,28.7
12627,VGLJ,15-30,29.5
12627,VGLJ,30-60,36.4
12627,VGLJ,60-120,67.5
12627,VGLJ,120+,111.6
12627,WADI,0-5,6.4
12627,WADI,5-15,6.4
12627,WADI,15-30,6.6
12627,WADI,30-60,10.2
12627,WADI,60-120,23.2
12627,WADI,120+,35.0
12627,YG,0-5,8.5
12627,YG,5-15,8.6
12627,YG,15-30,8.8
12627,YG,30-60,13.6
12627,YG,60-120,27.3
12627,YG,120+,44.6
12627,YNK,0-5,10.3
12627,YNK,5-15,10.3
12627,YNK,15-30,10.6
12627,YNK,30-60,15.6
12627,YNK,60-120,31.0
12627,YNK,120+,50.3
12628,AD,0-5,49.6
12628,AD,5-15,49.7
12628,AD,15-30,49.8
12628,AD,30-60,51.5
12628,AD,60-120,84.2
12628,AD,120+,123.8
12628,AGC,0-5,18.7
12628,AGC,5-15,18.8
12628,AGC,15-30,18.8
12628,AGC,30-60,23.9
12628,AGC,60-120,54.4
12628,AGC,120+,92.8
12628,ANG,0-5,36.9
12628,ANG,5-15,37.0
12628,ANG,15-30,37.0
12628,ANG,30-60,42.9
12628,ANG,60-120,83.2
12628,ANG,120+,137.8
12628,ATP,0-5,33.7
12628,ATP,5-15,33.8
12628,ATP,15-30,33.8
12628,ATP,30-60,39.5
12628,ATP,60-120,78.3
12628,ATP,120+,131.4
12628,BAP,0-5,36.0
12628,BAP,5-15,36.1
12628,BAP,15-30,36.1
12628,BAP,30-60,42.0
12628,BAP,60-120,81.1
12628,BAP,120+,135.7
12628,BAU,0-5,25.7
12628,BAU,5-15,25.7
12628,BAU,15-30,25.9
12628,BAU,30-60,31.5
12628,BAU,60-120,64.1
12628,BAU,120+,114.6
12628,BINA,0-5,16.2
12628,BINA,5-15,16.2
12628,BINA,15-30,16.0
12628,BINA,30-60,20.2
12628,BINA,60-120,48.6
12628,BINA,120+,81.5
12628,BNC,0-5,32.3
12628,BNC,5-15,32.3
12628,BNC,15-30,32.5
12628,BNC,30-60,38.1
12628,BNC,60-120,77.0
12628,BNC,120+,130.1
12628,BPL,0-5,17.4
12628,BPL,5-15,17.5
12628,BPL,15-30,17.6
12628,BPL,30-60,22.0
12628,BPL,60-120,51.9
12628,BPL,120+,91.1
12628,BSL,0-5,26.6
12628,BSL,5-15,26.6
12628,BSL,15-30,26.8
12628,BSL,30-60,31.0
12628,BSL,60-120,61.2
12628,BSL,120+,108.1
12628,DD,0-5,37.7
12628,DD,5-15,37.7
12628,DD,15-30,37.8
12628,DD,30-60,44.3
12628,DD,60-120,83.9
12628,DD,120+,138.7
12628,DMM,0-5,24.1
12628,DMM,5-15,24.1
12628,DMM,15-30,24.4
12628,DMM,30-60,29.3
12628,DMM,60-120,61.5
12628,DMM,120+,110.9
12628,ET,0-5,16.7
12628,ET,5-15,16.8
12628,ET,15-30,16.9
12628,ET,30-60,21.2
12628,ET,60-120,50.3
12628,ET,120+,86.3
12628,GTL,0-5,34.4
12628,GTL,5-15,34.5
12628,GTL,15-30,34.5
12628,GTL,30-60,39.9
12628,GTL,60-120,76.5
12628,GTL,120+,128.5
12628,GWL,0-5,13.7
12628,GWL,5-15,13.8
12628,GWL,15-30,13.5
12628,GWL,30-60,17.4
12628,GWL,60-120,42.3
12628,GWL,120+,72.7
12628,HUP,0-5,35.2
12628,HUP,5-15,35.3
12628,HUP,15-30,35.3
12628,HUP,30-60,41.0
12628,HUP,60-120,77.7
12628,HUP,120+,130.8
12628,JL,0-5,28.9
12628,JL,5-15,29.0
12628,JL,15-30,29.1
12628,JL,30-60,34.3
12628,JL,60-120,66.9
12628,JL,120+,117.5
12628,KLBG,0-5,46.3
12628,KLBG,5-15,46.3
12628,KLBG,15-30,46.4
12628,KLBG,30-60,53.2
12628,KLBG,60-120,95.1
12628,KLBG,120+,153.4
12628,KNW,0-5,18.1
12628,KNW,5-15,18.1
12628,KNW,15-30,18.2
12628,KNW,30-60,22.7
12628,KNW,60-120,52.7
12628,KNW,120+,96.7
12628,KPG,0-5,28.4
12628,KPG,5-15,28.4
12628,KPG,15-30,28.5
12628,KPG,30-60,34.0
12628,KPG,60-120,66.5
12628,KPG,120+,117.1
12628,KWV,0-5,47.5
12628,KWV,5-15,47.6
12628,KWV,15-30,47.8
12628,KWV,30-60,54.0
12628,KWV,60-120,96.1
12628,KWV,120+,153.5
12628,MALM,0-5,36.0
12628,MALM,5-15,36.0
12628,MALM,15-30,36.1
12628,MALM,30-60,42.2
12628,MALM,60-120,81.7
12628,MALM,120+,135.0
12628,MMR,0-5,33.3
12628,MMR,5-15,33.4
12628,MMR,15-30,33.5
12628,MMR,30-60,39.1
12628,MMR,60-120,75.5
12628,MMR,120+,127.8
12628,MTJ,0-5,18.9
12628,MTJ,5-15,18.9
12628,MTJ,15-30,18.9
12628,MTJ,30-60,23.6
12628,MTJ,60-120,52.7
12628,MTJ,120+,96.3
12628,NDLS,0-5,3.4
12628,NDLS,5-15,3.4
12628,NDLS,15-30,3.0
12628,NDLS,30-60,6.6
12628,NDLS,60-120,18.9
12628,NDLS,120+,37.4
12628,PKD,0-5,29.5
12628,PKD,5-15,29.5
12628,PKD,15-30,29.6
12628,PKD,30-60,34.9
12628,PKD,60-120,68.7
12628,PKD,120+,119.9
12628,RC,0-5,34.1
12628,RC,5-15,34.1
12628,RC,15-30,34.1
12628,RC,30-60,39.9
12628,RC,60-120,77.3
12628,RC,120+,130.3
12628,SBC,0-5,15.6
12628,SBC,5-15,15.7
12628,SBC,15-30,15.6
12628,SBC,30-60,20.5
12628,SBC,60-120,50.8
12628,SBC,120+,88.2
12628,SSPN,0-5,28.8
12628,SSPN,5-15,28.8
12628,SSPN,15-30,28.9
12628,SSPN,30-60,34.4
12628,SSPN,60-120,67.8
12628,SSPN,120+,118.8
12628,SUR,0-5,38.4
12628,SUR,5-15,38.5
12628,SUR,15-30,38.5
12628,SUR,30-60,45.3
12628,SUR,60-120,85.3
12628,SUR,120+,140.7
12628,VGLJ,0-5,12.5
12628,VGLJ,5-15,12.6
12628,VGLJ,15-30,12.3
12628,VGLJ,30-60,16.6
12628,VGLJ,60-120,42.1
12628,VGLJ,120+,72.4
12628,WADI,0-5,29.8
12628,WADI,5-15,29.8
12628,WADI,15-30,29.9
12628,WADI,30-60,35.3
12628,WADI,60-120,71.8
12628,WADI,120+,123.7
12628,YG,0-5,34.1
12628,YG,5-15,34.1
12628,YG,15-30,34.2
12628,YG,30-60,39.9
12628,YG,60-120,76.9
12628,YG,120+,129.7
12628,YNK,0-5,28.2
12628,YNK,5-15,28.3
12628,YNK,15-30,28.4
12628,YNK,30-60,33.8
12628,YNK,60-120,66.4
12628,YNK,120+,117.2
12631,CGL,0-5,14.9
12631,CGL,5-15,14.9
12631,CGL,15-30,15.7
12631,CGL,30-60,21.7
12631,CGL,60-120,43.2
12631,CGL,120+,75.6
12631,CVP,0-5,16.5
12631,CVP,5-15,16.5
12631,CVP,15-30,17.2
12631,CVP,30-60,26.7
12631,CVP,60-120,53.2
12631,CVP,120+,97.7
12631,DG,0-5,11.4
12631,DG,5-15,11.4
12631,DG,15-30,12.4
12631,DG,30-60,20.3
12631,DG,60-120,43.1
12631,DG,120+,82.6
12631,MDU,0-5,13.8
12631,MDU,5-15,13.8
12631,MDU,15-30,14.7
12631,MDU,30-60,23.6
12631,MDU,60-120,48.3
12631,MDU,120+,90.6
12631,MLMR,0-5,19.6
12631,MLMR,5-15,19.6
12631,MLMR,15-30,20.4
12631,MLMR,30-60,30.2
12631,MLMR,60-120,60.6
12631,MLMR,120+,108.4
12631,MS,0-5,2.9
12631,MS,5-15,2.9
12631,MS,15-30,3.5
12631,MS,30-60,9.2
12631,MS,60-120,24.2
12631,MS,120+,51.0
12631,SDN,0-5,10.4
12631,SDN,5-15,10.4
12631,SDN,15-30,11.2
12631,SDN,30-60,18.6
12631,SDN,60-120,41.7
12631,SDN,120+,77.0
12631,SRT,0-5,16.1
12631,SRT,5-15,16.1
12631,SRT,15-30,16.8
12631,SRT,30-60,25.6
12631,SRT,60-120,51.4
12631,SRT,120+,94.4
12631,TBM,0-5,4.0
12631,TBM,5-15,4.1
12631,TBM,15-30,4.8
12631,TBM,30-60,9.8
12631,TBM,60-120,28.3
12631,TBM,120+,54.7
12631,TEN,0-5,3.1
12631,TEN,5-15,3.1
12631,TEN,15-30,3.7
12631,TEN,30-60,8.5
12631,TEN,60-120,23.4
12631,TEN,120+,47.9
12631,TMV,0-5,19.8
12631,TMV,5-15,19.8
12631,TMV,15-30,20.6
12631,TMV,30-60,29.4
12631,TMV,60-120,58.6
12631,TMV,120+,103.2
12631,TPJ,0-5,3.9
12631,TPJ,5-15,4.0
12631,TPJ,15-30,4.6
12631,TPJ,30-60,9.5
12631,TPJ,60-120,26.8
12631,TPJ,120+,52.5
12631,VM,0-5,6.2
12631,VM,5-15,6.2
12631,VM,15-30,7.1
12631,VM,30-60,12.5
12631,VM,60-120,32.4
12631,VM,120+,61.3
12631,VPT,0-5,13.9
12631,VPT,5-15,14.0
12631,VPT,15-30,14.8
12631,VPT,30-60,22.8
12631,VPT,60-120,46.4
12631,VPT,120+,86.2
12631,VRI,0-5,6.8
12631,VRI,5-15,6.8
12631,VRI,15-30,7.6
12631,VRI,30-60,13.4
12631,VRI,60-120,33.4
12631,VRI,120+,62.3
12632,CGL,0-5,38.8
12632,CGL,5-15,38.8
12632,CGL,15-30,39.8
12632,CGL,30-60,45.1
12632,CGL,60-120,80.1
12632,CGL,120+,122.7
12632,CVP,0-5,2.9
12632,CVP,5-15,2.9
12632,CVP,15-30,3.0
12632,CVP,30-60,6.8
12632,CVP,60-120,19.6
12632,CVP,120+,41.1
12632,DG,0-5,16.9
12632,DG,5-15,16.9
12632,DG,15-30,17.7
12632,DG,30-60,25.5
12632,DG,60-120,49.1
12632,DG,120+,93.1
12632,MBM,0-5,6.0
12632,MBM,5-15,6.0
12632,MBM,15-30,6.5
12632,MBM,30-60,10.9
12632,MBM,60-120,29.3
12632,MBM,120+,57.6
12632,MDU,0-5,6.5
12632,MDU,5-15,6.5
12632,MDU,15-30,7.0
12632,MDU,30-60,11.8
12632,MDU,60-120,30.3
12632,MDU,120+,57.6
12632,MLMR,0-5,29.5
12632,MLMR,5-15,29.5
12632,MLMR,15-30,30.4
12632,MLMR,30-60,38.6
12632,MLMR,60-120,73.9
12632,MLMR,120+,121.5
12632,MS,0-5,2.9
12632,MS,5-15,2.9
12632,MS,15-30,3.1
12632,MS,30-60,6.7
12632,MS,60-120,19.3
12632,MS,120+,41.3
12632,SDN,0-5,11.6
12632,SDN,5-15,11.6
12632,SDN,15-30,12.1
12632,SDN,30-60,17.9
12632,SDN,60-120,39.0
12632,SDN,120+,74.8
12632,SRT,0-5,8.9
12632,SRT,5-15,8.9
12632,SRT,15-30,9.4
12632,SRT,30-60,14.5
12632,SRT,60-120,34.4
12632,SRT,120+,65.1
12632,TBM,0-5,37.1
12632,TBM,5-15,37.1
12632,TBM,15-30,38.2
12632,TBM,30-60,46.9
12632,TBM,60-120,84.4
12632,TBM,120+,138.3
12632,TEN,0-5,3.1
12632,TEN,5-15,3.1
12632,TEN,15-30,3.3
12632,TEN,30-60,6.6
12632,TEN,60-120,19.5
12632,TEN,120+,40.7
12632,TMV,0-5,28.5
12632,TMV,5-15,28.6
12632,TMV,15-30,29.4
12632,TMV,30-60,37.1
12632,TMV,60-120,70.5
12632,TMV,120+,116.3
12632,TPJ,0-5,22.9
12632,TPJ,5-15,23.0
12632,TPJ,15-30,23.8
12632,TPJ,30-60,31.3
12632,TPJ,60-120,60.6
12632,TPJ,120+,103.9
12632,VM,0-5,30.3
12632,VM,5-15,30.3
12632,VM,15-30,31.2
12632,VM,30-60,38.8
12632,VM,60-120,73.8
12632,VM,120+,120.2
12632,VPT,0-5,10.2
12632,VPT,5-15,10.2
12632,VPT,15-30,10.7
12632,VPT,30-60,16.1
12632,VPT,60-120,36.1
12632,VPT,120+,67.5
12632,VRI,0-5,26.4
12632,VRI,5-15,26.4
12632,VRI,15-30,27.3
12632,VRI,30-60,34.9
12632,VRI,60-120,66.7
12632,VRI,120+,110.6
12633,CAPE,0-5,3.8
12633,CAPE,5-15,3.8
12633,CAPE,15-30,4.2
12633,CAPE,30-60,9.2
12633,CAPE,60-120,26.0
12633,CAPE,120+,48.7
12633,CGL,0-5,3.8
12633,CGL,5-15,3.8
12633,CGL,15-30,4.4
12633,CGL,30-60,9.6
12633,CGL,60-120,29.4
12633,CGL,120+,54.6
12633,CVP,0-5,8.8
12633,CVP,5-15,8.8
12633,CVP,15-30,9.6
12633,CVP,30-60,16.5
12633,CVP,60-120,40.6
12633,CVP,120+,73.0
12633,DG,0-5,13.6
12633,DG,5-15,13.7
12633,DG,15-30,14.5
12633,DG,30-60,22.7
12633,DG,60-120,48.7
12633,DG,120+,89.9
12633,MBM,0-5,2.7
12633,MBM,5-15,2.8
12633,MBM,15-30,3.3
12633,MBM,30-60,8.3
12633,MBM,60-120,24.7
12633,MBM,120+,50.2
12633,MDU,0-5,9.8
12633,MDU,5-15,9.9
12633,MDU,15-30,10.7
12633,MDU,30-60,17.7
12633,MDU,60-120,42.0
12633,MDU,120+,76.0
12633,MLMR,0-5,11.7
12633,MLMR,5-15,11.7
12633,MLMR,15-30,12.6
12633,MLMR,30-60,20.0
12633,MLMR,60-120,44.2
12633,MLMR,120+,82.0
12633,MS,0-5,2.8
12633,MS,5-15,2.9
12633,MS,15-30,3.4
12633,MS,30-60,8.1
12633,MS,60-120,24.2
12633,MS,120+,48.7
12633,NCJ,0-5,12.3
12633,NCJ,5-15,12.3
12633,NCJ,15-30,13.1
12633,NCJ,30-60,20.3
12633,NCJ,60-120,45.4
12633,NCJ,120+,83.8
12633,TBM,0-5,3.9
12633,TBM,5-15,3.9
12633,TBM,15-30,4.4
12633,TBM,30-60,9.1
12633,TBM,60-120,28.0
12633,TBM,120+,54.4
12633,TEN,0-5,6.6
12633,TEN,5-15,6.7
12633,TEN,15-30,7.5
12633,TEN,30-60,13.0
12633,TEN,60-120,34.8
12633,TEN,120+,64.2
12633,TMV,0-5,13.9
12633,TMV,5-15,13.9
12633,TMV,15-30,14.7
12633,TMV,30-60,22.3
12633,TMV,60-120,47.2
12633,TMV,120+,87.3
12633,TPJ,0-5,6.0
12633,TPJ,5-15,6.1
12633,TPJ,15-30,6.9
12633,TPJ,30-60,11.9
12633,TPJ,60-120,33.4
12633,TPJ,120+,60.6
12633,VLY,0-5,6.0
12633,VLY,5-15,6.1
12633,VLY,15-30,6.9
12633,VLY,30-60,11.9
12633,VLY,60-120,33.4
12633,VLY,120+,60.6
12633,VM,0-5,3.9
12633,VM,5-15,4.0
12633,VM,15-30,4.6
12633,VM,30-60,9.1
12633,VM,60-120,28.7
12633,VM,120+,53.1
12633,VPT,0-5,8.9
12633,VPT,5-15,8.9
12633,VPT,15-30,9.7
12633,VPT,30-60,15.9
12633,VPT,60-120,39.9
12633,VPT,120+,69.7
12633,VRI,0-5,3.8
12633,VRI,5-15,3.9
12633,VRI,15-30,4.4
12633,VRI,30-60,8.7
12633,VRI,60-120,27.3
12633,VRI,120+,51.7
12634,CAPE,0-5,6.1
12634,CAPE,5-15,6.2
12634,CAPE,15-30,6.8
12634,CAPE,30-60,11.7
12634,CAPE,60-120,31.6
12634,CAPE,120+,57.1
12634,CGL,0-5,33.1
12634,CGL,5-15,33.2
12634,CGL,15-30,34.2
12634,CGL,30-60,44.1
12634,CGL,60-120,81.7
12634,CGL,120+,137.1
12634,CVP,0-5,9.5
12634,CVP,5-15,9.5
12634,CVP,15-30,10.3
12634,CVP,30-60,17.3
12634,CVP,60-120,39.6
12634,CVP,120+,72.8
12634,DG,0-5,18.7
12634,DG,5-15,18.7
12634,DG,15-30,19.8
12634,DG,30-60,28.4
12634,DG,60-120,56.2
12634,DG,120+,101.4
12634,MBM,0-5,11.4
12634,MBM,5-15,11.4
12634,MBM,15-30,12.2
12634,MBM,30-60,19.6
12634,MBM,60-120,42.0
12634,MBM,120+,77.4
12634,MDU,0-5,14.0
12634,MDU,5-15,14.0
12634,MDU,15-30,14.8
12634,MDU,30-60,22.5
12634,MDU,60-120,47.0
12634,MDU,120+,87.0
12634,MLMR,0-5,27.2
12634,MLMR,5-15,27.2
12634,MLMR,15-30,28.2
12634,MLMR,30-60,36.6
12634,MLMR,60-120,71.7
12634,MLMR,120+,120.7
12634,MS,0-5,9.3
12634,MS,5-15,9.3
12634,MS,15-30,10.1
12634,MS,30-60,16.6
12634,MS,60-120,39.0
12634,MS,120+,70.5
12634,NCJ,0-5,11.6
12634,NCJ,5-15,11.6
12634,NCJ,15-30,12.4
12634,NCJ,30-60,19.1
12634,NCJ,60-120,41.9
12634,NCJ,120+,76.9
12634,SRT,0-5,8.7
12634,SRT,5-15,8.7
12634,SRT,15-30,9.5
12634,SRT,30-60,15.6
12634,SRT,60-120,38.1
12634,SRT,120+,67.4
12634,TBM,0-5,36.2
12634,TBM,5-15,36.2
12634,TBM,15-30,37.4
12634,TBM,30-60,47.8
12634,TBM,60-120,87.0
12634,TBM,120+,143.7
12634,TEN,0-5,7.9
12634,TEN,5-15,7.9
12634,TEN,15-30,8.7
12634,TEN,30-60,14.3
12634,TEN,60-120,35.9
12634,TEN,120+,63.6
12634,TMV,0-5,25.7
12634,TMV,5-15,25.8
12634,TMV,15-30,26.7
12634,TMV,30-60,35.0
12634,TMV,60-120,69.2
12634,TMV,120+,114.8
12634,TPJ,0-5,14.4
12634,TPJ,5-15,14.4
12634,TPJ,15-30,15.2
12634,TPJ,30-60,22.4
12634,TPJ,60-120,47.0
12634,TPJ,120+,85.7
12634,VLY,0-5,12.5
12634,VLY,5-15,12.5
12634,VLY,15-30,13.3
12634,VLY,30-60,20.0
12634,VLY,60-120,44.1
12634,VLY,120+,79.0
12634,VM,0-5,23.9
12634,VM,5-15,23.9
12634,VM,15-30,24.9
12634,VM,30-60,33.1
12634,VM,60-120,66.1
12634,VM,120+,110.8
12634,VPT,0-5,11.0
12634,VPT,5-15,11.0
12634,VPT,15-30,11.8
12634,VPT,30-60,18.3
12634,VPT,60-120,40.7
12634,VPT,120+,73.3
12634,VRI,0-5,21.6
12634,VRI,5-15,21.7
12634,VRI,15-30,22.8
12634,VRI,30-60,30.9
12634,VRI,60-120,61.9
12634,VRI,120+,104.1
12635,ALU,0-5,18.1
12635,ALU,5-15,18.1
12635,ALU,15-30,18.9
12635,ALU,30-60,25.7
12635,ALU,60-120,51.0
12635,ALU,120+,91.8
12635,CGL,0-5,6.4
12635,CGL,5-15,6.4
12635,CGL,15-30,7.2
12635,CGL,30-60,13.5
12635,CGL,60-120,35.6
12635,CGL,120+,70.7
12635,DG,0-5,15.1
12635,DG,5-15,15.1
12635,DG,15-30,16.0
12635,DG,30-60,25.5
12635,DG,60-120,52.3
12635,DG,120+,101.5
12635,MDU,0-5,6.2
12635,MDU,5-15,6.2
12635,MDU,15-30,7.1
12635,MDU,30-60,13.4
12635,MDU,60-120,35.5
12635,MDU,120+,72.1
12635,MPA,0-5,13.1
12635,MPA,5-15,13.1
12635,MPA,15-30,14.0
12635,MPA,30-60,22.8
12635,MPA,60-120,49.5
12635,MPA,120+,94.8
12635,MS,0-5,3.2
12635,MS,5-15,3.2
12635,MS,15-30,3.8
12635,MS,30-60,9.5
12635,MS,60-120,24.9
12635,MS,120+,54.2
12635,SDN,0-5,14.2
12635,SDN,5-15,14.2
12635,SDN,15-30,15.1
12635,SDN,30-60,23.8
12635,SDN,60-120,49.9
12635,SDN,120+,97.1
12635,SRGM,0-5,19.2
12635,SRGM,5-15,19.2
12635,SRGM,15-30,19.9
12635,SRGM,30-60,29.5
12635,SRGM,60-120,60.2
12635,SRGM,120+,110.2
12635,TBM,0-5,3.7
12635,TBM,5-15,3.8
12635,TBM,15-30,4.4
12635,TBM,30-60,9.2
12635,TBM,60-120,27.6
12635,TBM,120+,56.4
12635,TPJ,0-5,11.7
12635,TPJ,5-15,11.7
12635,TPJ,15-30,12.6
12635,TPJ,30-60,20.1
12635,TPJ,60-120,44.7
12635,TPJ,120+,86.5
12635,VM,0-5,6.3
12635,VM,5-15,6.4
12635,VM,15-30,7.2
12635,VM,30-60,12.6
12635,VM,60-120,34.4
12635,VM,120+,68.3
12635,VRI,0-5,10.3
12635,VRI,5-15,10.4
12635,VRI,15-30,11.2
12635,VRI,30-60,18.4
12635,VRI,60-120,42.9
12635,VRI,120+,80.9
12636,ALU,0-5,6.2
12636,ALU,5-15,6.2
12636,ALU,15-30,7.0
12636,ALU,30-60,12.8
12636,ALU,60-120,33.6
12636,ALU,120+,65.5
12636,CGL,0-5,13.9
12636,CGL,5-15,13.9
12636,CGL,15-30,14.7
12636,CGL,30-60,23.6
12636,CGL,60-120,49.9
12636,CGL,120+,95.6
12636,DG,0-5,9.8
12636,DG,5-15,9.8
12636,DG,15-30,10.7
12636,DG,30-60,18.4
12636,DG,60-120,42.9
12636,DG,120+,83.9
12636,MBM,0-5,3.1
12636,MBM,5-15,3.1
12636,MBM,15-30,3.8
12636,MBM,30-60,9.5
12636,MBM,60-120,25.0
12636,MBM,120+,54.3
12636,MDU,0-5,3.2
12636,MDU,5-15,3.2
12636,MDU,15-30,3.8
12636,MDU,30-60,9.6
12636,MDU,60-120,24.6
12636,MDU,120+,53.9
12636,MPA,0-5,11.5
12636,MPA,5-15,11.5
12636,MPA,15-30,12.4
12636,MPA,30-60,20.2
12636,MPA,60-120,44.8
12636,MPA,120+,89.1
12636,MS,0-5,4.0
12636,MS,5-15,4.0
12636,MS,15-30,4.6
12636,MS,30-60,10.2
12636,MS,60-120,28.9
12636,MS,120+,60.8
12636,SDN,0-5,6.6
12636,SDN,5-15,6.6
12636,SDN,15-30,7.5
12636,SDN,30-60,13.8
12636,SDN,60-120,35.6
12636,SDN,120+,72.0
12636,SRGM,0-5,4.2
12636,SRGM,5-15,4.3
12636,SRGM,15-30,5.0
12636,SRGM,30-60,10.2
12636,SRGM,60-120,30.5
12636,SRGM,120+,61.8
12636,TBM,0-5,20.9
12636,TBM,5-15,20.9
12636,TBM,15-30,21.7
12636,TBM,30-60,30.9
12636,TBM,60-120,62.9
12636,TBM,120+,113.4
12636,TPJ,0-5,5.4
12636,TPJ,5-15,5.4
12636,TPJ,15-30,6.2
12636,TPJ,30-60,11.3
12636,TPJ,60-120,32.1
12636,TPJ,120+,62.4
12636,VM,0-5,11.7
12636,VM,5-15,11.7
12636,VM,15-30,12.6
12636,VM,30-60,19.8
12636,VM,60-120,44.1
12636,VM,120+,85.3
12636,VRI,0-5,8.8
12636,VRI,5-15,8.8
12636,VRI,15-30,9.7
12636,VRI,30-60,16.3
12636,VRI,60-120,39.8
12636,VRI,120+,76.4
12657,AJJ,0-5,17.0
12657,AJJ,5-15,17.0
12657,AJJ,15-30,17.9
12657,AJJ,30-60,25.5
12657,AJJ,60-120,48.7
12657,AJJ,120+,82.8
12657,BNC,0-5,40.4
12657,BNC,5-15,40.4
12657,BNC,15-30,43.1
12657,BNC,30-60,57.4
12657,BNC,60-120,99.5
12657,BNC,120+,159.6
12657,BNCE,0-5,24.0
12657,BNCE,5-15,24.0
12657,BNCE,15-30,24.7
12657,BNCE,30-60,35.1
12657,BNCE,60-120,67.6
12657,BNCE,120+,114.5
12657,BWT,0-5,16.7
12657,BWT,5-15,16.7
12657,BWT,15-30,17.2
12657,BWT,30-60,28.6
12657,BWT,60-120,54.9
12657,BWT,120+,98.6
12657,JTJ,0-5,6.4
12657,JTJ,5-15,6.4
12657,JTJ,15-30,6.7
12657,JTJ,30-60,11.6
12657,JTJ,60-120,32.1
12657,JTJ,120+,61.6
12657,KPD,0-5,15.6
12657,KPD,5-15,15.6
12657,KPD,15-30,15.8
12657,KPD,30-60,27.5
12657,KPD,60-120,52.2
12657,KPD,120+,96.0
12657,MAS,0-5,3.8
12657,MAS,5-15,3.9
12657,MAS,15-30,3.9
12657,MAS,30-60,8.9
12657,MAS,60-120,25.6
12657,MAS,120+,49.9
12657,SBC,0-5,28.9
12657,SBC,5-15,28.9
12657,SBC,15-30,29.5
12657,SBC,30-60,42.1
12657,SBC,60-120,80.0
12657,SBC,120+,130.7
12658,AJJ,0-5,19.5
12658,AJJ,5-15,19.5
12658,AJJ,15-30,20.6
12658,AJJ,30-60,28.9
12658,AJJ,60-120,54.2
12658,AJJ,120+,92.1
12658,BNC,0-5,6.6
12658,BNC,5-15,6.6
12658,BNC,15-30,7.5
12658,BNC,30-60,13.6
12658,BNC,60-120,34.5
12658,BNC,120+,64.6
12658,BWT,0-5,19.8
12658,BWT,5-15,19.8
12658,BWT,15-30,20.3
12658,BWT,30-60,32.3
12658,BWT,60-120,62.9
12658,BWT,120+,111.4
12658,JTJ,0-5,9.9
12658,JTJ,5-15,10.0
12658,JTJ,15-30,10.2
12658,JTJ,30-60,17.4
12658,JTJ,60-120,41.0
12658,JTJ,120+,77.0
12658,KPD,0-5,8.6
12658,KPD,5-15,8.7
12658,KPD,15-30,8.9
12658,KPD,30-60,16.6
12658,KPD,60-120,39.2
12658,KPD,120+,73.7
12658,MAS,0-5,8.4
12658,MAS,5-15,8.4
12658,MAS,15-30,8.6
12658,MAS,30-60,16.2
12658,MAS,60-120,39.6
12658,MAS,120+,72.3
12658,PER,0-5,21.8
12658,PER,5-15,21.8
12658,PER,15-30,22.5
12658,PER,30-60,34.1
12658,PER,60-120,66.0
12658,PER,120+,112.6
12658,SBC,0-5,3.7
12658,SBC,5-15,3.7
12658,SBC,15-30,4.5
12658,SBC,30-60,10.1
12658,SBC,60-120,28.3
12658,SBC,120+,53.3
12677,BNC,0-5,17.4
12677,BNC,5-15,17.4
12677,BNC,15-30,18.0
12677,BNC,30-60,24.8
12677,BNC,60-120,48.9
12677,BNC,120+,88.8
12677,CBE,0-5,14.4
12677,CBE,5-15,14.5
12677,CBE,15-30,14.4
12677,CBE,30-60,22.6
12677,CBE,60-120,43.4
12677,CBE,120+,82.6
12677,DPJ,0-5,14.5
12677,DPJ,5-15,14.5
12677,DPJ,15-30,14.4
12677,DPJ,30-60,22.6
12677,DPJ,60-120,43.0
12677,DPJ,120+,82.8
12677,ED,0-5,15.5
12677,ED,5-15,15.5
12677,ED,15-30,16.0
12677,ED,30-60,23.6
12677,ED,60-120,43.3
12677,ED,120+,83.3
12677,ERS,0-5,15.1
12677,ERS,5-15,15.1
12677,ERS,15-30,15.6
12677,ERS,30-60,23.0
12677,ERS,60-120,44.1
12677,ERS,120+,85.3
12677,HSRA,0-5,14.5
12677,HSRA,5-15,14.5
12677,HSRA,15-30,14.6
12677,HSRA,30-60,21.5
12677,HSRA,60-120,39.4
12677,HSRA,120+,77.1
12677,PGT,0-5,16.5
12677,PGT,5-15,16.5
12677,PGT,15-30,17.2
12677,PGT,30-60,23.8
12677,PGT,60-120,41.7
12677,PGT,120+,77.3
12677,SA,0-5,15.7
12677,SA,5-15,15.8
12677,SA,15-30,16.3
12677,SA,30-60,23.1
12677,SA,60-120,41.5
12677,SA,120+,80.4
12677,TCR,0-5,15.7
12677,TCR,5-15,15.7
12677,TCR,15-30,16.3
12677,TCR,30-60,22.7
12677,TCR,60-120,42.0
12677,TCR,120+,78.1
12677,TUP,0-5,15.5
12677,TUP,5-15,15.5
12677,TUP,15-30,16.1
12677,TUP,30-60,22.5
12677,TUP,60-120,41.1
12677,TUP,120+,77.1
12695,AJJ,0-5,15.5
12695,AJJ,5-15,15.5
12695,AJJ,15-30,15.9
12695,AJJ,30-60,20.1
12695,AJJ,60-120,38.0
12695,AJJ,120+,67.4
12695,CBE,0-5,7.4
12695,CBE,5-15,7.4
12695,CBE,15-30,7.7
12695,CBE,30-60,12.4
12695,CBE,60-120,27.6
12695,CBE,120+,53.5
12695,CGY,0-5,36.4
12695,CGY,5-15,36.4
12695,CGY,15-30,37.2
12695,CGY,30-60,45.2
12695,CGY,60-120,77.8
12695,CGY,120+,126.7
12695,CNGR,0-5,36.5
12695,CNGR,5-15,36.5
12695,CNGR,15-30,37.3
12695,CNGR,30-60,45.2
12695,CNGR,60-120,77.3
12695,CNGR,120+,124.5
12695,ED,0-5,21.7
12695,ED,5-15,21.8
12695,ED,15-30,22.4
12695,ED,30-60,29.7
12695,ED,60-120,54.4
12695,ED,120+,95.3
12695,ERN,0-5,36.0
12695,ERN,5-15,36.0
12695,ERN,15-30,36.8
12695,ERN,30-60,44.3
12695,ERN,60-120,76.4
12695,ERN,120+,120.7
12695,JTJ,0-5,9.8
12695,JTJ,5-15,9.8
12695,JTJ,15-30,10.3
12695,JTJ,30-60,15.6
12695,JTJ,60-120,35.0
12695,JTJ,120+,66.5
12695,KPD,0-5,13.7
12695,KPD,5-15,13.7
12695,KPD,15-30,14.2
12695,KPD,30-60,20.6
12695,KPD,60-120,40.6
12695,KPD,120+,78.8
12695,KTYM,0-5,36.6
12695,KTYM,5-15,36.6
12695,KTYM,15-30,37.4
12695,KTYM,30-60,44.3
12695,KTYM,60-120,76.1
12695,KTYM,120+,122.7
12695,KYJ,0-5,36.8
12695,KYJ,5-15,36.8
12695,KYJ,15-30,37.6
12695,KYJ,30-60,44.5
12695,KYJ,60-120,76.3
12695,KYJ,120+,123.6
12695,MAP,0-5,17.3
12695,MAP,5-15,17.3
12695,MAP,15-30,18.0
12695,MAP,30-60,24.7
12695,MAP,60-120,46.7
12695,MAP,120+,87.0
12695,MAS,0-5,3.6
12695,MAS,5-15,3.7
12695,MAS,15-30,3.8
12695,MAS,30-60,7.1
12695,MAS,60-120,20.9
12695,MAS,120+,43.4
12695,MVLK,0-5,37.7
12695,MVLK,5-15,37.7
12695,MVLK,15-30,38.5
12695,MVLK,30-60,45.2
12695,MVLK,60-120,76.7
12695,MVLK,120+,123.1
12695,PGT,0-5,19.9
12695,PGT,5-15,20.0
12695,PGT,15-30,20.4
12695,PGT,30-60,26.6
12695,PGT,60-120,47.5
12695,PGT,120+,84.2
12695,QLN,0-5,33.4
12695,QLN,5-15,33.5
12695,QLN,15-30,34.2
12695,QLN,30-60,40.5
12695,QLN,60-120,70.8
12695,QLN,120+,113.1
12695,SA,0-5,22.6
12695,SA,5-15,22.6
12695,SA,15-30,23.2
12695,SA,30-60,29.9
12695,SA,60-120,53.6
12695,SA,120+,93.5
12695,TCR,0-5,21.0
12695,TCR,5-15,21.0
12695,TCR,15-30,21.5
12695,TCR,30-60,28.1
12695,TCR,60-120,51.1
12695,TCR,120+,90.7
12695,TRVL,0-5,36.9
12695,TRVL,5-15,37.0
12695,TRVL,15-30,37.7
12695,TRVL,30-60,44.6
12695,TRVL,60-120,75.2
12695,TRVL,120+,120.7
12695,TUP,0-5,25.5
12695,TUP,5-15,25.5
12695,TUP,15-30,26.0
12695,TUP,30-60,32.7
12695,TUP,60-120,58.8
12695,TUP,120+,99.1
12695,TVC,0-5,4.1
12695,TVC,5-15,4.1
12695,TVC,15-30,4.3
12695,TVC,30-60,7.3
12695,TVC,60-120,18.5
12695,TVC,120+,37.8
12695,VAK,0-5,33.4
12695,VAK,5-15,33.4
12695,VAK,15-30,34.1
12695,VAK,30-60,40.5
12695,VAK,60-120,70.0
12695,VAK,120+,110.0
12695,VN,0-5,12.3
12695,VN,5-15,12.3
12695,VN,15-30,12.7
12695,VN,30-60,18.2
12695,VN,60-120,36.7
12695,VN,120+,70.4
12696,AJJ,0-5,15.0
12696,AJJ,5-15,15.0
12696,AJJ,15-30,15.4
12696,AJJ,30-60,19.7
12696,AJJ,60-120,39.2
12696,AJJ,120+,68.8
12696,CBE,0-5,14.2
12696,CBE,5-15,14.2
12696,CBE,15-30,14.6
12696,CBE,30-60,21.6
12696,CBE,60-120,41.5
12696,CBE,120+,78.2
12696,CGY,0-5,25.4
12696,CGY,5-15,25.4
12696,CGY,15-30,26.3
12696,CGY,30-60,34.4
12696,CGY,60-120,63.1
12696,CGY,120+,101.8
12696,CNGR,0-5,23.6
12696,CNGR,5-15,23.6
12696,CNGR,15-30,24.6
12696,CNGR,30-60,32.6
12696,CNGR,60-120,59.1
12696,CNGR,120+,99.5
12696,ED,0-5,15.7
12696,ED,5-15,15.8
12696,ED,15-30,16.5
12696,ED,30-60,23.7
12696,ED,60-120,44.2
12696,ED,120+,83.7
12696,ERN,0-5,16.0
12696,ERN,5-15,16.0
12696,ERN,15-30,16.7
12696,ERN,30-60,23.5
12696,ERN,60-120,42.7
12696,ERN,120+,78.5
12696,JTJ,0-5,4.9
12696,JTJ,5-15,4.9
12696,JTJ,15-30,5.5
12696,JTJ,30-60,9.2
12696,JTJ,60-120,26.4
12696,JTJ,120+,51.6
12696,KPD,0-5,6.0
12696,KPD,5-15,6.0
12696,KPD,15-30,6.6
12696,KPD,30-60,10.6
12696,KPD,60-120,28.9
12696,KPD,120+,56.4
12696,KTYM,0-5,22.2
12696,KTYM,5-15,22.2
12696,KTYM,15-30,23.0
12696,KTYM,30-60,29.8
12696,KTYM,60-120,54.3
12696,KTYM,120+,92.3
12696,KYJ,0-5,21.7
12696,KYJ,5-15,21.7
12696,KYJ,15-30,22.6
12696,KYJ,30-60,29.2
12696,KYJ,60-120,53.7
12696,KYJ,120+,92.4
12696,MAP,0-5,15.4
12696,MAP,5-15,15.4
12696,MAP,15-30,15.9
12696,MAP,30-60,22.6
12696,MAP,60-120,44.1
12696,MAP,120+,84.4
12696,MAS,0-5,3.8
12696,MAS,5-15,3.8
12696,MAS,15-30,4.0
12696,MAS,30-60,7.4
12696,MAS,60-120,22.0
12696,MAS,120+,45.1
12696,MVLK,0-5,23.3
12696,MVLK,5-15,23.4
12696,MVLK,15-30,24.2
12696,MVLK,30-60,31.0
12696,MVLK,60-120,55.8
12696,MVLK,120+,94.1
12696,PER,0-5,15.0
12696,PER,5-15,15.0
12696,PER,15-30,15.5
12696,PER,30-60,22.0
12696,PER,60-120,43.4
12696,PER,120+,83.1
12696,PGT,0-5,8.0
12696,PGT,5-15,8.0
12696,PGT,15-30,8.5
12696,PGT,30-60,12.5
12696,PGT,60-120,26.5
12696,PGT,120+,51.1
12696,QLN,0-5,20.0
12696,QLN,5-15,20.0
12696,QLN,15-30,20.8
12696,QLN,30-60,27.4
12696,QLN,60-120,49.0
12696,QLN,120+,86.1
12696,SA,0-5,21.2
12696,SA,5-15,21.2
12696,SA,15-30,22.1
12696,SA,30-60,29.1
12696,SA,60-120,54.4
12696,SA,120+,95.3
12696,TCR,0-5,23.7
12696,TCR,5-15,23.7
12696,TCR,15-30,24.5
12696,TCR,30-60,31.8
12696,TCR,60-120,58.8
12696,TCR,120+,99.8
12696,TRVL,0-5,25.7
12696,TRVL,5-15,25.7
12696,TRVL,15-30,26.5
12696,TRVL,30-60,33.5
12696,TRVL,60-120,60.7
12696,TRVL,120+,99.0
12696,TUP,0-5,13.5
12696,TUP,5-15,13.5
12696,TUP,15-30,14.0
12696,TUP,30-60,19.7
12696,TUP,60-120,38.1
12696,TUP,120+,72.5
12696,TVC,0-5,3.6
12696,TVC,5-15,3.7
12696,TVC,15-30,4.0
12696,TVC,30-60,7.1
12696,TVC,60-120,18.6
12696,TVC,120+,39.0
12696,VAK,0-5,13.6
12696,VAK,5-15,13.6
12696,VAK,15-30,14.1
12696,VAK,30-60,19.4
12696,VAK,60-120,37.1
12696,VAK,120+,67.0
12696,VN,0-5,6.5
12696,VN,5-15,6.5
12696,VN,15-30,7.1
12696,VN,30-60,11.3
12696,VN,60-120,29.1
12696,VN,120+,55.3
12703,BALU,0-5,60.6
12703,BALU,5-15,60.6
12703,BALU,15-30,60.6
12703,BALU,30-60,61.2
12703,BALU,60-120,87.9
12703,BALU,120+,118.0
12703,BAM,0-5,49.2
12703,BAM,5-15,49.2
12703,BAM,15-30,49.1
12703,BAM,30-60,53.5
12703,BAM,60-120,87.0
12703,BAM,120+,127.6
12703,BBS,0-5,50.1
12703,BBS,5-15,50.1
12703,BBS,15-30,50.2
12703,BBS,30-60,53.4
12703,BBS,60-120,86.7
12703,BBS,120+,127.4
12703,BHC,0-5,24.3
12703,BHC,5-15,24.3
12703,BHC,15-30,24.3
12703,BHC,30-60,29.5
12703,BHC,60-120,55.9
12703,BHC,120+,96.2
12703,BLS,0-5,29.2
12703,BLS,5-15,29.2
12703,BLS,15-30,29.2
12703,BLS,30-60,34.4
12703,BLS,60-120,62.9
12703,BLS,120+,105.2
12703,BZA,0-5,41.4
12703,BZA,5-15,41.4
12703,BZA,15-30,41.5
12703,BZA,30-60,46.3
12703,BZA,60-120,78.9
12703,BZA,120+,122.7
12703,CHE,0-5,32.0
12703,CHE,5-15,32.0
12703,CHE,15-30,32.2
12703,CHE,30-60,37.8
12703,CHE,60-120,66.4
12703,CHE,120+,108.8
12703,CTC,0-5,44.4
12703,CTC,5-15,44.5
12703,CTC,15-30,44.5
12703,CTC,30-60,49.9
12703,CTC,60-120,83.8
12703,CTC,120+,124.9
12703,EE,0-5,49.4
12703,EE,5-15,49.4
12703,EE,15-30,49.5
12703,EE,30-60,54.5
12703,EE,60-120,87.7
12703,EE,120+,128.6
12703,GNT,0-5,45.4
12703,GNT,5-15,45.5
12703,GNT,15-30,45.5
12703,GNT,30-60,50.9
12703,GNT,60-120,84.4
12703,GNT,120+,125.8
12703,HWH,0-5,0.4
12703,HWH,5-15,0.4
12703,HWH,15-30,0.3
12703,HWH,30-60,4.5
12703,HWH,60-120,15.2
12703,HWH,120+,33.0
12703,IPM,0-5,47.2
12703,IPM,5-15,47.3
12703,IPM,15-30,47.3
12703,IPM,30-60,52.5
12703,IPM,60-120,85.8
12703,IPM,120+,127.0
12703,JJKR,0-5,31.6
12703,JJKR,5-15,31.6
12703,JJKR,15-30,31.8
12703,JJKR,30-60,37.7
12703,JJKR,60-120,65.8
12703,JJKR,120+,108.5
12703,KED,0-5,0.0
12703,KED,5-15,0.0
12703,KED,15-30,0.0
12703,KED,30-60,0.6
12703,KED,60-120,13.7
12703,KED,120+,24.3
12703,KGP,0-5,16.7
12703,KGP,5-15,16.8
12703,KGP,15-30,16.9
12703,KGP,30-60,22.0
12703,KGP,60-120,45.9
12703,KGP,120+,74.2
12703,KIT,0-5,40.9
12703,KIT,5-15,40.9
12703,KIT,15-30,41.0
12703,KIT,30-60,46.7
12703,KIT,60-120,77.8
12703,KIT,120+,119.0
12703,KUR,0-5,47.8
12703,KUR,5-15,47.8
12703,KUR,15-30,47.9
12703,KUR,30-60,52.2
12703,KUR,60-120,85.5
12703,KUR,120+,126.7
12703,MRGA,0-5,65.6
12703,MRGA,5-15,65.6
12703,MRGA,15-30,65.7
12703,MRGA,30-60,69.5
12703,MRGA,60-120,103.4
12703,MRGA,120+,140.7
12703,NLDA,0-5,65.9
12703,NLDA,5-15,65.9
12703,NLDA,15-30,66.0
12703,NLDA,30-60,69.3
12703,NLDA,60-120,103.3
12703,NLDA,120+,139.7
12703,PGRL,0-5,56.3
12703,PGRL,5-15,56.4
12703,PGRL,15-30,56.4
12703,PGRL,30-60,59.7
12703,PGRL,60-120,93.7
12703,PGRL,120+,131.3
12703,PSA,0-5,33.3
12703,PSA,5-15,33.3
12703,PSA,15-30,33.4
12703,PSA,30-60,38.9
12703,PSA,60-120,68.1
12703,PSA,120+,110.5
12703,RJY,0-5,51.0
12703,RJY,5-15,51.0
12703,RJY,15-30,51.1
12703,RJY,30-60,54.3
12703,RJY,60-120,87.5
12703,RJY,120+,127.4
12703,SC,0-5,22.9
12703,SC,5-15,22.9
12703,SC,15-30,22.9
12703,SC,30-60,28.3
12703,SC,60-120,53.9
12703,SC,120+,93.6
12703,SLO,0-5,48.6
12703,SLO,5-15,48.6
12703,SLO,15-30,48.6
12703,SLO,30-60,52.1
12703,SLO,60-120,86.2
12703,SLO,120+,126.3
12703,TDD,0-5,51.0
12703,TDD,5-15,51.0
12703,TDD,15-30,51.1
12703,TDD,30-60,54.3
12703,TDD,60-120,88.3
12703,TDD,120+,127.7
12703,VSKP,0-5,41.7
12703,VSKP,5-15,41.7
12703,VSKP,15-30,41.7
12703,VSKP,30-60,46.2
12703,VSKP,60-120,78.2
12703,VSKP,120+,118.0
12703,VZM,0-5,33.9
12703,VZM,5-15,33.9
12703,VZM,15-30,34.0
12703,VZM,30-60,39.3
12703,VZM,60-120,69.4
12703,VZM,120+,112.4
12704,BALU,0-5,49.2
12704,BALU,5-15,49.3
12704,BALU,15-30,49.2
12704,BALU,30-60,50.2
12704,BALU,60-120,70.5
12704,BALU,120+,92.6
12704,BAM,0-5,23.9
12704,BAM,5-15,23.9
12704,BAM,15-30,23.9
12704,BAM,30-60,28.1
12704,BAM,60-120,43.5
12704,BAM,120+,59.3
12704,BBS,0-5,38.3
12704,BBS,5-15,38.3
12704,BBS,15-30,38.4
12704,BBS,30-60,44.1
12704,BBS,60-120,67.5
12704,BBS,120+,99.4
12704,BHC,0-5,27.4
12704,BHC,5-15,27.4
12704,BHC,15-30,27.4
12704,BHC,30-60,32.5
12704,BHC,60-120,52.5
12704,BHC,120+,79.2
12704,BLS,0-5,39.1
12704,BLS,5-15,39.1
12704,BLS,15-30,39.2
12704,BLS,30-60,44.9
12704,BLS,60-120,70.1
12704,BLS,120+,105.2
12704,BZA,0-5,21.8
12704,BZA,5-15,21.8
12704,BZA,15-30,21.8
12704,BZA,30-60,26.4
12704,BZA,60-120,42.2
12704,BZA,120+,63.2
12704,CHE,0-5,23.1
12704,CHE,5-15,23.1
12704,CHE,15-30,23.0
12704,CHE,30-60,27.4
12704,CHE,60-120,43.8
12704,CHE,120+,65.1
12704,CTC,0-5,51.0
12704,CTC,5-15,51.1
12704,CTC,15-30,51.0
12704,CTC,30-60,56.7
12704,CTC,60-120,84.7
12704,CTC,120+,127.2
12704,EE,0-5,36.1
12704,EE,5-15,36.1
12704,EE,15-30,36.5
12704,EE,30-60,40.8
12704,EE,60-120,63.2
12704,EE,120+,89.4
12704,GNT,0-5,19.1
12704,GNT,5-15,19.1
12704,GNT,15-30,19.1
12704,GNT,30-60,22.6
12704,GNT,60-120,34.4
12704,GNT,120+,50.4
12704,HWH,0-5,62.6
12704,HWH,5-15,62.6
12704,HWH,15-30,62.6
12704,HWH,30-60,67.9
12704,HWH,60-120,99.6
12704,HWH,120+,147.4
12704,IPM,0-5,16.7
12704,IPM,5-15,16.8
12704,IPM,15-30,16.5
12704,IPM,30-60,19.6
12704,IPM,60-120,29.4
12704,IPM,120+,42.1
12704,JJKR,0-5,62.1
12704,JJKR,5-15,62.1
12704,JJKR,15-30,62.0
12704,JJKR,30-60,67.8
12704,JJKR,60-120,99.5
12704,JJKR,120+,147.2
12704,KGP,0-5,57.7
12704,KGP,5-15,57.7
12704,KGP,15-30,57.6
12704,KGP,30-60,63.6
12704,KGP,60-120,94.9
12704,KGP,120+,142.0
12704,KIT,0-5,35.4
12704,KIT,5-15,35.4
12704,KIT,15-30,35.8
12704,KIT,30-60,40.1
12704,KIT,60-120,61.8
12704,KIT,120+,88.8
12704,KUR,0-5,44.8
12704,KUR,5-15,44.8
12704,KUR,15-30,44.9
12704,KUR,30-60,49.9
12704,KUR,60-120,73.2
12704,KUR,120+,112.5
12704,MRGA,0-5,27.1
12704,MRGA,5-15,27.1
12704,MRGA,15-30,27.1
12704,MRGA,30-60,31.1
12704,MRGA,60-120,45.8
12704,MRGA,120+,63.1
12704,NLDA,0-5,13.5
12704,NLDA,5-15,13.5
12704,NLDA,15-30,13.2
12704,NLDA,30-60,14.9
12704,NLDA,60-120,23.8
12704,NLDA,120+,31.5
12704,PGRL,0-5,24.6
12704,PGRL,5-15,24.6
12704,PGRL,15-30,24.6
12704,PGRL,30-60,28.4
12704,PGRL,60-120,42.5
12704,PGRL,120+,59.9
12704,PSA,0-5,10.3
12704,PSA,5-15,10.3
12704,PSA,15-30,10.0
12704,PSA,30-60,11.0
12704,PSA,60-120,18.6
12704,PSA,120+,25.2
12704,RJY,0-5,25.7
12704,RJY,5-15,25.8
12704,RJY,15-30,25.8
12704,RJY,30-60,29.6
12704,RJY,60-120,43.8
12704,RJY,120+,62.2
12704,SC,0-5,2.4
12704,SC,5-15,2.4
12704,SC,15-30,2.4
12704,SC,30-60,3.5
12704,SC,60-120,9.3
12704,SC,120+,15.6
12704,SLO,0-5,23.2
12704,SLO,5-15,23.3
12704,SLO,15-30,23.2
12704,SLO,30-60,26.8
12704,SLO,60-120,40.3
12704,SLO,120+,56.7
12704,SRC,0-5,83.0
12704,SRC,5-15,83.2
12704,SRC,15-30,83.6
12704,SRC,30-60,87.0
12704,SRC,60-120,114.8
12704,SRC,120+,149.3
12704,TDD,0-5,31.0
12704,TDD,5-15,31.0
12704,TDD,15-30,31.0
12704,TDD,30-60,34.9
12704,TDD,60-120,52.4
12704,TDD,120+,73.0
12704,VSKP,0-5,9.2
12704,VSKP,5-15,9.2
12704,VSKP,15-30,8.9
12704,VSKP,30-60,9.5
12704,VSKP,60-120,16.0
12704,VSKP,120+,21.0
12704,VZM,0-5,23.7
12704,VZM,5-15,23.7
12704,VZM,15-30,23.6
12704,VZM,30-60,27.5
12704,VZM,60-120,42.3
12704,VZM,120+,62.0
12707,BPA,0-5,34.3
12707,BPA,5-15,34.3
12707,BPA,15-30,34.5
12707,BPA,30-60,38.4
12707,BPA,60-120,66.0
12707,BPA,120+,101.3
12707,BPL,0-5,19.7
12707,BPL,5-15,19.7
12707,BPL,15-30,20.1
12707,BPL,30-60,26.8
12707,BPL,60-120,51.6
12707,BPL,120+,95.3
12707,BPQ,0-5,21.8
12707,BPQ,5-15,21.8
12707,BPQ,15-30,22.4
12707,BPQ,30-60,29.2
12707,BPQ,60-120,56.0
12707,BPQ,120+,98.9
12707,DHNE,0-5,12.3
12707,DHNE,5-15,12.3
12707,DHNE,15-30,12.7
12707,DHNE,30-60,18.4
12707,DHNE,60-120,38.6
12707,DHNE,120+,75.2
12707,GWD,0-5,32.7
12707,GWD,5-15,32.7
12707,GWD,15-30,33.5
12707,GWD,30-60,40.7
12707,GWD,60-120,74.4
12707,GWD,120+,122.4
12707,GWL,0-5,36.5
12707,GWL,5-15,36.5
12707,GWL,15-30,37.4
12707,GWL,30-60,44.3
12707,GWL,60-120,78.6
12707,GWL,120+,131.3
12707,HX,0-5,26.2
12707,HX,5-15,26.2
12707,HX,15-30,26.6
12707,HX,30-60,32.8
12707,HX,60-120,61.1
12707,HX,120+,101.7
12707,KCG,0-5,20.9
12707,KCG,5-15,21.0
12707,KCG,15-30,21.5
12707,KCG,30-60,27.8
12707,KCG,60-120,54.1
12707,KCG,120+,96.4
12707,KRNT,0-5,22.2
12707,KRNT,5-15,22.2
12707,KRNT,15-30,22.8
12707,KRNT,30-60,29.0
12707,KRNT,60-120,55.5
12707,KRNT,120+,99.1
12707,KZJ,0-5,22.1
12707,KZJ,5-15,22.1
12707,KZJ,15-30,22.7
12707,KZJ,30-60,28.7
12707,KZJ,60-120,55.1
12707,KZJ,120+,98.3
12707,MBNR,0-5,35.6
12707,MBNR,5-15,35.6
12707,MBNR,15-30,36.3
12707,MBNR,30-60,42.9
12707,MBNR,60-120,75.8
12707,MBNR,120+,126.2
12707,MCI,0-5,32.7
12707,MCI,5-15,32.8
12707,MCI,15-30,33.5
12707,MCI,30-60,40.1
12707,MCI,60-120,73.8
12707,MCI,120+,122.0
12707,NGP,0-5,34.6
12707,NGP,5-15,34.6
12707,NGP,15-30,35.2
12707,NGP,30-60,41.3
12707,NGP,60-120,71.9
12707,NGP,120+,116.4
12707,NZM,0-5,10.9
12707,NZM,5-15,10.9
12707,NZM,15-30,11.3
12707,NZM,30-60,16.0
12707,NZM,60-120,34.3
12707,NZM,120+,68.8
12707,RDM,0-5,32.8
12707,RDM,5-15,32.8
12707,RDM,15-30,33.4
12707,RDM,30-60,39.5
12707,RDM,60-120,71.0
12707,RDM,120+,116.1
12707,RJP,0-5,21.5
12707,RJP,5-15,21.5
12707,RJP,15-30,21.9
12707,RJP,30-60,27.6
12707,RJP,60-120,50.6
12707,RJP,120+,88.7
12707,RU,0-5,11.9
12707,RU,5-15,11.9
12707,RU,15-30,12.1
12707,RU,30-60,16.4
12707,RU,60-120,32.5
12707,RU,120+,60.6
12707,SKZR,0-5,29.0
12707,SKZR,5-15,29.0
12707,SKZR,15-30,29.6
12707,SKZR,30-60,35.7
12707,SKZR,60-120,66.5
12707,SKZR,120+,111.5
12707,TPTY,0-5,6.9
12707,TPTY,5-15,6.9
12707,TPTY,15-30,7.1
12707,TPTY,30-60,10.1
12707,TPTY,60-120,23.1
12707,TPTY,120+,44.3
12707,TU,0-5,31.8
12707,TU,5-15,31.8
12707,TU,15-30,32.4
12707,TU,30-60,38.2
12707,TU,60-120,69.0
12707,TU,120+,112.9
12707,VGLJ,0-5,31.2
12707,VGLJ,5-15,31.2
12707,VGLJ,15-30,31.8
12707,VGLJ,30-60,37.9
12707,VGLJ,60-120,70.1
12707,VGLJ,120+,116.9
12707,YA,0-5,29.7
12707,YA,5-15,29.7
12707,YA,15-30,30.1
12707,YA,30-60,35.7
12707,YA,60-120,64.0
12707,YA,120+,103.1
12708,AGC,0-5,18.9
12708,AGC,5-15,19.0
12708,AGC,15-30,19.2
12708,AGC,30-60,25.2
12708,AGC,60-120,45.0
12708,AGC,120+,77.5
12708,BPA,0-5,37.7
12708,BPA,5-15,37.7
12708,BPA,15-30,38.1
12708,BPA,30-60,44.1
12708,BPA,60-120,77.6
12708,BPA,120+,121.8
12708,BPL,0-5,14.5
12708,BPL,5-15,14.5
12708,BPL,15-30,14.7
12708,BPL,30-60,22.8
12708,BPL,60-120,46.1
12708,BPL,120+,86.3
12708,BPQ,0-5,13.6
12708,BPQ,5-15,13.6
12708,BPQ,15-30,13.9
12708,BPQ,30-60,21.8
12708,BPQ,60-120,44.8
12708,BPQ,120+,84.1
12708,DHNE,0-5,8.8
12708,DHNE,5-15,8.9
12708,DHNE,15-30,9.1
12708,DHNE,30-60,15.7
12708,DHNE,60-120,38.1
12708,DHNE,120+,72.0
12708,GWD,0-5,16.5
12708,GWD,5-15,16.6
12708,GWD,15-30,17.0
12708,GWD,30-60,25.6
12708,GWD,60-120,51.9
12708,GWD,120+,94.7
12708,GWL,0-5,9.2
12708,GWL,5-15,9.2
12708,GWL,15-30,9.5
12708,GWL,30-60,16.2
12708,GWL,60-120,36.8
12708,GWL,120+,68.1
12708,HX,0-5,6.8
12708,HX,5-15,6.8
12708,HX,15-30,6.8
12708,HX,30-60,11.9
12708,HX,60-120,28.0
12708,HX,120+,55.4
12708,KCG,0-5,20.9
12708,KCG,5-15,20.9
12708,KCG,15-30,21.3
12708,KCG,30-60,29.8
12708,KCG,60-120,59.7
12708,KCG,120+,104.8
12708,KRNT,0-5,11.1
12708,KRNT,5-15,11.1
12708,KRNT,15-30,11.4
12708,KRNT,30-60,17.6
12708,KRNT,60-120,40.7
12708,KRNT,120+,74.5
12708,KZJ,0-5,16.5
12708,KZJ,5-15,16.5
12708,KZJ,15-30,16.8
12708,KZJ,30-60,24.5
12708,KZJ,60-120,49.7
12708,KZJ,120+,92.0
12708,MBNR,0-5,19.8
12708,MBNR,5-15,19.8
12708,MBNR,15-30,20.3
12708,MBNR,30-60,28.5
12708,MBNR,60-120,55.8
12708,MBNR,120+,99.5
12708,MCI,0-5,33.9
12708,MCI,5-15,33.9
12708,MCI,15-30,34.6
12708,MCI,30-60,44.5
12708,MCI,60-120,81.6
12708,MCI,120+,133.1
12708,MTJ,0-5,13.2
12708,MTJ,5-15,13.2
12708,MTJ,15-30,13.0
12708,MTJ,30-60,19.7
12708,MTJ,60-120,39.1
12708,MTJ,120+,74.0
12708,NGP,0-5,22.6
12708,NGP,5-15,22.7
12708,NGP,15-30,23.0
12708,NGP,30-60,31.1
12708,NGP,60-120,56.9
12708,NGP,120+,95.3
12708,NZM,0-5,3.6
12708,NZM,5-15,3.6
12708,NZM,15-30,3.7
12708,NZM,30-60,7.9
12708,NZM,60-120,22.3
12708,NZM,120+,46.1
12708,RDM,0-5,40.4
12708,RDM,5-15,40.5
12708,RDM,15-30,40.9
12708,RDM,30-60,51.3
12708,RDM,60-120,87.5
12708,RDM,120+,140.0
12708,RJP,0-5,5.9
12708,RJP,5-15,5.9
12708,RJP,15-30,5.8
12708,RJP,30-60,10.1
12708,RJP,60-120,24.2
12708,RJP,120+,48.6
12708,RU,0-5,23.7
12708,RU,5-15,23.7
12708,RU,15-30,24.1
12708,RU,30-60,32.2
12708,RU,60-120,58.0
12708,RU,120+,96.6
12708,SKZR,0-5,16.2
12708,SKZR,5-15,16.2
12708,SKZR,15-30,16.6
12708,SKZR,30-60,24.3
12708,SKZR,60-120,47.3
12708,SKZR,120+,87.6
12708,TPTY,0-5,3.8
12708,TPTY,5-15,3.8
12708,TPTY,15-30,3.4
12708,TPTY,30-60,7.3
12708,TPTY,60-120,16.6
12708,TPTY,120+,34.0
12708,TU,0-5,8.1
12708,TU,5-15,8.1
12708,TU,15-30,8.1
12708,TU,30-60,13.8
12708,TU,60-120,28.8
12708,TU,120+,55.3
12708,VGLJ,0-5,10.4
12708,VGLJ,5-15,10.4
12708,VGLJ,15-30,10.7
12708,VGLJ,30-60,16.9
12708,VGLJ,60-120,38.7
12708,VGLJ,120+,70.5
12708,YA,0-5,8.1
12708,YA,5-15,8.1
12708,YA,15-30,8.1
12708,YA,30-60,13.4
12708,YA,60-120,28.1
12708,YA,120+,54.6
12711,BPP,0-5,16.8
12711,BPP,5-15,16.8
12711,BPP,15-30,16.9
12711,BPP,30-60,22.5
12711,BPP,60-120,46.1
12711,BPP,120+,78.9
12711,BTTR,0-5,15.2
12711,BTTR,5-15,15.2
12711,BTTR,15-30,15.2
12711,BTTR,30-60,24.4
12711,BTTR,60-120,49.6
12711,BTTR,120+,91.9
12711,BZA,0-5,3.2
12711,BZA,5-15,3.2
12711,BZA,15-30,3.1
12711,BZA,30-60,8.6
12711,BZA,60-120,21.4
12711,BZA,120+,47.1
12711,CLX,0-5,15.8
12711,CLX,5-15,15.8
12711,CLX,15-30,16.0
12711,CLX,30-60,25.1
12711,CLX,60-120,48.9
12711,CLX,120+,93.4
12711,GDR,0-5,13.0
12711,GDR,5-15,13.0
12711,GDR,15-30,13.2
12711,GDR,30-60,21.3
12711,GDR,60-120,42.8
12711,GDR,120+,81.1
12711,KVZ,0-5,15.5
12711,KVZ,5-15,15.5
12711,KVZ,15-30,15.6
12711,KVZ,30-60,24.7
12711,KVZ,60-120,49.6
12711,KVZ,120+,94.4
12711,MAS,0-5,4.2
12711,MAS,5-15,4.2
12711,MAS,15-30,4.2
12711,MAS,30-60,9.4
12711,MAS,60-120,27.7
12711,MAS,120+,54.1
12711,NDO,0-5,10.8
12711,NDO,5-15,10.8
12711,NDO,15-30,10.9
12711,NDO,30-60,17.9
12711,NDO,60-120,41.3
12711,NDO,120+,75.8
12711,NLR,0-5,16.2
12711,NLR,5-15,16.2
12711,NLR,15-30,16.1
12711,NLR,30-60,24.2
12711,NLR,60-120,45.0
12711,NLR,120+,85.8
12711,NYP,0-5,11.7
12711,NYP,5-15,11.7
12711,NYP,15-30,11.8
12711,NYP,30-60,18.8
12711,NYP,60-120,42.0
12711,NYP,120+,78.0
12711,OGL,0-5,8.6
12711,OGL,5-15,8.7
12711,OGL,15-30,8.8
12711,OGL,30-60,15.0
12711,OGL,60-120,36.8
12711,OGL,120+,67.7
12711,SKM,0-5,16.0
12711,SKM,5-15,16.1
12711,SKM,15-30,16.4
12711,SKM,30-60,24.6
12711,SKM,60-120,49.1
12711,SKM,120+,91.3
12711,SPE,0-5,12.4
12711,SPE,5-15,12.4
12711,SPE,15-30,12.5
12711,SPE,30-60,19.6
12711,SPE,60-120,42.6
12711,SPE,120+,79.5
12711,TEL,0-5,11.1
12711,TEL,5-15,11.1
12711,TEL,15-30,11.3
12711,TEL,30-60,18.0
12711,TEL,60-120,39.3
12711,TEL,120+,73.3
12712,BPP,0-5,23.5
12712,BPP,5-15,23.5
12712,BPP,15-30,24.2
12712,BPP,30-60,29.7
12712,BPP,60-120,54.8
12712,BPP,120+,92.8
12712,BTTR,0-5,22.3
12712,BTTR,5-15,22.4
12712,BTTR,15-30,23.1
12712,BTTR,30-60,31.7
12712,BTTR,60-120,60.7
12712,BTTR,120+,107.1
12712,BZA,0-5,2.7
12712,BZA,5-15,2.7
12712,BZA,15-30,3.1
12712,BZA,30-60,7.4
12712,BZA,60-120,19.3
12712,BZA,120+,41.0
12712,CLX,0-5,16.2
12712,CLX,5-15,16.2
12712,CLX,15-30,16.9
12712,CLX,30-60,24.8
12712,CLX,60-120,48.7
12712,CLX,120+,91.0
12712,GDR,0-5,10.5
12712,GDR,5-15,10.5
12712,GDR,15-30,11.1
12712,GDR,30-60,17.7
12712,GDR,60-120,38.1
12712,GDR,120+,70.4
12712,KVZ,0-5,22.2
12712,KVZ,5-15,22.2
12712,KVZ,15-30,23.1
12712,KVZ,30-60,31.6
12712,KVZ,60-120,60.7
12712,KVZ,120+,105.0
12712,MAS,0-5,3.4
12712,MAS,5-15,3.5
12712,MAS,15-30,3.6
12712,MAS,30-60,7.8
12712,MAS,60-120,23.4
12712,MAS,120+,47.1
12712,NDO,0-5,19.8
12712,NDO,5-15,19.8
12712,NDO,15-30,20.5
12712,NDO,30-60,28.4
12712,NDO,60-120,55.8
12712,NDO,120+,99.5
12712,NLR,0-5,19.9
12712,NLR,5-15,19.9
12712,NLR,15-30,20.6
12712,NLR,30-60,28.1
12712,NLR,60-120,53.1
12712,NLR,120+,94.7
12712,NYP,0-5,10.5
12712,NYP,5-15,10.6
12712,NYP,15-30,11.1
12712,NYP,30-60,16.9
12712,NYP,60-120,38.1
12712,NYP,120+,70.7
12712,OGL,0-5,15.6
12712,OGL,5-15,15.6
12712,OGL,15-30,16.3
12712,OGL,30-60,23.4
12712,OGL,60-120,45.6
12712,OGL,120+,86.0
12712,SKM,0-5,19.2
12712,SKM,5-15,19.2
12712,SKM,15-30,20.0
12712,SKM,30-60,27.6
12712,SKM,60-120,54.0
12712,SKM,120+,96.2
12712,SPE,0-5,12.5
12712,SPE,5-15,12.5
12712,SPE,15-30,13.0
12712,SPE,30-60,19.2
12712,SPE,60-120,40.6
12712,SPE,120+,75.6
12712,TEL,0-5,20.6
12712,TEL,5-15,20.6
12712,TEL,15-30,21.4
12712,TEL,30-60,28.9
12712,TEL,60-120,56.9
12712,TEL,120+,99.5
12713,BZA,0-5,15.8
12713,BZA,5-15,15.8
12713,BZA,15-30,13.9
12713,BZA,30-60,19.6
12713,BZA,60-120,32.9
12713,BZA,120+,56.2
12713,CHZ,0-5,8.9
12713,CHZ,5-15,9.0
12713,CHZ,15-30,9.9
12713,CHZ,30-60,17.5
12713,CHZ,60-120,41.0
12713,CHZ,120+,74.6
12713,DKJ,0-5,14.4
12713,DKJ,5-15,14.4
12713,DKJ,15-30,15.5
12713,DKJ,30-60,24.4
12713,DKJ,60-120,50.0
12713,DKJ,120+,93.1
12713,KDM,0-5,18.2
12713,KDM,5-15,18.2
12713,KDM,15-30,19.1
12713,KDM,30-60,29.0
12713,KDM,60-120,58.0
12713,KDM,120+,105.8
12713,KMT,0-5,21.9
12713,KMT,5-15,21.9
12713,KMT,15-30,20.4
12713,KMT,30-60,28.3
12713,KMT,60-120,51.5
12713,KMT,120+,88.4
12713,KZJ,0-5,18.2
12713,KZJ,5-15,18.3
12713,KZJ,15-30,19.1
12713,KZJ,30-60,28.9
12713,KZJ,60-120,57.4
12713,KZJ,120+,104.5
12713,MABD,0-5,17.4
12713,MABD,5-15,17.4
12713,MABD,15-30,18.3
12713,MABD,30-60,27.5
12713,MABD,60-120,54.5
12713,MABD,120+,98.9
12713,MDR,0-5,4.5
12713,MDR,5-15,4.5
12713,MDR,15-30,5.5
12713,MDR,30-60,10.7
12713,MDR,60-120,29.7
12713,MDR,120+,55.0
12713,SC,0-5,14.7
12713,SC,5-15,14.7
12713,SC,15-30,12.7
12713,SC,30-60,17.1
12713,SC,60-120,28.6
12713,SC,120+,51.9
12713,WL,0-5,26.5
12713,WL,5-15,26.5
12713,WL,15-30,24.6
12713,WL,30-60,33.3
12713,WL,60-120,53.5
12713,WL,120+,93.8
12713,ZN,0-5,14.0
12713,ZN,5-15,14.0
12713,ZN,15-30,15.0
12713,ZN,30-60,23.7
12713,ZN,60-120,47.8
12713,ZN,120+,87.8
12714,BZA,0-5,13.0
12714,BZA,5-15,13.1
12714,BZA,15-30,13.7
12714,BZA,30-60,18.9
12714,BZA,60-120,36.8
12714,BZA,120+,61.4
12714,CHZ,0-5,4.4
12714,CHZ,5-15,4.4
12714,CHZ,15-30,4.9
12714,CHZ,30-60,8.9
12714,CHZ,60-120,25.5
12714,CHZ,120+,48.7
12714,DKJ,0-5,34.0
12714,DKJ,5-15,34.1
12714,DKJ,15-30,35.2
12714,DKJ,30-60,43.9
12714,DKJ,60-120,80.3
12714,DKJ,120+,132.8
12714,KDM,0-5,31.5
12714,KDM,5-15,31.5
12714,KDM,15-30,32.6
12714,KDM,30-60,41.1
12714,KDM,60-120,77.0
12714,KDM,120+,126.1
12714,KMT,0-5,33.4
12714,KMT,5-15,33.4
12714,KMT,15-30,34.5
12714,KMT,30-60,43.1
12714,KMT,60-120,79.7
12714,KMT,120+,130.7
12714,KZJ,0-5,20.7
12714,KZJ,5-15,20.7
12714,KZJ,15-30,21.6
12714,KZJ,30-60,29.5
12714,KZJ,60-120,57.5
12714,KZJ,120+,100.2
12714,MABD,0-5,31.1
12714,MABD,5-15,31.1
12714,MABD,15-30,32.2
12714,MABD,30-60,40.2
12714,MABD,60-120,75.7
12714,MABD,120+,123.4
12714,MDR,0-5,34.0
12714,MDR,5-15,34.0
12714,MDR,15-30,35.1
12714,MDR,30-60,42.9
12714,MDR,60-120,79.2
12714,MDR,120+,130.2
12714,SC,0-5,2.2
12714,SC,5-15,2.2
12714,SC,15-30,2.6
12714,SC,30-60,5.6
12714,SC,60-120,17.5
12714,SC,120+,38.1
12714,WL,0-5,24.4
12714,WL,5-15,24.4
12714,WL,15-30,25.0
12714,WL,30-60,32.2
12714,WL,60-120,62.4
12714,WL,120+,103.9
12714,ZN,0-5,14.1
12714,ZN,5-15,14.2
12714,ZN,15-30,14.7
12714,ZN,30-60,21.4
12714,ZN,60-120,42.8
12714,ZN,120+,81.1
12723,AGC,0-5,27.2
12723,AGC,5-15,27.2
12723,AGC,15-30,27.4
12723,AGC,30-60,30.8
12723,AGC,60-120,53.3
12723,AGC,120+,86.8
12723,BPA,0-5,28.9
12723,BPA,5-15,28.9
12723,BPA,15-30,29.1
12723,BPA,30-60,35.8
12723,BPA,60-120,65.4
12723,BPA,120+,107.1
12723,BPL,0-5,22.0
12723,BPL,5-15,22.0
12723,BPL,15-30,22.6
12723,BPL,30-60,29.6
12723,BPL,60-120,56.0
12723,BPL,120+,97.1
12723,BPQ,0-5,13.6
12723,BPQ,5-15,13.6
12723,BPQ,15-30,14.0
12723,BPQ,30-60,20.2
12723,BPQ,60-120,39.4
12723,BPQ,120+,77.2
12723,BVH,0-5,11.9
12723,BVH,5-15,12.0
12723,BVH,15-30,12.3
12723,BVH,30-60,17.9
12723,BVH,60-120,39.0
12723,BVH,120+,72.6
12723,CD,0-5,15.5
12723,CD,5-15,15.5
12723,CD,15-30,15.8
12723,CD,30-60,21.8
12723,CD,60-120,42.9
12723,CD,120+,81.1
12723,GWL,0-5,24.5
12723,GWL,5-15,24.6
12723,GWL,15-30,25.1
12723,GWL,30-60,31.7
12723,GWL,60-120,61.7
12723,GWL,120+,104.0
12723,HYB,0-5,3.1
12723,HYB,5-15,3.1
12723,HYB,15-30,3.2
12723,HYB,30-60,6.2
12723,HYB,60-120,22.1
12723,HYB,120+,43.1
12723,KZJ,0-5,33.8
12723,KZJ,5-15,33.8
12723,KZJ,15-30,34.6
12723,KZJ,30-60,42.1
12723,KZJ,60-120,78.5
12723,KZJ,120+,130.4
12723,MCI,0-5,27.5
12723,MCI,5-15,27.5
12723,MCI,15-30,28.0
12723,MCI,30-60,34.3
12723,MCI,60-120,65.7
12723,MCI,120+,110.2
12723,MTJ,0-5,31.2
12723,MTJ,5-15,31.2
12723,MTJ,15-30,31.7
12723,MTJ,30-60,38.0
12723,MTJ,60-120,71.7
12723,MTJ,120+,117.6
12723,NDLS,0-5,15.1
12723,NDLS,5-15,15.2
12723,NDLS,15-30,15.5
12723,NDLS,30-60,21.1
12723,NDLS,60-120,41.5
12723,NDLS,120+,78.8
12723,NGP,0-5,32.6
12723,NGP,5-15,32.7
12723,NGP,15-30,33.2
12723,NGP,30-60,39.2
12723,NGP,60-120,69.1
12723,NGP,120+,112.5
12723,NZM,0-5,18.3
12723,NZM,5-15,18.3
12723,NZM,15-30,18.8
12723,NZM,30-60,24.7
12723,NZM,60-120,47.2
12723,NZM,120+,86.5
12723,RDM,0-5,26.1
12723,RDM,5-15,26.1
12723,RDM,15-30,26.5
12723,RDM,30-60,32.3
12723,RDM,60-120,58.9
12723,RDM,120+,100.9
12723,SC,0-5,13.7
12723,SC,5-15,13.7
12723,SC,15-30,13.9
12723,SC,30-60,19.3
12723,SC,60-120,37.5
12723,SC,120+,74.1
12723,SKZR,0-5,28.0
12723,SKZR,5-15,28.0
12723,SKZR,15-30,28.5
12723,SKZR,30-60,34.5
12723,SKZR,60-120,65.7
12723,SKZR,120+,110.0
12723,VGLJ,0-5,31.1
12723,VGLJ,5-15,31.1
12723,VGLJ,15-30,31.7
12723,VGLJ,30-60,38.3
12723,VGLJ,60-120,71.4
12723,VGLJ,120+,118.2
12724,AGC,0-5,41.7
12724,AGC,5-15,41.7
12724,AGC,15-30,41.7
12724,AGC,30-60,44.4
12724,AGC,60-120,72.5
12724,AGC,120+,109.7
12724,BPA,0-5,42.8
12724,BPA,5-15,42.8
12724,BPA,15-30,42.7
12724,BPA,30-60,51.0
12724,BPA,60-120,86.4
12724,BPA,120+,141.7
12724,BPL,0-5,24.1
12724,BPL,5-15,24.2
12724,BPL,15-30,24.2
12724,BPL,30-60,31.2
12724,BPL,60-120,62.7
12724,BPL,120+,113.4
12724,BPQ,0-5,24.4
12724,BPQ,5-15,24.4
12724,BPQ,15-30,24.4
12724,BPQ,30-60,31.5
12724,BPQ,60-120,63.0
12724,BPQ,120+,112.9
12724,CD,0-5,50.3
12724,CD,5-15,50.3
12724,CD,15-30,50.1
12724,CD,30-60,58.5
12724,CD,60-120,97.9
12724,CD,120+,155.0
12724,GWL,0-5,19.4
12724,GWL,5-15,19.5
12724,GWL,15-30,19.1
12724,GWL,30-60,25.4
12724,GWL,60-120,53.6
12724,GWL,120+,98.5
12724,HYB,0-5,28.9
12724,HYB,5-15,28.9
12724,HYB,15-30,28.8
12724,HYB,30-60,35.8
12724,HYB,60-120,67.9
12724,HYB,120+,120.4
12724,KZJ,0-5,52.4
12724,KZJ,5-15,52.4
12724,KZJ,15-30,52.2
12724,KZJ,30-60,60.4
12724,KZJ,60-120,98.2
12724,KZJ,120+,155.5
12724,MCI,0-5,46.4
12724,MCI,5-15,46.5
12724,MCI,15-30,46.3
12724,MCI,30-60,54.1
12724,MCI,60-120,89.9
12724,MCI,120+,145.5
12724,MTJ,0-5,15.8
12724,MTJ,5-15,15.8
12724,MTJ,15-30,15.3
12724,MTJ,30-60,21.2
12724,MTJ,60-120,45.4
12724,MTJ,120+,85.4
12724,NDLS,0-5,0.0
12724,NDLS,5-15,0.0
12724,NDLS,15-30,0.0
12724,NDLS,30-60,1.2
12724,NDLS,60-120,13.2
12724,NDLS,120+,34.4
12724,NGP,0-5,34.2
12724,NGP,5-15,34.2
12724,NGP,15-30,34.1
12724,NGP,30-60,40.3
12724,NGP,60-120,71.1
12724,NGP,120+,123.3
12724,RDM,0-5,49.3
12724,RDM,5-15,49.3
12724,RDM,15-30,49.2
12724,RDM,30-60,57.0
12724,RDM,60-120,93.7
12724,RDM,120+,149.7
12724,SC,0-5,52.0
12724,SC,5-15,52.0
12724,SC,15-30,51.8
12724,SC,30-60,60.5
12724,SC,60-120,98.2
12724,SC,120+,154.5
12724,SKZR,0-5,28.6
12724,SKZR,5-15,28.6
12724,SKZR,15-30,28.6
12724,SKZR,30-60,35.2
12724,SKZR,60-120,66.2
12724,SKZR,120+,118.5
12724,VGLJ,0-5,10.5
12724,VGLJ,5-15,10.5
12724,VGLJ,15-30,10.0
12724,VGLJ,30-60,15.4
12724,VGLJ,60-120,34.9
12724,VGLJ,120+,71.6
12759,BZA,0-5,27.1
12759,BZA,5-15,27.1
12759,BZA,15-30,27.9
12759,BZA,30-60,32.6
12759,BZA,60-120,57.8
12759,BZA,120+,93.6
12759,CLX,0-5,22.3
12759,CLX,5-15,22.4
12759,CLX,15-30,23.2
12759,CLX,30-60,31.4
12759,CLX,60-120,59.1
12759,CLX,120+,103.5
12759,DKJ,0-5,25.2
12759,DKJ,5-15,25.2
12759,DKJ,15-30,26.2
12759,DKJ,30-60,34.7
12759,DKJ,60-120,64.9
12759,DKJ,120+,108.5
12759,GDR,0-5,13.8
12759,GDR,5-15,13.9
12759,GDR,15-30,14.5
12759,GDR,30-60,21.9
12759,GDR,60-120,44.3
12759,GDR,120+,83.5
12759,HYB,0-5,3.1
12759,HYB,5-15,3.2
12759,HYB,15-30,3.5
12759,HYB,30-60,7.6
12759,HYB,60-120,22.7
12759,HYB,120+,45.5
12759,KMT,0-5,24.1
12759,KMT,5-15,24.1
12759,KMT,15-30,25.1
12759,KMT,30-60,33.3
12759,KMT,60-120,63.1
12759,KMT,120+,106.9
12759,KVZ,0-5,22.1
12759,KVZ,5-15,22.1
12759,KVZ,15-30,23.1
12759,KVZ,30-60,30.9
12759,KVZ,60-120,58.2
12759,KVZ,120+,101.5
12759,KZJ,0-5,22.1
12759,KZJ,5-15,22.1
12759,KZJ,15-30,23.0
12759,KZJ,30-60,30.6
12759,KZJ,60-120,56.7
12759,KZJ,120+,98.1
12759,MABD,0-5,31.4
12759,MABD,5-15,31.5
12759,MABD,15-30,32.8
12759,MABD,30-60,40.6
12759,MABD,60-120,74.8
12759,MABD,120+,123.5
12759,MS,0-5,2.4
12759,MS,5-15,2.4
12759,MS,15-30,2.8
12759,MS,30-60,6.4
12759,MS,60-120,19.7
12759,MS,120+,39.7
12759,MSB,0-5,4.7
12759,MSB,5-15,4.7
12759,MSB,15-30,5.4
12759,MSB,30-60,9.2
12759,MSB,60-120,26.3
12759,MSB,120+,48.7
12759,NLR,0-5,19.2
12759,NLR,5-15,19.2
12759,NLR,15-30,20.1
12759,NLR,30-60,27.5
12759,NLR,60-120,51.9
12759,NLR,120+,91.7
12759,NYP,0-5,10.3
12759,NYP,5-15,10.4
12759,NYP,15-30,11.0
12759,NYP,30-60,16.7
12759,NYP,60-120,37.3
12759,NYP,120+,67.3
12759,OGL,0-5,23.2
12759,OGL,5-15,23.2
12759,OGL,15-30,24.2
12759,OGL,30-60,32.0
12759,OGL,60-120,59.9
12759,OGL,120+,102.0
12759,SC,0-5,31.3
12759,SC,5-15,31.3
12759,SC,15-30,32.2
12759,SC,30-60,39.8
12759,SC,60-120,72.8
12759,SC,120+,118.7
12759,SPE,0-5,10.5
12759,SPE,5-15,10.5
12759,SPE,15-30,11.2
12759,SPE,30-60,16.9
12759,SPE,60-120,37.3
12759,SPE,120+,67.3
12759,TBM,0-5,2.5
12759,TBM,5-15,2.5
12759,TBM,15-30,2.8
12759,TBM,30-60,6.4
12759,TBM,60-120,19.7
12759,TBM,120+,39.2
12759,TEL,0-5,25.5
12759,TEL,5-15,25.5
12759,TEL,15-30,26.5
12759,TEL,30-60,34.3
12759,TEL,60-120,63.8
12759,TEL,120+,107.0
12759,WL,0-5,20.4
12759,WL,5-15,20.5
12759,WL,15-30,21.3
12759,WL,30-60,28.5
12759,WL,60-120,51.5
12759,WL,120+,90.6
12760,BZA,0-5,22.0
12760,BZA,5-15,22.0
12760,BZA,15-30,22.4
12760,BZA,30-60,27.7
12760,BZA,60-120,48.3
12760,BZA,120+,83.1
12760,CLX,0-5,25.9
12760,CLX,5-15,25.9
12760,CLX,15-30,26.6
12760,CLX,30-60,35.0
12760,CLX,60-120,67.1
12760,CLX,120+,111.8
12760,DKJ,0-5,21.1
12760,DKJ,5-15,21.1
12760,DKJ,15-30,22.0
12760,DKJ,30-60,30.1
12760,DKJ,60-120,58.7
12760,DKJ,120+,103.8
12760,GDR,0-5,15.1
12760,GDR,5-15,15.1
12760,GDR,15-30,15.6
12760,GDR,30-60,23.1
12760,GDR,60-120,45.0
12760,GDR,120+,87.2
12760,HYB,0-5,5.9
12760,HYB,5-15,5.9
12760,HYB,15-30,6.4
12760,HYB,30-60,10.8
12760,HYB,60-120,29.7
12760,HYB,120+,57.3
12760,KMT,0-5,23.6
12760,KMT,5-15,23.6
12760,KMT,15-30,24.5
12760,KMT,30-60,32.7
12760,KMT,60-120,63.2
12760,KMT,120+,107.6
12760,KVZ,0-5,20.5
12760,KVZ,5-15,20.5
12760,KVZ,15-30,21.3
12760,KVZ,30-60,28.9
12760,KVZ,60-120,56.7
12760,KVZ,120+,100.4
12760,KZJ,0-5,16.7
12760,KZJ,5-15,16.8
12760,KZJ,15-30,17.2
12760,KZJ,30-60,24.0
12760,KZJ,60-120,44.9
12760,KZJ,120+,85.1
12760,MABD,0-5,21.0
12760,MABD,5-15,21.0
12760,MABD,15-30,21.9
12760,MABD,30-60,29.1
12760,MABD,60-120,56.2
12760,MABD,120+,99.8
12760,MS,0-5,3.0
12760,MS,5-15,3.0
12760,MS,15-30,3.1
12760,MS,30-60,6.4
12760,MS,60-120,19.9
12760,MS,120+,41.6
12760,MSB,0-5,3.4
12760,MSB,5-15,3.5
12760,MSB,15-30,4.2
12760,MSB,30-60,7.6
12760,MSB,60-120,20.7
12760,MSB,120+,42.7
12760,NLR,0-5,20.3
12760,NLR,5-15,20.4
12760,NLR,15-30,21.1
12760,NLR,30-60,28.4
12760,NLR,60-120,53.5
12760,NLR,120+,95.1
12760,NYP,0-5,14.9
12760,NYP,5-15,15.0
12760,NYP,15-30,15.4
12760,NYP,30-60,21.9
12760,NYP,60-120,44.1
12760,NYP,120+,83.5
12760,OGL,0-5,21.8
12760,OGL,5-15,21.9
12760,OGL,15-30,22.7
12760,OGL,30-60,30.1
12760,OGL,60-120,58.3
12760,OGL,120+,100.8
12760,SC,0-5,15.9
12760,SC,5-15,15.9
12760,SC,15-30,16.0
12760,SC,30-60,22.5
12760,SC,60-120,41.9
12760,SC,120+,80.4
12760,SPE,0-5,16.8
12760,SPE,5-15,16.8
12760,SPE,15-30,17.6
12760,SPE,30-60,24.3
12760,SPE,60-120,47.7
12760,SPE,120+,88.7
12760,TBM,0-5,6.2
12760,TBM,5-15,6.2
12760,TBM,15-30,6.7
12760,TBM,30-60,10.6
12760,TBM,60-120,28.8
12760,TBM,120+,55.0
12760,TEL,0-5,26.1
12760,TEL,5-15,26.1
12760,TEL,15-30,27.0
12760,TEL,30-60,34.6
12760,TEL,60-120,64.7
12760,TEL,120+,108.6
12760,WL,0-5,17.1
12760,WL,5-15,17.1
12760,WL,15-30,17.6
12760,WL,30-60,24.1
12760,WL,60-120,45.1
12760,WL,120+,84.2
12785,AP,0-5,11.6
12785,AP,5-15,11.7
12785,AP,15-30,12.0
12785,AP,30-60,16.4
12785,AP,60-120,31.5
12785,AP,120+,57.3
12785,ATP,0-5,20.8
12785,ATP,5-15,21.1
12785,ATP,15-30,21.5
12785,ATP,30-60,28.3
12785,ATP,60-120,38.7
12785,ATP,120+,55.3
12785,BNC,0-5,50.2
12785,BNC,5-15,50.5
12785,BNC,15-30,50.9
12785,BNC,30-60,57.7
12785,BNC,60-120,79.5
12785,BNC,120+,117.2
12785,BNCE,0-5,23.4
12785,BNCE,5-15,23.7
12785,BNCE,15-30,24.5
12785,BNCE,30-60,31.2
12785,BNCE,60-120,44.6
12785,BNCE,120+,65.2
12785,DBU,0-5,38.0
12785,DBU,5-15,38.3
12785,DBU,15-30,38.9
12785,DBU,30-60,44.6
12785,DBU,60-120,62.3
12785,DBU,120+,85.9
12785,DHNE,0-5,17.6
12785,DHNE,5-15,17.9
12785,DHNE,15-30,18.6
12785,DHNE,30-60,25.3
12785,DHNE,60-120,35.8
12785,DHNE,120+,55.2
12785,DMM,0-5,20.6
12785,DMM,5-15,21.0
12785,DMM,15-30,21.8
12785,DMM,30-60,28.1
12785,DMM,60-120,39.8
12785,DMM,120+,60.0
12785,GBD,0-5,37.7
12785,GBD,5-15,38.0
12785,GBD,15-30,38.6
12785,GBD,30-60,45.5
12785,GBD,60-120,60.1
12785,GBD,120+,79.8
12785,GWD,0-5,33.0
12785,GWD,5-15,33.3
12785,GWD,15-30,34.1
12785,GWD,30-60,40.7
12785,GWD,60-120,55.2
12785,GWD,120+,74.5
12785,GY,0-5,22.4
12785,GY,5-15,22.7
12785,GY,15-30,23.5
12785,GY,30-60,30.7
12785,GY,60-120,43.2
12785,GY,120+,59.8
12785,HUP,0-5,36.3
12785,HUP,5-15,36.6
12785,HUP,15-30,37.2
12785,HUP,30-60,43.5
12785,HUP,60-120,58.7
12785,HUP,120+,77.2
12785,JCL,0-5,16.3
12785,JCL,5-15,16.6
12785,JCL,15-30,17.3
12785,JCL,30-60,24.5
12785,JCL,60-120,32.5
12785,JCL,120+,48.3
12785,KCG,0-5,3.4
12785,KCG,5-15,3.4
12785,KCG,15-30,3.9
12785,KCG,30-60,6.8
12785,KCG,60-120,19.4
12785,KCG,120+,39.3
12785,KGI,0-5,45.3
12785,KGI,5-15,45.6
12785,KGI,15-30,45.7
12785,KGI,30-60,52.6
12785,KGI,60-120,69.6
12785,KGI,120+,101.0
12785,KRNT,0-5,35.7
12785,KRNT,5-15,36.0
12785,KRNT,15-30,36.7
12785,KRNT,30-60,43.1
12785,KRNT,60-120,58.5
12785,KRNT,120+,78.5
12785,MBNR,0-5,23.8
12785,MBNR,5-15,24.2
12785,MBNR,15-30,25.0
12785,MBNR,30-60,31.4
12785,MBNR,60-120,43.7
12785,MBNR,120+,61.3
12785,MYA,0-5,49.1
12785,MYA,5-15,49.4
12785,MYA,15-30,49.1
12785,MYA,30-60,56.1
12785,MYA,60-120,74.4
12785,MYA,120+,105.9
12785,MYS,0-5,10.7
12785,MYS,5-15,11.0
12785,MYS,15-30,11.7
12785,MYS,30-60,17.8
12785,MYS,60-120,23.2
12785,MYS,120+,34.1
12785,PKD,0-5,31.6
12785,PKD,5-15,31.9
12785,PKD,15-30,32.6
12785,PKD,30-60,38.9
12785,PKD,60-120,51.8
12785,PKD,120+,70.1
12785,RMGM,0-5,47.7
12785,RMGM,5-15,48.0
12785,RMGM,15-30,48.1
12785,RMGM,30-60,55.0
12785,RMGM,60-120,72.0
12785,RMGM,120+,103.5
12785,SBC,0-5,42.2
12785,SBC,5-15,42.5
12785,SBC,15-30,42.8
12785,SBC,30-60,49.6
12785,SBC,60-120,66.4
12785,SBC,120+,96.1
12785,YNK,0-5,37.0
12785,YNK,5-15,37.3
12785,YNK,15-30,37.9
12785,YNK,30-60,44.6
12785,YNK,60-120,59.1
12785,YNK,120+,78.7
12786,AP,0-5,3.8
12786,AP,5-15,3.8
12786,AP,15-30,4.0
12786,AP,30-60,7.8
12786,AP,60-120,20.8
12786,AP,120+,39.4
12786,ATP,0-5,14.7
12786,ATP,5-15,14.8
12786,ATP,15-30,14.8
12786,ATP,30-60,21.6
12786,ATP,60-120,31.6
12786,ATP,120+,42.8
12786,BNC,0-5,15.5
12786,BNC,5-15,15.6
12786,BNC,15-30,15.8
12786,BNC,30-60,23.1
12786,BNC,60-120,32.9
12786,BNC,120+,45.3
12786,DBU,0-5,26.7
12786,DBU,5-15,26.8
12786,DBU,15-30,27.3
12786,DBU,30-60,35.8
12786,DBU,60-120,50.3
12786,DBU,120+,71.4
12786,DHNE,0-5,14.7
12786,DHNE,5-15,14.7
12786,DHNE,15-30,15.0
12786,DHNE,30-60,22.3
12786,DHNE,60-120,32.4
12786,DHNE,120+,45.4
12786,DMM,0-5,12.1
12786,DMM,5-15,12.1
12786,DMM,15-30,12.4
12786,DMM,30-60,18.4
12786,DMM,60-120,27.6
12786,DMM,120+,38.8
12786,GBD,0-5,30.5
12786,GBD,5-15,30.6
12786,GBD,15-30,31.1
12786,GBD,30-60,38.4
12786,GBD,60-120,53.1
12786,GBD,120+,71.0
12786,GWD,0-5,33.7
12786,GWD,5-15,33.7
12786,GWD,15-30,34.3
12786,GWD,30-60,41.9
12786,GWD,60-120,59.2
12786,GWD,120+,79.6
12786,GY,0-5,18.3
12786,GY,5-15,18.3
12786,GY,15-30,18.8
12786,GY,30-60,25.2
12786,GY,60-120,35.7
12786,GY,120+,46.1
12786,HUP,0-5,33.3
12786,HUP,5-15,33.3
12786,HUP,15-30,33.8
12786,HUP,30-60,40.8
12786,HUP,60-120,56.1
12786,HUP,120+,74.4
12786,JCL,0-5,34.5
12786,JCL,5-15,34.6
12786,JCL,15-30,35.2
12786,JCL,30-60,42.9
12786,JCL,60-120,59.6
12786,JCL,120+,78.9
12786,KCG,0-5,10.0
12786,KCG,5-15,10.0
12786,KCG,15-30,10.4
12786,KCG,30-60,14.9
12786,KCG,60-120,22.1
12786,KCG,120+,26.2
12786,KGI,0-5,23.1
12786,KGI,5-15,23.2
12786,KGI,15-30,23.7
12786,KGI,30-60,30.5
12786,KGI,60-120,43.2
12786,KGI,120+,55.5
12786,KRNT,0-5,26.5
12786,KRNT,5-15,26.6
12786,KRNT,15-30,27.1
12786,KRNT,30-60,34.1
12786,KRNT,60-120,48.5
12786,KRNT,120+,65.3
12786,MBNR,0-5,35.2
12786,MBNR,5-15,35.2
12786,MBNR,15-30,35.8
12786,MBNR,30-60,43.4
12786,MBNR,60-120,60.7
12786,MBNR,120+,82.6
12786,MYA,0-5,12.7
12786,MYA,5-15,12.7
12786,MYA,15-30,13.0
12786,MYA,30-60,18.2
12786,MYA,60-120,26.2
12786,MYA,120+,32.9
12786,MYS,0-5,2.9
12786,MYS,5-15,3.0
12786,MYS,15-30,3.3
12786,MYS,30-60,6.6
12786,MYS,60-120,19.8
12786,MYS,120+,41.1
12786,PKD,0-5,33.2
12786,PKD,5-15,33.3
12786,PKD,15-30,33.8
12786,PKD,30-60,40.8
12786,PKD,60-120,55.3
12786,PKD,120+,73.0
12786,RMGM,0-5,13.6
12786,RMGM,5-15,13.6
12786,RMGM,15-30,13.9
12786,RMGM,30-60,19.3
12786,RMGM,60-120,26.6
12786,RMGM,120+,35.2
12786,SBC,0-5,13.5
12786,SBC,5-15,13.5
12786,SBC,15-30,13.8
12786,SBC,30-60,19.3
12786,SBC,60-120,26.7
12786,SBC,120+,34.9
12786,YNK,0-5,22.9
12786,YNK,5-15,23.0
12786,YNK,15-30,23.5
12786,YNK,30-60,30.2
12786,YNK,60-120,40.6
12786,YNK,120+,52.5
12791,ARA,0-5,29.2
12791,ARA,5-15,29.2
12791,ARA,15-30,29.2
12791,ARA,30-60,33.1
12791,ARA,60-120,55.3
12791,ARA,120+,91.2
12791,BHLP,0-5,13.6
12791,BHLP,5-15,13.6
12791,BHLP,15-30,13.3
12791,BHLP,30-60,19.4
12791,BHLP,60-120,36.3
12791,BHLP,120+,72.9
12791,BPA,0-5,30.4
12791,BPA,5-15,30.4
12791,BPA,15-30,31.0
12791,BPA,30-60,38.2
12791,BPA,60-120,69.9
12791,BPA,120+,117.8
12791,BPQ,0-5,10.1
12791,BPQ,5-15,10.1
12791,BPQ,15-30,10.5
12791,BPQ,30-60,15.6
12791,BPQ,60-120,34.4
12791,BPQ,120+,65.9
12791,BSB,0-5,15.5
12791,BSB,5-15,15.5
12791,BSB,15-30,16.0
12791,BSB,30-60,22.9
12791,BSB,60-120,44.0
12791,BSB,120+,86.8
12791,BXR,0-5,19.6
12791,BXR,5-15,19.6
12791,BXR,15-30,20.2
12791,BXR,30-60,27.1
12791,BXR,60-120,50.2
12791,BXR,120+,92.0
12791,BZU,0-5,43.0
12791,BZU,5-15,43.0
12791,BZU,15-30,44.0
12791,BZU,30-60,52.6
12791,BZU,60-120,88.4
12791,BZU,120+,144.0
12791,CD,0-5,12.6
12791,CD,5-15,12.6
12791,CD,15-30,12.9
12791,CD,30-60,18.2
12791,CD,60-120,35.1
12791,CD,120+,70.1
12791,DDU,0-5,11.6
12791,DDU,5-15,11.6
12791,DDU,15-30,11.9
12791,DDU,30-60,16.8
12791,DDU,60-120,34.9
12791,DDU,120+,69.0
12791,DLN,0-5,19.8
12791,DLN,5-15,19.8
12791,DLN,15-30,20.3
12791,DLN,30-60,26.6
12791,DLN,60-120,49.3
12791,DLN,120+,90.9
12791,DNR,0-5,8.6
12791,DNR,5-15,8.6
12791,DNR,15-30,8.9
12791,DNR,30-60,13.1
12791,DNR,60-120,30.3
12791,DNR,120+,58.3
12791,ET,0-5,21.2
12791,ET,5-15,21.2
12791,ET,15-30,21.7
12791,ET,30-60,28.5
12791,ET,60-120,53.6
12791,ET,120+,96.9
12791,GDYA,0-5,43.6
12791,GDYA,5-15,43.6
12791,GDYA,15-30,44.6
12791,GDYA,30-60,53.4
12791,GDYA,60-120,88.8
12791,GDYA,120+,144.0
12791,GYN,0-5,19.0
12791,GYN,5-15,19.0
12791,GYN,15-30,19.4
12791,GYN,30-60,25.9
12791,GYN,60-120,48.8
12791,GYN,120+,92.0
12791,JBP,0-5,31.4
12791,JBP,5-15,31.4
12791,JBP,15-30,32.1
12791,JBP,30-60,39.1
12791,JBP,60-120,70.5
12791,JBP,120+,117.7
12791,KATL,0-5,35.6
12791,KATL,5-15,35.7
12791,KATL,15-30,36.4
12791,KATL,30-60,44.1
12791,KATL,60-120,76.0
12791,KATL,120+,127.9
12791,KTE,0-5,44.5
12791,KTE,5-15,44.6
12791,KTE,15-30,45.5
12791,KTE,30-60,53.8
12791,KTE,60-120,87.6
12791,KTE,120+,141.9
12791,KZJ,0-5,20.2
12791,KZJ,5-15,20.2
12791,KZJ,15-30,20.7
12791,KZJ,30-60,27.2
12791,KZJ,60-120,49.0
12791,KZJ,120+,89.0
12791,MCI,0-5,20.1
12791,MCI,5-15,20.1
12791,MCI,15-30,20.6
12791,MCI,30-60,27.1
12791,MCI,60-120,49.0
12791,MCI,120+,88.9
12791,MYR,0-5,52.0
12791,MYR,5-15,52.0
12791,MYR,15-30,52.9
12791,MYR,30-60,61.1
12791,MYR,60-120,94.9
12791,MYR,120+,148.2
12791,NGP,0-5,32.2
12791,NGP,5-15,32.2
12791,NGP,15-30,32.9
12791,NGP,30-60,39.8
12791,NGP,60-120,69.2
12791,NGP,120+,113.2
12791,PDPL,0-5,19.4
12791,PDPL,5-15,19.4
12791,PDPL,15-30,19.8
12791,PDPL,30-60,26.3
12791,PDPL,60-120,49.6
12791,PDPL,120+,92.3
12791,PRRB,0-5,14.5
12791,PRRB,5-15,14.5
12791,PRRB,15-30,14.9
12791,PRRB,30-60,20.8
12791,PRRB,60-120,39.3
12791,PRRB,120+,79.5
12791,PRYJ,0-5,16.6
12791,PRYJ,5-15,16.6
12791,PRYJ,15-30,17.0
12791,PRYJ,30-60,23.2
12791,PRYJ,60-120,43.3
12791,PRYJ,120+,84.3
12791,RDM,0-5,21.4
12791,RDM,5-15,21.4
12791,RDM,15-30,21.9
12791,RDM,30-60,28.4
12791,RDM,60-120,50.9
12791,RDM,120+,91.6
12791,SC,0-5,3.4
12791,SC,5-15,3.4
12791,SC,15-30,3.4
12791,SC,30-60,5.8
12791,SC,60-120,15.1
12791,SC,120+,33.4
12791,SEGM,0-5,28.5
12791,SEGM,5-15,28.5
12791,SEGM,15-30,29.0
12791,SEGM,30-60,35.4
12791,SEGM,60-120,64.4
12791,SEGM,120+,108.7
12791,SKZR,0-5,32.4
12791,SKZR,5-15,32.4
12791,SKZR,15-30,33.1
12791,SKZR,30-60,40.4
12791,SKZR,60-120,72.6
12791,SKZR,120+,123.6
12791,STA,0-5,53.0
12791,STA,5-15,53.0
12791,STA,15-30,53.9
12791,STA,30-60,61.7
12791,STA,60-120,96.8
12791,STA,120+,150.2
12792,ARA,0-5,27.6
12792,ARA,5-15,27.7
12792,ARA,15-30,28.0
12792,ARA,30-60,32.3
12792,ARA,60-120,57.2
12792,ARA,120+,95.8
12792,BHLP,0-5,3.2
12792,BHLP,5-15,3.3
12792,BHLP,15-30,3.3
12792,BHLP,30-60,6.8
12792,BHLP,60-120,19.5
12792,BHLP,120+,43.3
12792,BPA,0-5,32.1
12792,BPA,5-15,32.1
12792,BPA,15-30,32.6
12792,BPA,30-60,40.2
12792,BPA,60-120,73.0
12792,BPA,120+,121.6
12792,BPQ,0-5,10.7
12792,BPQ,5-15,10.8
12792,BPQ,15-30,11.1
12792,BPQ,30-60,17.0
12792,BPQ,60-120,36.4
12792,BPQ,120+,70.4
12792,BSB,0-5,3.2
12792,BSB,5-15,3.2
12792,BSB,15-30,3.3
12792,BSB,30-60,7.0
12792,BSB,60-120,19.7
12792,BSB,120+,44.3
12792,BXR,0-5,25.1
12792,BXR,5-15,25.1
12792,BXR,15-30,25.5
12792,BXR,30-60,32.9
12792,BXR,60-120,60.6
12792,BXR,120+,103.5
12792,BZU,0-5,34.0
12792,BZU,5-15,34.0
12792,BZU,15-30,34.8
12792,BZU,30-60,42.6
12792,BZU,60-120,75.9
12792,BZU,120+,125.4
12792,CD,0-5,44.6
12792,CD,5-15,44.6
12792,CD,15-30,45.5
12792,CD,30-60,53.1
12792,CD,60-120,88.6
12792,CD,120+,144.1
12792,DDU,0-5,6.1
12792,DDU,5-15,6.2
12792,DDU,15-30,6.5
12792,DDU,30-60,10.0
12792,DDU,60-120,26.8
12792,DDU,120+,54.2
12792,DLN,0-5,28.6
12792,DLN,5-15,28.6
12792,DLN,15-30,29.1
12792,DLN,30-60,35.9
12792,DLN,60-120,65.3
12792,DLN,120+,110.1
12792,DNR,0-5,3.9
12792,DNR,5-15,3.9
12792,DNR,15-30,4.0
12792,DNR,30-60,7.3
12792,DNR,60-120,20.9
12792,DNR,120+,44.5
12792,ET,0-5,7.7
12792,ET,5-15,7.8
12792,ET,15-30,8.1
12792,ET,30-60,12.5
12792,ET,60-120,28.9
12792,ET,120+,57.7
12792,GDYA,0-5,20.4
12792,GDYA,5-15,20.5
12792,GDYA,15-30,20.9
12792,GDYA,30-60,27.7
12792,GDYA,60-120,52.2
12792,GDYA,120+,94.6
12792,GYN,0-5,6.4
12792,GYN,5-15,6.4
12792,GYN,15-30,6.7
12792,GYN,30-60,10.2
12792,GYN,60-120,26.7
12792,GYN,120+,53.1
12792,JBP,0-5,34.2
12792,JBP,5-15,34.2
12792,JBP,15-30,34.9
12792,JBP,30-60,42.4
12792,JBP,60-120,74.2
12792,JBP,120+,122.7
12792,JMKT,0-5,52.4
12792,JMKT,5-15,52.4
12792,JMKT,15-30,53.3
12792,JMKT,30-60,61.2
12792,JMKT,60-120,96.1
12792,JMKT,120+,149.1
12792,KTE,0-5,30.0
12792,KTE,5-15,30.0
12792,KTE,15-30,30.4
12792,KTE,30-60,37.3
12792,KTE,60-120,66.9
12792,KTE,120+,111.3
12792,KZJ,0-5,41.8
12792,KZJ,5-15,41.8
12792,KZJ,15-30,42.4
12792,KZJ,30-60,49.8
12792,KZJ,60-120,83.5
12792,KZJ,120+,137.3
12792,MCI,0-5,34.6
12792,MCI,5-15,34.6
12792,MCI,15-30,35.2
12792,MCI,30-60,42.7
12792,MCI,60-120,74.2
12792,MCI,120+,123.3
12792,MYR,0-5,8.9
12792,MYR,5-15,8.9
12792,MYR,15-30,9.2
12792,MYR,30-60,13.9
12792,MYR,60-120,29.7
12792,MYR,120+,58.5
12792,NGP,0-5,21.3
12792,NGP,5-15,21.3
12792,NGP,15-30,21.7
12792,NGP,30-60,28.0
12792,NGP,60-120,49.8
12792,NGP,120+,87.2
12792,PDPL,0-5,43.6
12792,PDPL,5-15,43.6
12792,PDPL,15-30,44.5
12792,PDPL,30-60,52.5
12792,PDPL,60-120,87.3
12792,PDPL,120+,141.8
12792,PRRB,0-5,10.8
12792,PRRB,5-15,10.8
12792,PRRB,15-30,11.1
12792,PRRB,30-60,16.0
12792,PRRB,60-120,34.4
12792,PRRB,120+,66.1
12792,PRYJ,0-5,10.6
12792,PRYJ,5-15,10.6
12792,PRYJ,15-30,10.9
12792,PRYJ,30-60,15.9
12792,PRYJ,60-120,34.2
12792,PRYJ,120+,66.3
12792,RDM,0-5,41.8
12792,RDM,5-15,41.8
12792,RDM,15-30,42.4
12792,RDM,30-60,49.7
12792,RDM,60-120,83.0
12792,RDM,120+,136.3
12792,SC,0-5,8.4
12792,SC,5-15,8.4
12792,SC,15-30,8.7
12792,SC,30-60,13.0
12792,SC,60-120,28.4
12792,SC,120+,55.4
12792,SEGM,0-5,35.6
12792,SEGM,5-15,35.6
12792,SEGM,15-30,36.2
12792,SEGM,30-60,43.3
12792,SEGM,60-120,75.1
12792,SEGM,120+,124.4
12792,SKZR,0-5,20.2
12792,SKZR,5-15,20.2
12792,SKZR,15-30,20.7
12792,SKZR,30-60,27.4
12792,SKZR,60-120,51.2
12792,SKZR,120+,93.6
12792,STA,0-5,9.2
12792,STA,5-15,9.2
12792,STA,15-30,9.4
12792,STA,30-60,14.1
12792,STA,60-120,30.2
12792,STA,120+,57.7
12801,ANVT,0-5,54.7
12801,ANVT,5-15,54.7
12801,ANVT,15-30,53.8
12801,ANVT,30-60,53.8
12801,ANVT,60-120,83.2
12801,ANVT,120+,114.7
12801,AUBR,0-5,45.3
12801,AUBR,5-15,45.3
12801,AUBR,15-30,44.5
12801,AUBR,30-60,48.6
12801,AUBR,60-120,81.8
12801,AUBR,120+,128.4
12801,BBM,0-5,59.2
12801,BBM,5-15,59.2
12801,BBM,15-30,58.4
12801,BBM,30-60,59.7
12801,BBM,60-120,91.0
12801,BBM,120+,132.0
12801,BBS,0-5,30.0
12801,BBS,5-15,30.1
12801,BBS,15-30,29.2
12801,BBS,30-60,33.0
12801,BBS,60-120,57.3
12801,BBS,120+,97.4
12801,BBU,0-5,52.1
12801,BBU,5-15,52.2
12801,BBU,15-30,51.4
12801,BBU,30-60,53.3
12801,BBU,60-120,88.0
12801,BBU,120+,135.4
12801,BHC,0-5,44.6
12801,BHC,5-15,44.6
12801,BHC,15-30,43.8
12801,BHC,30-60,47.7
12801,BHC,60-120,78.7
12801,BHC,120+,124.8
12801,BKSC,0-5,47.2
12801,BKSC,5-15,47.2
12801,BKSC,15-30,46.5
12801,BKSC,30-60,50.5
12801,BKSC,60-120,84.1
12801,BKSC,120+,130.5
12801,BLS,0-5,52.2
12801,BLS,5-15,52.3
12801,BLS,15-30,51.4
12801,BLS,30-60,56.0
12801,BLS,60-120,88.4
12801,BLS,120+,135.7
12801,CAR,0-5,26.5
12801,CAR,5-15,26.5
12801,CAR,15-30,25.6
12801,CAR,30-60,30.0
12801,CAR,60-120,54.4
12801,CAR,120+,95.8
12801,CNI,0-5,51.1
12801,CNI,5-15,51.1
12801,CNI,15-30,50.3
12801,CNI,30-60,53.7
12801,CNI,60-120,85.8
12801,CNI,120+,129.6
12801,CRP,0-5,35.2
12801,CRP,5-15,35.3
12801,CRP,15-30,35.0
12801,CRP,30-60,40.3
12801,CRP,60-120,70.6
12801,CRP,120+,116.0
12801,CTC,0-5,39.2
12801,CTC,5-15,39.3
12801,CTC,15-30,38.5
12801,CTC,30-60,42.9
12801,CTC,60-120,70.0
12801,CTC,120+,112.2
12801,DDU,0-5,30.1
12801,DDU,5-15,30.2
12801,DDU,15-30,29.4
12801,DDU,30-60,34.4
12801,DDU,60-120,62.4
12801,DDU,120+,106.6
12801,DOS,0-5,47.1
12801,DOS,5-15,47.1
12801,DOS,15-30,46.4
12801,DOS,30-60,51.0
12801,DOS,60-120,84.7
12801,DOS,120+,131.4
12801,FTP,0-5,38.2
12801,FTP,5-15,38.3
12801,FTP,15-30,37.6
12801,FTP,30-60,42.4
12801,FTP,60-120,72.7
12801,FTP,120+,118.1
12801,GAYA,0-5,36.9
12801,GAYA,5-15,36.9
12801,GAYA,15-30,36.2
12801,GAYA,30-60,41.6
12801,GAYA,60-120,72.0
12801,GAYA,120+,117.5
12801,GMO,0-5,39.9
12801,GMO,5-15,39.9
12801,GMO,15-30,39.1
12801,GMO,30-60,43.9
12801,GMO,60-120,72.4
12801,GMO,120+,117.3
12801,GOY,0-5,41.5
12801,GOY,5-15,41.6
12801,GOY,15-30,40.9
12801,GOY,30-60,45.7
12801,GOY,60-120,78.8
12801,GOY,120+,124.1
12801,GTS,0-5,64.4
12801,GTS,5-15,64.4
12801,GTS,15-30,63.8
12801,GTS,30-60,65.9
12801,GTS,60-120,97.9
12801,GTS,120+,136.1
12801,GZB,0-5,24.4
12801,GZB,5-15,24.4
12801,GZB,15-30,24.1
12801,GZB,30-60,29.6
12801,GZB,60-120,55.6
12801,GZB,120+,97.5
12801,HIJ,0-5,58.3
12801,HIJ,5-15,58.3
12801,HIJ,15-30,57.5
12801,HIJ,30-60,59.8
12801,HIJ,60-120,91.2
12801,HIJ,120+,129.8
12801,HZD,0-5,46.8
12801,HZD,5-15,46.8
12801,HZD,15-30,46.0
12801,HZD,30-60,50.3
12801,HZD,60-120,79.5
12801,HZD,120+,122.0
12801,JJKR,0-5,54.7
12801,JJKR,5-15,54.8
12801,JJKR,15-30,53.9
12801,JJKR,30-60,56.9
12801,JJKR,60-120,89.4
12801,JJKR,120+,135.2
12801,KQR,0-5,49.0
12801,KQR,5-15,49.1
12801,KQR,15-30,48.1
12801,KQR,30-60,53.0
12801,KQR,60-120,86.5
12801,KQR,120+,132.9
12801,KUR,0-5,26.3
12801,KUR,5-15,26.3
12801,KUR,15-30,25.2
12801,KUR,30-60,29.5
12801,KUR,60-120,52.0
12801,KUR,120+,86.1
12801,MZP,0-5,30.6
12801,MZP,5-15,30.6
12801,MZP,15-30,30.1
12801,MZP,30-60,35.6
12801,MZP,60-120,64.5
12801,MZP,120+,109.0
12801,PNME,0-5,43.3
12801,PNME,5-15,43.3
12801,PNME,15-30,42.3
12801,PNME,30-60,48.2
12801,PNME,60-120,80.6
12801,PNME,120+,126.1
12801,PRP,0-5,54.6
12801,PRP,5-15,54.6
12801,PRP,15-30,53.5
12801,PRP,30-60,56.0
12801,PRP,60-120,87.7
12801,PRP,120+,129.7
12801,PRR,0-5,58.0
12801,PRR,5-15,58.0
12801,PRR,15-30,56.9
12801,PRR,30-60,59.3
12801,PRR,60-120,90.3
12801,PRR,120+,130.3
12801,PRYJ,0-5,28.2
12801,PRYJ,5-15,28.2
12801,PRYJ,15-30,27.2
12801,PRYJ,30-60,32.7
12801,PRYJ,60-120,59.8
12801,PRYJ,120+,103.7
12801,PURI,0-5,0.1
12801,PURI,5-15,0.1
12801,PURI,15-30,0.0
12801,PURI,30-60,3.5
12801,PURI,60-120,17.5
12801,PURI,120+,33.4
12801,SSM,0-5,48.0
12801,SSM,5-15,48.0
12801,SSM,15-30,47.0
12801,SSM,30-60,52.0
12801,SSM,60-120,85.1
12801,SSM,120+,131.4
12801,TATA,0-5,46.8
12801,TATA,5-15,46.8
12801,TATA,15-30,45.8
12801,TATA,30-60,43.5
12801,TATA,60-120,73.3
12801,TATA,120+,107.8
12802,ANVT,0-5,6.5
12802,ANVT,5-15,6.6
12802,ANVT,15-30,6.4
12802,ANVT,30-60,8.3
12802,ANVT,60-120,17.9
12802,ANVT,120+,29.8
12802,AUBR,0-5,17.9
12802,AUBR,5-15,18.0
12802,AUBR,15-30,18.0
12802,AUBR,30-60,23.2
12802,AUBR,60-120,44.6
12802,AUBR,120+,64.6
12802,BBM,0-5,24.3
12802,BBM,5-15,24.3
12802,BBM,15-30,24.4
12802,BBM,30-60,29.9
12802,BBM,60-120,54.8
12802,BBM,120+,82.1
12802,BBS,0-5,70.3
12802,BBS,5-15,70.4
12802,BBS,15-30,71.2
12802,BBS,30-60,77.9
12802,BBS,60-120,117.1
12802,BBS,120+,161.0
12802,BBU,0-5,11.4
12802,BBU,5-15,11.4
12802,BBU,15-30,11.6
12802,BBU,30-60,16.5
12802,BBU,60-120,33.2
12802,BBU,120+,53.3
12802,BHC,0-5,32.1
12802,BHC,5-15,32.2
12802,BHC,15-30,32.5
12802,BHC,30-60,38.6
12802,BHC,60-120,70.6
12802,BHC,120+,106.7
12802,BKSC,0-5,30.2
12802,BKSC,5-15,30.2
12802,BKSC,15-30,30.6
12802,BKSC,30-60,36.4
12802,BKSC,60-120,68.3
12802,BKSC,120+,101.7
12802,BLS,0-5,26.9
12802,BLS,5-15,26.9
12802,BLS,15-30,27.0
12802,BLS,30-60,32.2
12802,BLS,60-120,59.3
12802,BLS,120+,88.0
12802,CAR,0-5,12.9
12802,CAR,5-15,12.9
12802,CAR,15-30,13.0
12802,CAR,30-60,17.4
12802,CAR,60-120,33.7
12802,CAR,120+,54.6
12802,CNI,0-5,20.3
12802,CNI,5-15,20.4
12802,CNI,15-30,20.5
12802,CNI,30-60,25.3
12802,CNI,60-120,46.4
12802,CNI,120+,69.9
12802,CRP,0-5,29.3
12802,CRP,5-15,29.3
12802,CRP,15-30,29.7
12802,CRP,30-60,35.0
12802,CRP,60-120,65.7
12802,CRP,120+,97.5
12802,CTC,0-5,68.9
12802,CTC,5-15,68.9
12802,CTC,15-30,69.3
12802,CTC,30-60,74.8
12802,CTC,60-120,112.1
12802,CTC,120+,158.3
12802,DDU,0-5,5.0
12802,DDU,5-15,5.0
12802,DDU,15-30,5.1
12802,DDU,30-60,6.8
12802,DDU,60-120,18.7
12802,DDU,120+,27.8
12802,DOS,0-5,16.2
12802,DOS,5-15,16.2
12802,DOS,15-30,16.4
12802,DOS,30-60,21.2
12802,DOS,60-120,40.5
12802,DOS,120+,62.2
12802,FTP,0-5,29.4
12802,FTP,5-15,29.4
12802,FTP,15-30,29.7
12802,FTP,30-60,34.7
12802,FTP,60-120,64.3
12802,FTP,120+,95.7
12802,GAYA,0-5,11.4
12802,GAYA,5-15,11.4
12802,GAYA,15-30,11.5
12802,GAYA,30-60,15.7
12802,GAYA,60-120,30.8
12802,GAYA,120+,48.9
12802,GMO,0-5,26.1
12802,GMO,5-15,26.1
12802,GMO,15-30,26.2
12802,GMO,30-60,31.1
12802,GMO,60-120,57.0
12802,GMO,120+,85.2
12802,GOY,0-5,14.4
12802,GOY,5-15,14.4
12802,GOY,15-30,14.5
12802,GOY,30-60,18.8
12802,GOY,60-120,34.6
12802,GOY,120+,54.3
12802,GTS,0-5,23.0
12802,GTS,5-15,23.0
12802,GTS,15-30,23.1
12802,GTS,30-60,27.9
12802,GTS,60-120,50.4
12802,GTS,120+,73.9
12802,HIJ,0-5,26.9
12802,HIJ,5-15,26.9
12802,HIJ,15-30,27.0
12802,HIJ,30-60,31.8
12802,HIJ,60-120,57.0
12802,HIJ,120+,84.1
12802,HZD,0-5,26.8
12802,HZD,5-15,26.8
12802,HZD,15-30,26.9
12802,HZD,30-60,31.8
12802,HZD,60-120,57.3
12802,HZD,120+,84.4
12802,JJKR,0-5,38.8
12802,JJKR,5-15,38.8
12802,JJKR,15-30,39.2
12802,JJKR,30-60,44.9
12802,JJKR,60-120,76.1
12802,JJKR,120+,120.1
12802,KQR,0-5,18.6
12802,KQR,5-15,18.7
12802,KQR,15-30,18.9
12802,KQR,30-60,23.8
12802,KQR,60-120,45.1
12802,KQR,120+,67.5
12802,KUR,0-5,76.4
12802,KUR,5-15,76.6
12802,KUR,15-30,77.4
12802,KUR,30-60,82.3
12802,KUR,60-120,118.6
12802,KUR,120+,158.4
12802,MZP,0-5,11.8
12802,MZP,5-15,11.8
12802,MZP,15-30,12.0
12802,MZP,30-60,16.2
12802,MZP,60-120,31.8
12802,MZP,120+,50.4
12802,PNME,0-5,30.9
12802,PNME,5-15,30.9
12802,PNME,15-30,31.3
12802,PNME,30-60,37.2
12802,PNME,60-120,68.5
12802,PNME,120+,103.3
12802,PRP,0-5,9.2
12802,PRP,5-15,9.2
12802,PRP,15-30,9.2
12802,PRP,30-60,12.1
12802,PRP,60-120,25.5
12802,PRP,120+,38.0
12802,PRR,0-5,18.4
12802,PRR,5-15,18.4
12802,PRR,15-30,18.5
12802,PRR,30-60,23.2
12802,PRR,60-120,42.8
12802,PRR,120+,63.1
12802,PRYJ,0-5,8.8
12802,PRYJ,5-15,8.9
12802,PRYJ,15-30,9.0
12802,PRYJ,30-60,12.0
12802,PRYJ,60-120,26.0
12802,PRYJ,120+,39.4
12802,PURI,0-5,56.7
12802,PURI,5-15,56.8
12802,PURI,15-30,57.1
12802,PURI,30-60,64.2
12802,PURI,60-120,101.9
12802,PURI,120+,150.9
12802,SSM,0-5,12.7
12802,SSM,5-15,12.7
12802,SSM,15-30,12.8
12802,SSM,30-60,17.2
12802,SSM,60-120,32.5
12802,SSM,120+,52.1
12802,TATA,0-5,21.3
12802,TATA,5-15,21.3
12802,TATA,15-30,21.4
12802,TATA,30-60,23.2
12802,TATA,60-120,41.8
12802,TATA,120+,57.1
12809,AK,0-5,59.0
12809,AK,5-15,59.0
12809,AK,15-30,59.2
12809,AK,30-60,59.3
12809,AK,60-120,67.4
12809,AK,120+,81.8
12809,BD,0-5,17.2
12809,BD,5-15,17.2
12809,BD,15-30,17.3
12809,BD,30-60,20.9
12809,BD,60-120,29.6
12809,BD,120+,44.5
12809,BPH,0-5,54.3
12809,BPH,5-15,54.3
12809,BPH,15-30,54.4
12809,BPH,30-60,59.5
12809,BPH,60-120,74.8
12809,BPH,120+,106.0
12809,BRD,0-5,18.1
12809,BRD,5-15,18.2
12809,BRD,15-30,18.2
12809,BRD,30-60,21.8
12809,BRD,60-120,31.1
12809,BRD,120+,47.6
12809,BRJN,0-5,69.4
12809,BRJN,5-15,69.4
12809,BRJN,15-30,69.5
12809,BRJN,30-60,74.1
12809,BRJN,60-120,90.0
12809,BRJN,120+,120.6
12809,BSL,0-5,34.5
12809,BSL,5-15,34.5
12809,BSL,15-30,34.5
12809,BSL,30-60,38.5
12809,BSL,60-120,47.3
12809,BSL,120+,71.3
12809,BSP,0-5,33.6
12809,BSP,5-15,33.6
12809,BSP,15-30,33.6
12809,BSP,30-60,37.2
12809,BSP,60-120,44.9
12809,BSP,120+,60.9
12809,BYT,0-5,21.4
12809,BYT,5-15,21.5
12809,BYT,15-30,21.5
12809,BYT,30-60,24.9
12809,BYT,60-120,34.1
12809,BYT,120+,49.5
12809,CKP,0-5,107.3
12809,CKP,5-15,107.0
12809,CKP,15-30,107.3
12809,CKP,30-60,109.8
12809,CKP,60-120,126.9
12809,CKP,120+,148.1
12809,CPH,0-5,34.9
12809,CPH,5-15,35.0
12809,CPH,15-30,35.0
12809,CPH,30-60,38.8
12809,CPH,60-120,48.7
12809,CPH,120+,73.9
12809,CSMT,0-5,3.7
12809,CSMT,5-15,3.7
12809,CSMT,15-30,3.6
12809,CSMT,30-60,3.9
12809,CSMT,60-120,6.0
12809,CSMT,120+,10.9
12809,CSN,0-5,35.5
12809,CSN,5-15,35.5
12809,CSN,15-30,35.5
12809,CSN,30-60,39.3
12809,CSN,60-120,48.9
12809,CSN,120+,74.0
12809,DGG,0-5,14.8
12809,DGG,5-15,14.8
12809,DGG,15-30,14.9
12809,DGG,30-60,17.6
12809,DGG,60-120,25.2
12809,DGG,120+,38.8
12809,DMN,0-5,25.8
12809,DMN,5-15,25.8
12809,DMN,15-30,25.9
12809,DMN,30-60,28.8
12809,DMN,60-120,39.1
12809,DMN,120+,54.8
12809,DR,0-5,6.0
12809,DR,5-15,6.1
12809,DR,15-30,5.9
12809,DR,30-60,7.5
12809,DR,60-120,10.9
12809,DR,120+,19.2
12809,DURG,0-5,19.2
12809,DURG,5-15,19.2
12809,DURG,15-30,19.3
12809,DURG,30-60,22.3
12809,DURG,60-120,30.7
12809,DURG,120+,45.3
12809,DVL,0-5,29.5
12809,DVL,5-15,29.5
12809,DVL,15-30,29.6
12809,DVL,30-60,33.0
12809,DVL,60-120,43.1
12809,DVL,120+,63.4
12809,G,0-5,45.6
12809,G,5-15,45.6
12809,G,15-30,45.7
12809,G,30-60,49.4
12809,G,60-120,63.0
12809,G,120+,90.8
12809,HWH,0-5,269.7
12809,HWH,5-15,269.5
12809,HWH,15-30,270.4
12809,HWH,30-60,275.5
12809,HWH,60-120,285.9
12809,HWH,120+,309.9
12809,IGP,0-5,23.1
12809,IGP,5-15,23.1
12809,IGP,15-30,23.2
12809,IGP,30-60,26.7
12809,IGP,60-120,36.4
12809,IGP,120+,51.7
12809,JL,0-5,40.6
12809,JL,5-15,40.6
12809,JL,15-30,40.7
12809,JL,30-60,45.1
12809,JL,60-120,58.2
12809,JL,120+,85.5
12809,JM,0-5,41.2
12809,JM,5-15,41.3
12809,JM,15-30,41.4
12809,JM,30-60,45.8
12809,JM,60-120,59.0
12809,JM,120+,86.9
12809,JSG,0-5,95.0
12809,JSG,5-15,94.7
12809,JSG,15-30,94.9
12809,JSG,30-60,97.5
12809,JSG,60-120,113.9
12809,JSG,120+,139.0
12809,KGP,0-5,176.6
12809,KGP,5-15,176.3
12809,KGP,15-30,177.1
12809,KGP,30-60,179.3
12809,KGP,60-120,185.9
12809,KGP,120+,206.5
12809,KHS,0-5,49.1
12809,KHS,5-15,49.1
12809,KHS,15-30,49.1
12809,KHS,30-60,53.0
12809,KHS,60-120,66.7
12809,KHS,120+,94.2
12809,KSRA,0-5,18.6
12809,KSRA,5-15,18.6
12809,KSRA,15-30,18.6
12809,KSRA,30-60,22.1
12809,KSRA,60-120,30.6
12809,KSRA,120+,45.8
12809,KYN,0-5,12.8
12809,KYN,5-15,12.9
12809,KYN,15-30,12.7
12809,KYN,30-60,15.8
12809,KYN,60-120,21.5
12809,KYN,120+,34.0
12809,MKU,0-5,41.0
12809,MKU,5-15,41.0
12809,MKU,15-30,41.1
12809,MKU,30-60,45.2
12809,MKU,60-120,58.2
12809,MKU,120+,86.3
12809,MMR,0-5,29.3
12809,MMR,5-15,29.3
12809,MMR,15-30,29.3
12809,MMR,30-60,33.3
12809,MMR,60-120,42.7
12809,MMR,120+,62.8
12809,MZR,0-5,41.8
12809,MZR,5-15,41.9
12809,MZR,15-30,42.0
12809,MZR,30-60,46.2
12809,MZR,60-120,59.6
12809,MZR,120+,87.5
12809,NGP,0-5,14.0
12809,NGP,5-15,14.0
12809,NGP,15-30,13.9
12809,NGP,30-60,16.7
12809,NGP,60-120,21.6
12809,NGP,120+,33.5
12809,NK,0-5,29.6
12809,NK,5-15,29.6
12809,NK,15-30,29.6
12809,NK,30-60,33.6
12809,NK,60-120,43.0
12809,NK,120+,63.8
12809,NN,0-5,39.9
12809,NN,5-15,39.9
12809,NN,15-30,40.0
12809,NN,30-60,44.3
12809,NN,60-120,56.9
12809,NN,120+,83.9
12809,PLO,0-5,25.5
12809,PLO,5-15,25.6
12809,PLO,15-30,25.6
12809,PLO,30-60,29.1
12809,PLO,60-120,39.0
12809,PLO,120+,55.0
12809,R,0-5,45.4
12809,R,5-15,45.4
12809,R,15-30,45.5
12809,R,30-60,49.3
12809,R,60-120,61.9
12809,R,120+,85.2
12809,RIG,0-5,56.8
12809,RIG,5-15,56.8
12809,RIG,15-30,56.9
12809,RIG,30-60,61.6
12809,RIG,60-120,75.9
12809,RIG,120+,105.1
12809,RJN,0-5,15.9
12809,RJN,5-15,15.9
12809,RJN,15-30,16.0
12809,RJN,30-60,19.4
12809,RJN,60-120,27.0
12809,RJN,120+,41.2
12809,ROU,0-5,97.1
12809,ROU,5-15,96.9
12809,ROU,15-30,97.0
12809,ROU,30-60,99.5
12809,ROU,60-120,114.6
12809,ROU,120+,138.6
12809,SEG,0-5,41.8
12809,SEG,5-15,41.8
12809,SEG,15-30,41.9
12809,SEG,30-60,46.1
12809,SEG,60-120,59.5
12809,SEG,120+,87.2
12809,SKT,0-5,39.6
12809,SKT,5-15,39.6
12809,SKT,15-30,39.6
12809,SKT,30-60,43.9
12809,SKT,60-120,55.1
12809,SKT,120+,83.1
12809,SRC,0-5,245.8
12809,SRC,5-15,245.5
12809,SRC,15-30,246.8
12809,SRC,30-60,253.4
12809,SRC,60-120,258.9
12809,SRC,120+,275.8
12809,TATA,0-5,143.1
12809,TATA,5-15,142.8
12809,TATA,15-30,143.0
12809,TATA,30-60,144.8
12809,TATA,60-120,152.9
12809,TATA,120+,170.4
12809,TMR,0-5,15.7
12809,TMR,5-15,15.8
12809,TMR,15-30,15.8
12809,TMR,30-60,19.3
12809,TMR,60-120,27.0
12809,TMR,120+,41.1
12809,TNA,0-5,8.5
12809,TNA,5-15,8.5
12809,TNA,15-30,8.3
12809,TNA,30-60,11.3
12809,TNA,60-120,15.1
12809,TNA,120+,26.0
12809,WR,0-5,28.5
12809,WR,5-15,28.5
12809,WR,15-30,28.6
12809,WR,30-60,32.5
12809,WR,60-120,42.1
12809,WR,120+,61.9
12810,AK,0-5,190.4
12810,AK,5-15,190.7
12810,AK,15-30,189.3
12810,AK,30-60,174.1
12810,AK,60-120,169.8
12810,AK,120+,169.6
12810,BD,0-5,164.6
12810,BD,5-15,164.9
12810,BD,15-30,163.9
12810,BD,30-60,163.1
12810,BD,60-120,177.1
12810,BD,120+,202.9
12810,BPH,0-5,61.1
12810,BPH,5-15,61.4
12810,BPH,15-30,57.3
12810,BPH,30-60,55.6
12810,BPH,60-120,68.2
12810,BPH,120+,93.9
12810,BRD,0-5,151.9
12810,BRD,5-15,152.1
12810,BRD,15-30,150.9
12810,BRD,30-60,150.3
12810,BRD,60-120,160.3
12810,BRD,120+,184.5
12810,BRJN,0-5,58.6
12810,BRJN,5-15,58.9
12810,BRJN,15-30,54.8
12810,BRJN,30-60,54.3
12810,BRJN,60-120,67.7
12810,BRJN,120+,89.1
12810,BSL,0-5,167.7
12810,BSL,5-15,168.0
12810,BSL,15-30,168.0
12810,BSL,30-60,166.1
12810,BSL,60-120,170.6
12810,BSL,120+,191.7
12810,BSP,0-5,101.5
12810,BSP,5-15,101.7
12810,BSP,15-30,102.0
12810,BSP,30-60,101.7
12810,BSP,60-120,111.8
12810,BSP,120+,130.0
12810,BYT,0-5,108.2
12810,BYT,5-15,108.5
12810,BYT,15-30,108.8
12810,BYT,30-60,110.6
12810,BYT,60-120,121.6
12810,BYT,120+,149.8
12810,CKP,0-5,30.9
12810,CKP,5-15,30.0
12810,CKP,15-30,29.0
12810,CKP,30-60,31.3
12810,CKP,60-120,39.7
12810,CKP,120+,55.9
12810,CPH,0-5,109.5
12810,CPH,5-15,109.7
12810,CPH,15-30,108.9
12810,CPH,30-60,108.1
12810,CPH,60-120,118.4
12810,CPH,120+,147.0
12810,CSMT,0-5,184.1
12810,CSMT,5-15,184.3
12810,CSMT,15-30,185.4
12810,CSMT,30-60,194.8
12810,CSMT,60-120,208.1
12810,CSMT,120+,231.0
12810,CSN,0-5,178.8
12810,CSN,5-15,179.1
12810,CSN,15-30,176.9
12810,CSN,30-60,174.4
12810,CSN,60-120,177.8
12810,CSN,120+,199.0
12810,DGG,0-5,130.9
12810,DGG,5-15,131.1
12810,DGG,15-30,129.0
12810,DGG,30-60,127.3
12810,DGG,60-120,136.1
12810,DGG,120+,163.2
12810,DMN,0-5,182.9
12810,DMN,5-15,183.1
12810,DMN,15-30,181.4
12810,DMN,30-60,186.0
12810,DMN,60-120,188.2
12810,DMN,120+,212.9
12810,DR,0-5,179.4
12810,DR,5-15,179.7
12810,DR,15-30,178.0
12810,DR,30-60,183.0
12810,DR,60-120,186.9
12810,DR,120+,213.3
12810,DURG,0-5,112.0
12810,DURG,5-15,112.3
12810,DURG,15-30,111.4
12810,DURG,30-60,111.1
12810,DURG,60-120,122.3
12810,DURG,120+,149.7
12810,DVL,0-5,179.2
12810,DVL,5-15,179.5
12810,DVL,15-30,177.7
12810,DVL,30-60,182.2
12810,DVL,60-120,188.8
12810,DVL,120+,210.3
12810,G,0-5,128.3
12810,G,5-15,128.6
12810,G,15-30,126.3
12810,G,30-60,124.6
12810,G,60-120,135.7
12810,G,120+,162.4
12810,HWH,0-5,0.0
12810,HWH,5-15,0.0
12810,HWH,15-30,0.0
12810,HWH,30-60,0.0
12810,HWH,60-120,0.0
12810,HWH,120+,0.0
12810,IGP,0-5,182.1
12810,IGP,5-15,182.4
12810,IGP,15-30,180.6
12810,IGP,30-60,190.0
12810,IGP,60-120,199.3
12810,IGP,120+,220.5
12810,JL,0-5,174.9
12810,JL,5-15,175.1
12810,JL,15-30,172.9
12810,JL,30-60,172.1
12810,JL,60-120,178.5
12810,JL,120+,199.7
12810,JM,0-5,165.9
12810,JM,5-15,166.1
12810,JM,15-30,163.9
12810,JM,30-60,159.5
12810,JM,60-120,164.9
12810,JM,120+,182.6
12810,JSG,0-5,59.7
12810,JSG,5-15,60.0
12810,JSG,15-30,59.1
12810,JSG,30-60,57.0
12810,JSG,60-120,68.4
12810,JSG,120+,88.4
12810,KGP,0-5,6.9
12810,KGP,5-15,6.1
12810,KGP,15-30,5.3
12810,KGP,30-60,6.2
12810,KGP,60-120,7.8
12810,KGP,120+,12.4
12810,KHS,0-5,90.5
12810,KHS,5-15,90.7
12810,KHS,15-30,89.9
12810,KHS,30-60,86.9
12810,KHS,60-120,98.3
12810,KHS,120+,121.7
12810,KYN,0-5,185.8
12810,KYN,5-15,186.1
12810,KYN,15-30,184.3
12810,KYN,30-60,193.2
12810,KYN,60-120,200.8
12810,KYN,120+,224.9
12810,MKU,0-5,168.3
12810,MKU,5-15,168.6
12810,MKU,15-30,166.4
12810,MKU,30-60,162.0
12810,MKU,60-120,167.0
12810,MKU,120+,184.7
12810,MMR,0-5,182.5
12810,MMR,5-15,182.7
12810,MMR,15-30,181.0
12810,MMR,30-60,185.6
12810,MMR,60-120,190.5
12810,MMR,120+,215.1
12810,MZR,0-5,196.5
12810,MZR,5-15,196.8
12810,MZR,15-30,195.0
12810,MZR,30-60,203.4
12810,MZR,60-120,210.5
12810,MZR,120+,234.2
12810,NGP,0-5,168.7
12810,NGP,5-15,169.0
12810,NGP,15-30,166.7
12810,NGP,30-60,162.3
12810,NGP,60-120,167.4
12810,NGP,120+,184.6
12810,NK,0-5,182.5
12810,NK,5-15,182.7
12810,NK,15-30,181.0
12810,NK,30-60,185.6
12810,NK,60-120,190.5
12810,NK,120+,215.1
12810,NN,0-5,168.3
12810,NN,5-15,168.6
12810,NN,15-30,166.4
12810,NN,30-60,162.0
12810,NN,60-120,167.0
12810,NN,120+,184.7
12810,PLO,0-5,182.5
12810,PLO,5-15,182.7
12810,PLO,15-30,181.0
12810,PLO,30-60,185.6
12810,PLO,60-120,190.5
12810,PLO,120+,215.1
12810,R,0-5,133.1
12810,R,5-15,133.3
12810,R,15-30,131.1
12810,R,30-60,126.7
12810,R,60-120,135.4
12810,R,120+,154.1
12810,RIG,0-5,79.8
12810,RIG,5-15,80.0
12810,RIG,15-30,79.2
12810,RIG,30-60,76.2
12810,RIG,60-120,86.5
12810,RIG,120+,111.9
12810,RJN,0-5,113.3
12810,RJN,5-15,113.6
12810,RJN,15-30,112.7
12810,RJN,30-60,112.4
12810,RJN,60-120,123.3
12810,RJN,120+,150.5
12810,ROU,0-5,40.7
12810,ROU,5-15,39.9
12810,ROU,15-30,38.9
12810,ROU,30-60,36.8
12810,ROU,60-120,48.7
12810,ROU,120+,65.7
12810,SEG,0-5,167.8
12810,SEG,5-15,168.1
12810,SEG,15-30,165.9
12810,SEG,30-60,161.5
12810,SEG,60-120,166.5
12810,SEG,120+,184.0
12810,SEGM,0-5,167.5
12810,SEGM,5-15,167.8
12810,SEGM,15-30,165.6
12810,SEGM,30-60,161.7
12810,SEGM,60-120,169.2
12810,SEGM,120+,190.5
12810,SKT,0-5,106.8
12810,SKT,5-15,107.0
12810,SKT,15-30,106.2
12810,SKT,30-60,103.7
12810,SKT,60-120,114.8
12810,SKT,120+,142.4
12810,TATA,0-5,13.4
12810,TATA,5-15,12.6
12810,TATA,15-30,11.6
12810,TATA,30-60,14.7
12810,TATA,60-120,17.6
12810,TATA,120+,21.9
12810,TMR,0-5,144.4
12810,TMR,5-15,144.7
12810,TMR,15-30,142.5
12810,TMR,30-60,140.8
12810,TMR,60-120,149.8
12810,TMR,120+,174.4
12810,WR,0-5,168.0
12810,WR,5-15,168.2
12810,WR,15-30,166.0
12810,WR,30-60,163.8
12810,WR,60-120,171.9
12810,WR,120+,193.2
12815,ADRA,0-5,63.6
12815,ADRA,5-15,63.6
12815,ADRA,15-30,63.6
12815,ADRA,30-60,62.7
12815,ADRA,60-120,91.6
12815,ADRA,120+,120.9
12815,ALJN,0-5,43.6
12815,ALJN,5-15,43.7
12815,ALJN,15-30,43.7
12815,ALJN,30-60,48.3
12815,ALJN,60-120,82.4
12815,ALJN,120+,129.8
12815,ANVT,0-5,61.2
12815,ANVT,5-15,61.3
12815,ANVT,15-30,61.3
12815,ANVT,30-60,64.4
12815,ANVT,60-120,102.2
12815,ANVT,120+,152.1
12815,BBS,0-5,8.7
12815,BBS,5-15,8.7
12815,BBS,15-30,8.7
12815,BBS,30-60,12.7
12815,BBS,60-120,27.7
12815,BBS,120+,45.1
12815,BHC,0-5,21.5
12815,BHC,5-15,21.6
12815,BHC,15-30,21.6
12815,BHC,30-60,26.4
12815,BHC,60-120,54.3
12815,BHC,120+,85.9
12815,BJE,0-5,44.4
12815,BJE,5-15,44.5
12815,BJE,15-30,44.4
12815,BJE,30-60,48.8
12815,BJE,60-120,82.0
12815,BJE,120+,128.7
12815,BLS,0-5,31.9
12815,BLS,5-15,31.9
12815,BLS,15-30,31.8
12815,BLS,30-60,37.8
12815,BLS,60-120,67.7
12815,BLS,120+,111.7
12815,BQA,0-5,44.3
12815,BQA,5-15,44.3
12815,BQA,15-30,44.3
12815,BQA,30-60,49.2
12815,BQA,60-120,81.3
12815,BQA,120+,127.8
12815,CNB,0-5,41.1
12815,CNB,5-15,41.2
12815,CNB,15-30,41.2
12815,CNB,30-60,45.9
12815,CNB,60-120,78.5
12815,CNB,120+,125.5
12815,CTC,0-5,18.1
12815,CTC,5-15,18.1
12815,CTC,15-30,18.1
12815,CTC,30-60,22.4
12815,CTC,60-120,44.4
12815,CTC,120+,67.6
12815,DDU,0-5,24.7
12815,DDU,5-15,24.7
12815,DDU,15-30,25.0
12815,DDU,30-60,30.7
12815,DDU,60-120,61.6
12815,DDU,120+,95.4
12815,DOS,0-5,26.9
12815,DOS,5-15,27.0
12815,DOS,15-30,26.9
12815,DOS,30-60,32.2
12815,DOS,60-120,63.1
12815,DOS,120+,101.1
12815,FTP,0-5,41.5
12815,FTP,5-15,41.5
12815,FTP,15-30,41.5
12815,FTP,30-60,46.3
12815,FTP,60-120,79.7
12815,FTP,120+,126.5
12815,GAYA,0-5,20.1
12815,GAYA,5-15,20.1
12815,GAYA,15-30,20.2
12815,GAYA,30-60,25.2
12815,GAYA,60-120,53.4
12815,GAYA,120+,83.7
12815,GMO,0-5,26.8
12815,GMO,5-15,26.9
12815,GMO,15-30,26.8
12815,GMO,30-60,31.9
12815,GMO,60-120,61.1
12815,GMO,120+,96.4
12815,HIJ,0-5,51.0
12815,HIJ,5-15,51.0
12815,HIJ,15-30,50.9
12815,HIJ,30-60,55.6
12815,HIJ,60-120,88.9
12815,HIJ,120+,135.4
12815,JER,0-5,36.5
12815,JER,5-15,36.5
12815,JER,15-30,36.5
12815,JER,30-60,42.0
12815,JER,60-120,73.1
12815,JER,120+,117.6
12815,JJKR,0-5,31.3
12815,JJKR,5-15,31.3
12815,JJKR,15-30,31.2
12815,JJKR,30-60,36.6
12815,JJKR,60-120,65.5
12815,JJKR,120+,107.5
12815,KQR,0-5,40.5
12815,KQR,5-15,40.5
12815,KQR,15-30,40.6
12815,KQR,30-60,45.3
12815,KQR,60-120,78.2
12815,KQR,120+,125.0
12815,KUR,0-5,8.2
12815,KUR,5-15,8.3
12815,KUR,15-30,8.2
12815,KUR,30-60,11.8
12815,KUR,60-120,25.5
12815,KUR,120+,41.5
12815,MDN,0-5,46.7
12815,MDN,5-15,46.7
12815,MDN,15-30,46.6
12815,MDN,30-60,50.9
12815,MDN,60-120,82.7
12815,MDN,120+,127.4
12815,MZP,0-5,28.2
12815,MZP,5-15,28.3
12815,MZP,15-30,28.7
12815,MZP,30-60,34.4
12815,MZP,60-120,66.1
12815,MZP,120+,107.6
12815,PNME,0-5,31.2
12815,PNME,5-15,31.2
12815,PNME,15-30,31.2
12815,PNME,30-60,37.2
12815,PNME,60-120,69.5
12815,PNME,120+,114.8
12815,PRYJ,0-5,30.4
12815,PRYJ,5-15,30.4
12815,PRYJ,15-30,30.4
12815,PRYJ,30-60,35.6
12815,PRYJ,60-120,67.3
12815,PRYJ,120+,112.0
12815,PURI,0-5,0.0
12815,PURI,5-15,0.0
12815,PURI,15-30,0.0
12815,PURI,30-60,0.8
12815,PURI,60-120,13.4
12815,PURI,120+,24.3
12815,SSM,0-5,26.1
12815,SSM,5-15,26.1
12815,SSM,15-30,26.1
12815,SSM,30-60,30.6
12815,SSM,60-120,60.7
12815,SSM,120+,96.6
12815,TDL,0-5,34.6
12815,TDL,5-15,34.6
12815,TDL,15-30,34.7
12815,TDL,30-60,39.8
12815,TDL,60-120,72.9
12815,TDL,120+,118.5
12815,VAA,0-5,43.7
12815,VAA,5-15,43.7
12815,VAA,15-30,43.7
12815,VAA,30-60,47.5
12815,VAA,60-120,78.8
12815,VAA,120+,124.1
12815,VSU,0-5,43.7
12815,VSU,5-15,43.7
12815,VSU,15-30,43.7
12815,VSU,30-60,47.5
12815,VSU,60-120,78.8
12815,VSU,120+,124.1
12816,ADRA,0-5,39.0
12816,ADRA,5-15,39.1
12816,ADRA,15-30,38.4
12816,ADRA,30-60,38.5
12816,ADRA,60-120,63.6
12816,ADRA,120+,95.0
12816,ALJN,0-5,13.3
12816,ALJN,5-15,13.4
12816,ALJN,15-30,13.0
12816,ALJN,30-60,16.6
12816,ALJN,60-120,39.9
12816,ALJN,120+,63.5
12816,ANVT,0-5,5.4
12816,ANVT,5-15,5.4
12816,ANVT,15-30,5.4
12816,ANVT,30-60,8.6
12816,ANVT,60-120,20.7
12816,ANVT,120+,33.9
12816,BBS,0-5,53.1
12816,BBS,5-15,53.1
12816,BBS,15-30,52.6
12816,BBS,30-60,58.1
12816,BBS,60-120,99.1
12816,BBS,120+,153.1
12816,BHC,0-5,20.4
12816,BHC,5-15,20.4
12816,BHC,15-30,19.7
12816,BHC,30-60,24.0
12816,BHC,60-120,53.3
12816,BHC,120+,91.5
12816,BJE,0-5,26.2
12816,BJE,5-15,26.2
12816,BJE,15-30,25.4
12816,BJE,30-60,30.0
12816,BJE,60-120,59.9
12816,BJE,120+,110.5
12816,BLS,0-5,22.2
12816,BLS,5-15,22.2
12816,BLS,15-30,21.4
12816,BLS,30-60,25.8
12816,BLS,60-120,52.4
12816,BLS,120+,98.9
12816,BQA,0-5,22.0
12816,BQA,5-15,22.0
12816,BQA,15-30,21.3
12816,BQA,30-60,26.3
12816,BQA,60-120,52.8
12816,BQA,120+,99.0
12816,CNB,0-5,20.3
12816,CNB,5-15,20.3
12816,CNB,15-30,19.6
12816,CNB,30-60,24.2
12816,CNB,60-120,50.0
12816,CNB,120+,92.3
12816,CTC,0-5,41.2
12816,CTC,5-15,41.2
12816,CTC,15-30,40.5
12816,CTC,30-60,45.6
12816,CTC,60-120,81.6
12816,CTC,120+,131.6
12816,DDU,0-5,22.3
12816,DDU,5-15,22.3
12816,DDU,15-30,21.7
12816,DDU,30-60,26.7
12816,DDU,60-120,55.7
12816,DDU,120+,102.4
12816,DOS,0-5,30.0
12816,DOS,5-15,30.1
12816,DOS,15-30,29.3
12816,DOS,30-60,34.9
12816,DOS,60-120,67.5
12816,DOS,120+,116.9
12816,FTP,0-5,19.2
12816,FTP,5-15,19.2
12816,FTP,15-30,19.5
12816,FTP,30-60,25.2
12816,FTP,60-120,53.8
12816,FTP,120+,87.9
12816,GAYA,0-5,23.9
12816,GAYA,5-15,24.0
12816,GAYA,15-30,23.3
12816,GAYA,30-60,28.4
12816,GAYA,60-120,58.2
12816,GAYA,120+,106.5
12816,GMO,0-5,18.8
12816,GMO,5-15,18.8
12816,GMO,15-30,18.0
12816,GMO,30-60,22.9
12816,GMO,60-120,48.3
12816,GMO,120+,92.6
12816,HIJ,0-5,17.4
12816,HIJ,5-15,17.5
12816,HIJ,15-30,16.7
12816,HIJ,30-60,20.9
12816,HIJ,60-120,44.8
12816,HIJ,120+,78.0
12816,JER,0-5,17.1
12816,JER,5-15,17.1
12816,JER,15-30,16.3
12816,JER,30-60,20.9
12816,JER,60-120,46.1
12816,JER,120+,80.6
12816,JJKR,0-5,29.3
12816,JJKR,5-15,29.3
12816,JJKR,15-30,28.6
12816,JJKR,30-60,33.9
12816,JJKR,60-120,63.1
12816,JJKR,120+,112.2
12816,KQR,0-5,28.0
12816,KQR,5-15,28.0
12816,KQR,15-30,27.3
12816,KQR,30-60,32.8
12816,KQR,60-120,62.1
12816,KQR,120+,110.7
12816,KUR,0-5,59.2
12816,KUR,5-15,59.4
12816,KUR,15-30,58.8
12816,KUR,30-60,65.0
12816,KUR,60-120,103.0
12816,KUR,120+,151.8
12816,MDN,0-5,17.3
12816,MDN,5-15,17.3
12816,MDN,15-30,16.5
12816,MDN,30-60,21.0
12816,MDN,60-120,45.3
12816,MDN,120+,80.0
12816,MZP,0-5,18.5
12816,MZP,5-15,18.5
12816,MZP,15-30,19.1
12816,MZP,30-60,25.2
12816,MZP,60-120,58.8
12816,MZP,120+,106.1
12816,PNME,0-5,21.5
12816,PNME,5-15,21.5
12816,PNME,15-30,20.8
12816,PNME,30-60,25.8
12816,PNME,60-120,54.2
12816,PNME,120+,101.1
12816,PRYJ,0-5,7.6
12816,PRYJ,5-15,7.7
12816,PRYJ,15-30,8.0
12816,PRYJ,30-60,12.4
12816,PRYJ,60-120,36.5
12816,PRYJ,120+,65.3
12816,PURI,0-5,42.6
12816,PURI,5-15,42.6
12816,PURI,15-30,41.8
12816,PURI,30-60,50.1
12816,PURI,60-120,89.8
12816,PURI,120+,144.9
12816,SSM,0-5,27.5
12816,SSM,5-15,27.5
12816,SSM,15-30,26.6
12816,SSM,30-60,31.3
12816,SSM,60-120,60.6
12816,SSM,120+,110.6
12816,TDL,0-5,5.6
12816,TDL,5-15,5.6
12816,TDL,15-30,5.0
12816,TDL,30-60,8.2
12816,TDL,60-120,22.5
12816,TDL,120+,43.1
12816,VAA,0-5,20.0
12816,VAA,5-15,20.0
12816,VAA,15-30,19.0
12816,VAA,30-60,23.1
12816,VAA,60-120,47.1
12816,VAA,120+,94.2
12816,VSU,0-5,6.4
12816,VSU,5-15,6.5
12816,VSU,15-30,6.5
12816,VSU,30-60,10.6
12816,VSU,60-120,29.4
12816,VSU,120+,56.5
12839,AKP,0-5,122.8
12839,AKP,5-15,121.1
12839,AKP,15-30,120.4
12839,AKP,30-60,110.2
12839,AKP,60-120,110.9
12839,AKP,120+,124.1
12839,ANV,0-5,109.2
12839,ANV,5-15,107.5
12839,ANV,15-30,106.8
12839,ANV,30-60,106.1
12839,ANV,60-120,111.9
12839,ANV,120+,133.2
12839,BALU,0-5,107.6
12839,BALU,5-15,105.9
12839,BALU,15-30,105.4
12839,BALU,30-60,104.8
12839,BALU,60-120,113.0
12839,BALU,120+,141.3
12839,BAM,0-5,125.1
12839,BAM,5-15,123.4
12839,BAM,15-30,121.7
12839,BAM,30-60,117.9
12839,BAM,60-120,124.1
12839,BAM,120+,150.6
12839,BBS,0-5,85.0
12839,BBS,5-15,83.3
12839,BBS,15-30,82.8
12839,BBS,30-60,83.2
12839,BBS,60-120,94.5
12839,BBS,120+,119.5
12839,BHC,0-5,40.6
12839,BHC,5-15,41.0
12839,BHC,15-30,40.2
12839,BHC,30-60,42.9
12839,BHC,60-120,59.5
12839,BHC,120+,86.7
12839,BLS,0-5,41.4
12839,BLS,5-15,41.7
12839,BLS,15-30,41.0
12839,BLS,30-60,42.2
12839,BLS,60-120,58.0
12839,BLS,120+,84.3
12839,BPP,0-5,107.8
12839,BPP,5-15,106.1
12839,BPP,15-30,105.5
12839,BPP,30-60,104.2
12839,BPP,60-120,114.8
12839,BPP,120+,144.1
12839,BZA,0-5,92.6
12839,BZA,5-15,90.9
12839,BZA,15-30,90.4
12839,BZA,30-60,88.2
12839,BZA,60-120,100.7
12839,BZA,120+,129.3
12839,CAP,0-5,103.6
12839,CAP,5-15,101.8
12839,CAP,15-30,101.3
12839,CAP,30-60,104.6
12839,CAP,60-120,116.2
12839,CAP,120+,142.5
12839,CHE,0-5,81.7
12839,CHE,5-15,80.0
12839,CHE,15-30,79.5
12839,CHE,30-60,76.3
12839,CHE,60-120,87.5
12839,CHE,120+,114.9
12839,CLX,0-5,107.3
12839,CLX,5-15,105.6
12839,CLX,15-30,104.9
12839,CLX,30-60,102.7
12839,CLX,60-120,113.0
12839,CLX,120+,141.1
12839,CPP,0-5,92.3
12839,CPP,5-15,90.6
12839,CPP,15-30,89.8
12839,CPP,30-60,85.5
12839,CPP,60-120,92.9
12839,CPP,120+,113.2
12839,CTC,0-5,76.0
12839,CTC,5-15,74.3
12839,CTC,15-30,73.5
12839,CTC,30-60,69.3
12839,CTC,60-120,77.8
12839,CTC,120+,100.6
12839,EE,0-5,110.9
12839,EE,5-15,109.2
12839,EE,15-30,108.4
12839,EE,30-60,104.1
12839,EE,60-120,111.2
12839,EE,120+,132.4
12839,GDR,0-5,73.4
12839,GDR,5-15,71.7
12839,GDR,15-30,71.0
12839,GDR,30-60,68.8
12839,GDR,60-120,80.7
12839,GDR,120+,107.9
12839,HWH,0-5,18.5
12839,HWH,5-15,18.3
12839,HWH,15-30,17.4
12839,HWH,30-60,17.3
12839,HWH,60-120,18.7
12839,HWH,120+,22.7
12839,IPM,0-5,136.4
12839,IPM,5-15,134.6
12839,IPM,15-30,133.5
12839,IPM,30-60,129.7
12839,IPM,60-120,136.2
12839,IPM,120+,158.6
12839,JJKR,0-5,56.9
12839,JJKR,5-15,57.2
12839,JJKR,15-30,56.2
12839,JJKR,30-60,53.9
12839,JJKR,60-120,63.8
12839,JJKR,120+,91.7
12839,KGP,0-5,34.6
12839,KGP,5-15,34.9
12839,KGP,15-30,33.9
12839,KGP,30-60,33.0
12839,KGP,60-120,41.5
12839,KGP,120+,57.1
12839,KUR,0-5,85.5
12839,KUR,5-15,83.8
12839,KUR,15-30,83.0
12839,KUR,30-60,78.7
12839,KUR,60-120,85.0
12839,KUR,120+,107.2
12839,MAS,0-5,66.2
12839,MAS,5-15,64.5
12839,MAS,15-30,64.3
12839,MAS,30-60,62.6
12839,MAS,60-120,78.7
12839,MAS,120+,106.9
12839,NDD,0-5,104.6
12839,NDD,5-15,102.8
12839,NDD,15-30,102.1
12839,NDD,30-60,97.8
12839,NDD,60-120,107.7
12839,NDD,120+,129.6
12839,NLR,0-5,85.5
12839,NLR,5-15,83.8
12839,NLR,15-30,83.1
12839,NLR,30-60,80.8
12839,NLR,60-120,94.4
12839,NLR,120+,120.3
12839,NWP,0-5,83.0
12839,NWP,5-15,81.3
12839,NWP,15-30,80.5
12839,NWP,30-60,76.2
12839,NWP,60-120,85.8
12839,NWP,120+,105.5
12839,OGL,0-5,109.2
12839,OGL,5-15,107.5
12839,OGL,15-30,106.8
12839,OGL,30-60,104.5
12839,OGL,60-120,117.5
12839,OGL,120+,145.5
12839,PSA,0-5,95.5
12839,PSA,5-15,93.7
12839,PSA,15-30,93.0
12839,PSA,30-60,89.8
12839,PSA,60-120,102.1
12839,PSA,120+,127.7
12839,RJY,0-5,110.5
12839,RJY,5-15,108.8
12839,RJY,15-30,108.0
12839,RJY,30-60,103.7
12839,RJY,60-120,113.1
12839,RJY,120+,135.1
12839,SLO,0-5,110.5
12839,SLO,5-15,108.7
12839,SLO,15-30,108.0
12839,SLO,30-60,103.7
12839,SLO,60-120,113.0
12839,SLO,120+,135.6
12839,SPT,0-5,100.9
12839,SPT,5-15,99.2
12839,SPT,15-30,98.4
12839,SPT,30-60,101.7
12839,SPT,60-120,112.9
12839,SPT,120+,138.7
12839,TDD,0-5,94.9
12839,TDD,5-15,93.2
12839,TDD,15-30,92.4
12839,TDD,30-60,88.1
12839,TDD,60-120,98.3
12839,TDD,120+,119.8
12839,TEL,0-5,109.3
12839,TEL,5-15,107.6
12839,TEL,15-30,106.9
12839,TEL,30-60,104.6
12839,TEL,60-120,117.5
12839,TEL,120+,145.4
12839,TUNI,0-5,103.7
12839,TUNI,5-15,102.0
12839,TUNI,15-30,101.2
12839,TUNI,30-60,96.9
12839,TUNI,60-120,106.9
12839,TUNI,120+,128.8
12839,VSKP,0-5,110.6
12839,VSKP,5-15,108.9
12839,VSKP,15-30,108.1
12839,VSKP,30-60,103.8
12839,VSKP,60-120,113.2
12839,VSKP,120+,136.1
12839,VZM,0-5,84.5
12839,VZM,5-15,82.8
12839,VZM,15-30,82.0
12839,VZM,30-60,78.9
12839,VZM,60-120,91.9
12839,VZM,120+,117.6
12840,AKP,0-5,125.1
12840,AKP,5-15,124.9
12840,AKP,15-30,124.3
12840,AKP,30-60,111.6
12840,AKP,60-120,112.6
12840,AKP,120+,119.5
12840,ANV,0-5,61.7
12840,ANV,5-15,61.5
12840,ANV,15-30,61.0
12840,ANV,30-60,66.7
12840,ANV,60-120,80.8
12840,ANV,120+,101.8
12840,BALU,0-5,96.4
12840,BALU,5-15,96.2
12840,BALU,15-30,95.8
12840,BALU,30-60,102.0
12840,BALU,60-120,116.4
12840,BALU,120+,143.4
12840,BAM,0-5,85.8
12840,BAM,5-15,85.6
12840,BAM,15-30,85.2
12840,BAM,30-60,92.4
12840,BAM,60-120,109.0
12840,BAM,120+,134.2
12840,BBS,0-5,111.8
12840,BBS,5-15,111.6
12840,BBS,15-30,110.1
12840,BBS,30-60,112.8
12840,BBS,60-120,128.3
12840,BBS,120+,154.0
12840,BHC,0-5,114.6
12840,BHC,5-15,114.4
12840,BHC,15-30,114.9
12840,BHC,30-60,117.5
12840,BHC,60-120,132.2
12840,BHC,120+,159.2
12840,BLS,0-5,115.7
12840,BLS,5-15,115.5
12840,BLS,15-30,116.0
12840,BLS,30-60,121.9
12840,BLS,60-120,141.3
12840,BLS,120+,168.0
12840,BPP,0-5,66.8
12840,BPP,5-15,66.7
12840,BPP,15-30,66.2
12840,BPP,30-60,71.1
12840,BPP,60-120,89.1
12840,BPP,120+,115.4
12840,BZA,0-5,62.6
12840,BZA,5-15,62.5
12840,BZA,15-30,62.0
12840,BZA,30-60,63.3
12840,BZA,60-120,79.9
12840,BZA,120+,103.2
12840,CAP,0-5,90.5
12840,CAP,5-15,90.3
12840,CAP,15-30,89.9
12840,CAP,30-60,93.8
12840,CAP,60-120,114.2
12840,CAP,120+,139.4
12840,CHE,0-5,97.5
12840,CHE,5-15,97.3
12840,CHE,15-30,96.7
12840,CHE,30-60,100.1
12840,CHE,60-120,115.9
12840,CHE,120+,140.5
12840,CLX,0-5,70.3
12840,CLX,5-15,70.2
12840,CLX,15-30,69.6
12840,CLX,30-60,71.5
12840,CLX,60-120,84.5
12840,CLX,120+,111.1
12840,CPP,0-5,93.7
12840,CPP,5-15,93.5
12840,CPP,15-30,92.9
12840,CPP,30-60,95.1
12840,CPP,60-120,110.6
12840,CPP,120+,132.4
12840,CTC,0-5,136.7
12840,CTC,5-15,136.6
12840,CTC,15-30,135.5
12840,CTC,30-60,137.0
12840,CTC,60-120,153.6
12840,CTC,120+,175.1
12840,EE,0-5,81.0
12840,EE,5-15,80.9
12840,EE,15-30,80.2
12840,EE,30-60,82.5
12840,EE,60-120,96.4
12840,EE,120+,117.8
12840,GDR,0-5,62.0
12840,GDR,5-15,61.8
12840,GDR,15-30,61.2
12840,GDR,30-60,62.8
12840,GDR,60-120,75.1
12840,GDR,120+,101.2
12840,HWH,0-5,159.8
12840,HWH,5-15,159.6
12840,HWH,15-30,158.6
12840,HWH,30-60,160.0
12840,HWH,60-120,172.2
12840,HWH,120+,191.1
12840,IPM,0-5,71.6
12840,IPM,5-15,71.4
12840,IPM,15-30,70.8
12840,IPM,30-60,73.0
12840,IPM,60-120,86.1
12840,IPM,120+,109.6
12840,JJKR,0-5,153.0
12840,JJKR,5-15,152.9
12840,JJKR,15-30,151.9
12840,JJKR,30-60,153.2
12840,JJKR,60-120,165.4
12840,JJKR,120+,182.6
12840,KGP,0-5,168.6
12840,KGP,5-15,168.4
12840,KGP,15-30,167.4
12840,KGP,30-60,169.0
12840,KGP,60-120,180.3
12840,KGP,120+,199.4
12840,KUR,0-5,126.4
12840,KUR,5-15,126.3
12840,KUR,15-30,125.2
12840,KUR,30-60,126.7
12840,KUR,60-120,141.6
12840,KUR,120+,165.0
12840,MAS,0-5,47.8
12840,MAS,5-15,47.6
12840,MAS,15-30,47.2
12840,MAS,30-60,47.5
12840,MAS,60-120,70.2
12840,MAS,120+,95.3
12840,NDD,0-5,61.3
12840,NDD,5-15,61.2
12840,NDD,15-30,60.5
12840,NDD,30-60,62.4
12840,NDD,60-120,79.5
12840,NDD,120+,99.5
12840,NLR,0-5,73.3
12840,NLR,5-15,73.2
12840,NLR,15-30,72.5
12840,NLR,30-60,74.4
12840,NLR,60-120,90.6
12840,NLR,120+,115.4
12840,NWP,0-5,93.5
12840,NWP,5-15,93.3
12840,NWP,15-30,92.6
12840,NWP,30-60,94.9
12840,NWP,60-120,112.3
12840,NWP,120+,133.5
12840,OGL,0-5,62.8
12840,OGL,5-15,62.6
12840,OGL,15-30,62.1
12840,OGL,30-60,63.6
12840,OGL,60-120,81.4
12840,OGL,120+,107.5
12840,PSA,0-5,62.2
12840,PSA,5-15,62.0
12840,PSA,15-30,61.4
12840,PSA,30-60,64.4
12840,PSA,60-120,84.5
12840,PSA,120+,108.2
12840,RJY,0-5,61.9
12840,RJY,5-15,61.8
12840,RJY,15-30,61.1
12840,RJY,30-60,63.0
12840,RJY,60-120,81.9
12840,RJY,120+,103.3
12840,SLO,0-5,70.9
12840,SLO,5-15,70.7
12840,SLO,15-30,70.0
12840,SLO,30-60,72.3
12840,SLO,60-120,90.7
12840,SLO,120+,114.1
12840,SPT,0-5,57.1
12840,SPT,5-15,56.9
12840,SPT,15-30,56.3
12840,SPT,30-60,58.2
12840,SPT,60-120,76.4
12840,SPT,120+,98.2
12840,SRC,0-5,176.1
12840,SRC,5-15,176.0
12840,SRC,15-30,173.0
12840,SRC,30-60,187.4
12840,SRC,60-120,207.7
12840,SRC,120+,237.3
12840,TDD,0-5,70.4
12840,TDD,5-15,70.2
12840,TDD,15-30,70.0
12840,TDD,30-60,72.2
12840,TDD,60-120,90.6
12840,TDD,120+,112.3
12840,TEL,0-5,63.2
12840,TEL,5-15,63.0
12840,TEL,15-30,62.8
12840,TEL,30-60,64.4
12840,TEL,60-120,81.8
12840,TEL,120+,106.7
12840,TUNI,0-5,62.7
12840,TUNI,5-15,62.5
12840,TUNI,15-30,62.2
12840,TUNI,30-60,64.1
12840,TUNI,60-120,79.2
12840,TUNI,120+,99.2
12840,VSKP,0-5,65.1
12840,VSKP,5-15,64.9
12840,VSKP,15-30,64.6
12840,VSKP,30-60,66.5
12840,VSKP,60-120,83.4
12840,VSKP,120+,106.8
12840,VZM,0-5,99.0
12840,VZM,5-15,98.9
12840,VZM,15-30,98.6
12840,VZM,30-60,100.8
12840,VZM,60-120,117.1
12840,VZM,120+,138.9
12841,BAM,0-5,82.8
12841,BAM,5-15,82.8
12841,BAM,15-30,83.0
12841,BAM,30-60,82.0
12841,BAM,60-120,111.5
12841,BAM,120+,140.4
12841,BBS,0-5,45.4
12841,BBS,5-15,45.4
12841,BBS,15-30,45.6
12841,BBS,30-60,50.9
12841,BBS,60-120,80.6
12841,BBS,120+,122.3
12841,BHC,0-5,26.9
12841,BHC,5-15,27.0
12841,BHC,15-30,27.0
12841,BHC,30-60,31.2
12841,BHC,60-120,57.9
12841,BHC,120+,89.0
12841,BLS,0-5,35.2
12841,BLS,5-15,35.3
12841,BLS,15-30,35.5
12841,BLS,30-60,40.4
12841,BLS,60-120,68.1
12841,BLS,120+,111.2
12841,BZA,0-5,53.3
12841,BZA,5-15,53.3
12841,BZA,15-30,53.6
12841,BZA,30-60,59.3
12841,BZA,60-120,92.6
12841,BZA,120+,139.0
12841,CTC,0-5,41.8
12841,CTC,5-15,41.9
12841,CTC,15-30,42.3
12841,CTC,30-60,47.2
12841,CTC,60-120,76.6
12841,CTC,120+,118.5
12841,EE,0-5,67.7
12841,EE,5-15,67.8
12841,EE,15-30,68.1
12841,EE,30-60,71.7
12841,EE,60-120,104.3
12841,EE,120+,144.8
12841,HWH,0-5,7.1
12841,HWH,5-15,7.1
12841,HWH,15-30,7.1
12841,HWH,30-60,10.0
12841,HWH,60-120,19.8
12841,HWH,120+,32.5
12841,JJKR,0-5,25.9
12841,JJKR,5-15,25.9
12841,JJKR,15-30,26.1
12841,JJKR,30-60,30.2
12841,JJKR,60-120,54.8
12841,JJKR,120+,83.6
12841,KGP,0-5,22.6
12841,KGP,5-15,22.6
12841,KGP,15-30,22.8
12841,KGP,30-60,26.6
12841,KGP,60-120,46.7
12841,KGP,120+,68.9
12841,KUR,0-5,60.2
12841,KUR,5-15,60.2
12841,KUR,15-30,60.5
12841,KUR,30-60,64.8
12841,KUR,60-120,97.2
12841,KUR,120+,139.7
12841,MAS,0-5,33.5
12841,MAS,5-15,33.5
12841,MAS,15-30,33.7
12841,MAS,30-60,38.8
12841,MAS,60-120,67.5
12841,MAS,120+,110.7
12841,RJY,0-5,70.5
12841,RJY,5-15,70.5
12841,RJY,15-30,70.8
12841,RJY,30-60,74.8
12841,RJY,60-120,107.6
12841,RJY,120+,147.9
12841,SHM,0-5,4.0
12841,SHM,5-15,4.0
12841,SHM,15-30,3.0
12841,SHM,30-60,5.4
12841,SHM,60-120,18.1
12841,SHM,120+,26.8
12841,SRC,0-5,10.1
12841,SRC,5-15,10.2
12841,SRC,15-30,10.2
12841,SRC,30-60,13.2
12841,SRC,60-120,21.4
12841,SRC,120+,37.7
12841,TDD,0-5,67.0
12841,TDD,5-15,67.0
12841,TDD,15-30,67.3
12841,TDD,30-60,71.3
12841,TDD,60-120,103.3
12841,TDD,120+,142.6
12841,VSKP,0-5,49.2
12841,VSKP,5-15,49.2
12841,VSKP,15-30,49.6
12841,VSKP,30-60,54.9
12841,VSKP,60-120,84.1
12841,VSKP,120+,125.5
12842,BAM,0-5,43.3
12842,BAM,5-15,43.0
12842,BAM,15-30,42.9
12842,BAM,30-60,43.5
12842,BAM,60-120,67.9
12842,BAM,120+,91.4
12842,BBS,0-5,49.6
12842,BBS,5-15,49.3
12842,BBS,15-30,48.8
12842,BBS,30-60,55.0
12842,BBS,60-120,87.0
12842,BBS,120+,129.6
12842,BHC,0-5,25.0
12842,BHC,5-15,24.7
12842,BHC,15-30,24.7
12842,BHC,30-60,29.8
12842,BHC,60-120,58.1
12842,BHC,120+,95.1
12842,BLS,0-5,38.1
12842,BLS,5-15,37.8
12842,BLS,15-30,37.6
12842,BLS,30-60,43.4
12842,BLS,60-120,74.8
12842,BLS,120+,120.8
12842,BZA,0-5,37.5
12842,BZA,5-15,37.2
12842,BZA,15-30,37.0
12842,BZA,30-60,42.7
12842,BZA,60-120,74.0
12842,BZA,120+,119.4
12842,CTC,0-5,50.5
12842,CTC,5-15,50.2
12842,CTC,15-30,49.9
12842,CTC,30-60,54.8
12842,CTC,60-120,86.7
12842,CTC,120+,129.2
12842,EE,0-5,47.2
12842,EE,5-15,47.0
12842,EE,15-30,46.7
12842,EE,30-60,52.8
12842,EE,60-120,83.4
12842,EE,120+,125.3
12842,HWH,0-5,45.7
12842,HWH,5-15,45.5
12842,HWH,15-30,45.2
12842,HWH,30-60,52.2
12842,HWH,60-120,78.9
12842,HWH,120+,120.4
12842,JJKR,0-5,68.2
12842,JJKR,5-15,67.9
12842,JJKR,15-30,67.6
12842,JJKR,30-60,72.1
12842,JJKR,60-120,103.5
12842,JJKR,120+,146.0
12842,KGP,0-5,60.2
12842,KGP,5-15,59.9
12842,KGP,15-30,59.6
12842,KGP,30-60,63.9
12842,KGP,60-120,95.4
12842,KGP,120+,137.1
12842,KUR,0-5,46.0
12842,KUR,5-15,45.7
12842,KUR,15-30,45.4
12842,KUR,30-60,51.5
12842,KUR,60-120,83.0
12842,KUR,120+,124.6
12842,MAS,0-5,11.8
12842,MAS,5-15,11.6
12842,MAS,15-30,11.4
12842,MAS,30-60,17.5
12842,MAS,60-120,40.1
12842,MAS,120+,66.1
12842,OGL,0-5,25.6
12842,OGL,5-15,25.3
12842,OGL,15-30,25.4
12842,OGL,30-60,31.1
12842,OGL,60-120,58.6
12842,OGL,120+,99.3
12842,RJY,0-5,52.1
12842,RJY,5-15,51.8
12842,RJY,15-30,51.5
12842,RJY,30-60,56.0
12842,RJY,60-120,88.9
12842,RJY,120+,130.6
12842,SHM,0-5,61.3
12842,SHM,5-15,61.3
12842,SHM,15-30,61.5
12842,SHM,30-60,66.4
12842,SHM,60-120,99.5
12842,SHM,120+,143.9
12842,SRC,0-5,51.6
12842,SRC,5-15,51.3
12842,SRC,15-30,51.0
12842,SRC,30-60,55.6
12842,SRC,60-120,86.5
12842,SRC,120+,127.1
12842,TDD,0-5,44.2
12842,TDD,5-15,43.9
12842,TDD,15-30,43.7
12842,TDD,30-60,49.8
12842,TDD,60-120,80.4
12842,TDD,120+,120.6
12842,VSKP,0-5,23.0
12842,VSKP,5-15,22.7
12842,VSKP,15-30,22.8
12842,VSKP,30-60,28.1
12842,VSKP,60-120,53.8
12842,VSKP,120+,88.2
12853,AAL,0-5,56.0
12853,AAL,5-15,56.1
12853,AAL,15-30,56.5
12853,AAL,30-60,58.2
12853,AAL,60-120,85.7
12853,AAL,120+,127.6
12853,APR,0-5,45.0
12853,APR,5-15,45.0
12853,APR,15-30,45.3
12853,APR,30-60,50.9
12853,APR,60-120,81.9
12853,APR,120+,131.9
12853,BKH,0-5,43.6
12853,BKH,5-15,43.6
12853,BKH,15-30,44.2
12853,BKH,30-60,50.4
12853,BKH,60-120,81.4
12853,BKH,120+,130.9
12853,BPHB,0-5,3.3
12853,BPHB,5-15,3.3
12853,BPHB,15-30,3.2
12853,BPHB,30-60,5.2
12853,BPHB,60-120,12.3
12853,BPHB,120+,29.1
12853,BPL,0-5,40.5
12853,BPL,5-15,40.5
12853,BPL,15-30,41.4
12853,BPL,30-60,47.5
12853,BPL,60-120,79.1
12853,BPL,120+,127.4
12853,BRS,0-5,40.1
12853,BRS,5-15,40.1
12853,BRS,15-30,41.0
12853,BRS,30-60,47.1
12853,BRS,60-120,78.4
12853,BRS,120+,125.6
12853,BUH,0-5,45.4
12853,BUH,5-15,45.5
12853,BUH,15-30,46.1
12853,BUH,30-60,52.0
12853,BUH,60-120,83.4
12853,BUH,120+,133.8
12853,BYT,0-5,23.5
12853,BYT,5-15,23.6
12853,BYT,15-30,24.0
12853,BYT,30-60,29.5
12853,BYT,60-120,50.3
12853,BYT,120+,91.0
12853,CHBT,0-5,25.4
12853,CHBT,5-15,25.4
12853,CHBT,15-30,26.0
12853,CHBT,30-60,31.3
12853,CHBT,60-120,53.3
12853,CHBT,120+,93.9
12853,DURG,0-5,3.8
12853,DURG,5-15,3.8
12853,DURG,15-30,3.7
12853,DURG,30-60,5.4
12853,DURG,60-120,12.8
12853,DURG,120+,30.5
12853,ET,0-5,46.8
12853,ET,5-15,46.8
12853,ET,15-30,47.7
12853,ET,30-60,53.7
12853,ET,60-120,84.7
12853,ET,120+,136.4
12853,GAR,0-5,41.7
12853,GAR,5-15,41.8
12853,GAR,15-30,42.5
12853,GAR,30-60,48.4
12853,GAR,60-120,78.1
12853,GAR,120+,124.7
12853,JBP,0-5,39.2
12853,JBP,5-15,39.2
12853,JBP,15-30,40.1
12853,JBP,30-60,45.6
12853,JBP,60-120,75.0
12853,JBP,120+,120.5
12853,KTE,0-5,38.4
12853,KTE,5-15,38.4
12853,KTE,15-30,39.0
12853,KTE,30-60,44.3
12853,KTE,60-120,72.9
12853,KTE,120+,117.3
12853,KY,0-5,39.6
12853,KY,5-15,39.6
12853,KY,15-30,40.5
12853,KY,30-60,46.2
12853,KY,60-120,75.9
12853,KY,120+,121.2
12853,MML,0-5,34.1
12853,MML,5-15,34.1
12853,MML,15-30,34.7
12853,MML,30-60,40.0
12853,MML,60-120,67.1
12853,MML,120+,109.6
12853,NDPM,0-5,38.0
12853,NDPM,5-15,38.0
12853,NDPM,15-30,38.9
12853,NDPM,30-60,44.1
12853,NDPM,60-120,73.6
12853,NDPM,120+,118.5
12853,NU,0-5,46.3
12853,NU,5-15,46.3
12853,NU,15-30,47.0
12853,NU,30-60,52.8
12853,NU,60-120,82.9
12853,NU,120+,133.1
12853,ODG,0-5,42.8
12853,ODG,5-15,42.9
12853,ODG,15-30,43.5
12853,ODG,30-60,49.2
12853,ODG,60-120,78.6
12853,ODG,120+,126.1
12853,PND,0-5,20.1
12853,PND,5-15,20.2
12853,PND,15-30,20.6
12853,PND,30-60,25.7
12853,PND,60-120,42.6
12853,PND,120+,80.4
12853,PPI,0-5,45.6
12853,PPI,5-15,45.7
12853,PPI,15-30,46.3
12853,PPI,30-60,52.2
12853,PPI,60-120,82.2
12853,PPI,120+,132.1
12853,R,0-5,38.3
12853,R,5-15,38.4
12853,R,15-30,38.7
12853,R,30-60,43.5
12853,R,60-120,69.3
12853,R,120+,105.6
12853,RKMP,0-5,43.6
12853,RKMP,5-15,43.7
12853,RKMP,15-30,44.5
12853,RKMP,30-60,50.2
12853,RKMP,60-120,81.3
12853,RKMP,120+,130.5
12853,SDL,0-5,45.7
12853,SDL,5-15,45.7
12853,SDL,15-30,46.4
12853,SDL,30-60,52.3
12853,SDL,60-120,82.4
12853,SDL,120+,132.3
12853,SGP,0-5,47.8
12853,SGP,5-15,47.8
12853,SGP,15-30,48.5
12853,SGP,30-60,54.3
12853,SGP,60-120,85.2
12853,SGP,120+,136.3
12853,SHR,0-5,27.5
12853,SHR,5-15,27.6
12853,SHR,15-30,28.1
12853,SHR,30-60,33.4
12853,SHR,60-120,56.0
12853,SHR,120+,95.0
12853,SRID,0-5,34.8
12853,SRID,5-15,34.8
12853,SRID,15-30,35.4
12853,SRID,30-60,40.6
12853,SRID,60-120,68.1
12853,SRID,120+,111.1
12853,TLD,0-5,9.9
12853,TLD,5-15,10.0
12853,TLD,15-30,10.3
12853,TLD,30-60,13.3
12853,TLD,60-120,24.8
12853,TLD,120+,48.6
12853,UMR,0-5,38.8
12853,UMR,5-15,38.8
12853,UMR,15-30,39.7
12853,UMR,30-60,45.2
12853,UMR,60-120,75.3
12853,UMR,120+,120.9
12853,USL,0-5,3.8
12853,USL,5-15,3.9
12853,USL,15-30,3.7
12853,USL,30-60,5.4
12853,USL,60-120,12.9
12853,USL,120+,28.8
12854,AAL,0-5,59.4
12854,AAL,5-15,59.4
12854,AAL,15-30,60.0
12854,AAL,30-60,61.9
12854,AAL,60-120,92.3
12854,AAL,120+,132.2
12854,APR,0-5,42.8
12854,APR,5-15,42.9
12854,APR,15-30,43.4
12854,APR,30-60,49.3
12854,APR,60-120,81.4
12854,APR,120+,130.4
12854,BKH,0-5,22.7
12854,BKH,5-15,22.7
12854,BKH,15-30,23.4
12854,BKH,30-60,29.2
12854,BKH,60-120,53.6
12854,BKH,120+,92.9
12854,BPHB,0-5,34.0
12854,BPHB,5-15,34.0
12854,BPHB,15-30,34.8
12854,BPHB,30-60,41.4
12854,BPHB,60-120,74.6
12854,BPHB,120+,121.5
12854,BPL,0-5,1.3
12854,BPL,5-15,1.3
12854,BPL,15-30,1.3
12854,BPL,30-60,3.5
12854,BPL,60-120,12.4
12854,BPL,120+,27.9
12854,BRS,0-5,41.3
12854,BRS,5-15,41.4
12854,BRS,15-30,42.2
12854,BRS,30-60,49.0
12854,BRS,60-120,81.1
12854,BRS,120+,131.0
12854,BUH,0-5,45.4
12854,BUH,5-15,45.4
12854,BUH,15-30,46.2
12854,BUH,30-60,52.8
12854,BUH,60-120,86.1
12854,BUH,120+,136.7
12854,BYT,0-5,38.8
12854,BYT,5-15,38.8
12854,BYT,15-30,39.8
12854,BYT,30-60,46.2
12854,BYT,60-120,79.0
12854,BYT,120+,128.3
12854,CHBT,0-5,33.1
12854,CHBT,5-15,33.1
12854,CHBT,15-30,33.4
12854,CHBT,30-60,39.5
12854,CHBT,60-120,72.3
12854,CHBT,120+,118.4
12854,DURG,0-5,29.2
12854,DURG,5-15,29.2
12854,DURG,15-30,29.9
12854,DURG,30-60,35.4
12854,DURG,60-120,64.3
12854,DURG,120+,106.3
12854,ET,0-5,13.6
12854,ET,5-15,13.6
12854,ET,15-30,14.1
12854,ET,30-60,18.7
12854,ET,60-120,35.4
12854,ET,120+,68.2
12854,GAR,0-5,32.9
12854,GAR,5-15,32.9
12854,GAR,15-30,33.6
12854,GAR,30-60,39.1
12854,GAR,60-120,69.2
12854,GAR,120+,112.3
12854,JBP,0-5,35.3
12854,JBP,5-15,35.3
12854,JBP,15-30,36.3
12854,JBP,30-60,42.2
12854,JBP,60-120,72.8
12854,JBP,120+,116.4
12854,KTES,0-5,36.3
12854,KTES,5-15,36.3
12854,KTES,15-30,37.2
12854,KTES,30-60,43.2
12854,KTES,60-120,73.3
12854,KTES,120+,117.9
12854,KY,0-5,34.0
12854,KY,5-15,34.0
12854,KY,15-30,35.0
12854,KY,30-60,40.7
12854,KY,60-120,71.3
12854,KY,120+,114.8
12854,MML,0-5,33.0
12854,MML,5-15,33.0
12854,MML,15-30,34.0
12854,MML,30-60,39.5
12854,MML,60-120,69.7
12854,MML,120+,113.0
12854,NDPM,0-5,14.6
12854,NDPM,5-15,14.6
12854,NDPM,15-30,15.1
12854,NDPM,30-60,19.8
12854,NDPM,60-120,35.8
12854,NDPM,120+,69.0
12854,NU,0-5,34.4
12854,NU,5-15,34.4
12854,NU,15-30,35.3
12854,NU,30-60,41.1
12854,NU,60-120,70.9
12854,NU,120+,113.5
12854,ODG,0-5,10.8
12854,ODG,5-15,10.8
12854,ODG,15-30,11.3
12854,ODG,30-60,15.2
12854,ODG,60-120,29.8
12854,ODG,120+,58.9
12854,PND,0-5,42.1
12854,PND,5-15,42.1
12854,PND,15-30,43.1
12854,PND,30-60,49.4
12854,PND,60-120,81.6
12854,PND,120+,131.3
12854,PPI,0-5,22.7
12854,PPI,5-15,22.7
12854,PPI,15-30,23.4
12854,PPI,30-60,28.6
12854,PPI,60-120,51.2
12854,PPI,120+,88.3
12854,R,0-5,33.4
12854,R,5-15,33.4
12854,R,15-30,34.0
12854,R,30-60,38.9
12854,R,60-120,65.8
12854,R,120+,100.5
12854,RKMP,0-5,4.1
12854,RKMP,5-15,4.1
12854,RKMP,15-30,4.6
12854,RKMP,30-60,6.6
12854,RKMP,60-120,18.3
12854,RKMP,120+,36.0
12854,SDL,0-5,42.8
12854,SDL,5-15,42.8
12854,SDL,15-30,43.6
12854,SDL,30-60,49.8
12854,SDL,60-120,81.1
12854,SDL,120+,129.8
12854,SGP,0-5,22.5
12854,SGP,5-15,22.6
12854,SGP,15-30,23.2
12854,SGP,30-60,28.4
12854,SGP,60-120,51.2
12854,SGP,120+,87.2
12854,SHR,0-5,34.1
12854,SHR,5-15,34.2
12854,SHR,15-30,35.2
12854,SHR,30-60,41.0
12854,SHR,60-120,72.3
12854,SHR,120+,116.4
12854,SRID,0-5,35.6
12854,SRID,5-15,35.6
12854,SRID,15-30,36.6
12854,SRID,30-60,42.5
12854,SRID,60-120,73.4
12854,SRID,120+,118.6
12854,TLD,0-5,38.1
12854,TLD,5-15,38.1
12854,TLD,15-30,39.1
12854,TLD,30-60,45.4
12854,TLD,60-120,77.6
12854,TLD,120+,124.8
12854,UMR,0-5,37.2
12854,UMR,5-15,37.3
12854,UMR,15-30,38.2
12854,UMR,30-60,44.2
12854,UMR,60-120,74.3
12854,UMR,120+,120.5
12854,USL,0-5,26.8
12854,USL,5-15,26.8
12854,USL,15-30,27.5
12854,USL,30-60,32.9
12854,USL,60-120,58.9
12854,USL,120+,96.9
12859,AK,0-5,61.0
12859,AK,5-15,61.0
12859,AK,15-30,61.2
12859,AK,30-60,62.1
12859,AK,60-120,74.0
12859,AK,120+,87.1
12859,BD,0-5,30.8
12859,BD,5-15,30.8
12859,BD,15-30,30.9
12859,BD,30-60,35.9
12859,BD,60-120,48.8
12859,BD,120+,72.8
12859,BRD,0-5,27.0
12859,BRD,5-15,27.0
12859,BRD,15-30,26.9
12859,BRD,30-60,31.4
12859,BRD,60-120,43.5
12859,BRD,120+,59.5
12859,BSL,0-5,38.5
12859,BSL,5-15,38.5
12859,BSL,15-30,38.7
12859,BSL,30-60,44.0
12859,BSL,60-120,59.3
12859,BSL,120+,86.6
12859,BSP,0-5,24.6
12859,BSP,5-15,24.6
12859,BSP,15-30,24.5
12859,BSP,30-60,28.8
12859,BSP,60-120,39.5
12859,BSP,120+,50.6
12859,CKP,0-5,57.5
12859,CKP,5-15,57.5
12859,CKP,15-30,57.6
12859,CKP,30-60,62.6
12859,CKP,60-120,81.1
12859,CKP,120+,110.0
12859,CSMT,0-5,7.1
12859,CSMT,5-15,7.1
12859,CSMT,15-30,6.8
12859,CSMT,30-60,9.1
12859,CSMT,60-120,12.3
12859,CSMT,120+,19.0
12859,DR,0-5,9.8
12859,DR,5-15,9.8
12859,DR,15-30,9.5
12859,DR,30-60,12.9
12859,DR,60-120,17.1
12859,DR,120+,26.3
12859,DURG,0-5,26.6
12859,DURG,5-15,26.6
12859,DURG,15-30,26.8
12859,DURG,30-60,31.3
12859,DURG,60-120,43.6
12859,DURG,120+,63.4
12859,G,0-5,47.5
12859,G,5-15,47.6
12859,G,15-30,47.7
12859,G,30-60,52.4
12859,G,60-120,68.5
12859,G,120+,96.6
12859,HWH,0-5,269.5
12859,HWH,5-15,269.2
12859,HWH,15-30,270.0
12859,HWH,30-60,277.0
12859,HWH,60-120,291.5
12859,HWH,120+,326.9
12859,IGP,0-5,23.5
12859,IGP,5-15,23.6
12859,IGP,15-30,23.5
12859,IGP,30-60,27.4
12859,IGP,60-120,36.5
12859,IGP,120+,49.9
12859,JL,0-5,40.0
12859,JL,5-15,40.0
12859,JL,15-30,40.2
12859,JL,30-60,45.1
12859,JL,60-120,59.8
12859,JL,120+,89.3
12859,JSG,0-5,28.6
12859,JSG,5-15,28.6
12859,JSG,15-30,28.5
12859,JSG,30-60,31.9
12859,JSG,60-120,41.6
12859,JSG,120+,54.1
12859,KGP,0-5,109.9
12859,KGP,5-15,109.6
12859,KGP,15-30,109.9
12859,KGP,30-60,113.7
12859,KGP,60-120,130.5
12859,KGP,120+,158.8
12859,KYN,0-5,19.6
12859,KYN,5-15,19.7
12859,KYN,15-30,19.5
12859,KYN,30-60,23.2
12859,KYN,60-120,31.0
12859,KYN,120+,42.8
12859,MKU,0-5,40.5
12859,MKU,5-15,40.5
12859,MKU,15-30,40.7
12859,MKU,30-60,45.4
12859,MKU,60-120,60.3
12859,MKU,120+,89.8
12859,NGP,0-5,16.1
12859,NGP,5-15,16.1
12859,NGP,15-30,16.0
12859,NGP,30-60,19.4
12859,NGP,60-120,26.0
12859,NGP,120+,36.0
12859,NK,0-5,27.7
12859,NK,5-15,27.7
12859,NK,15-30,27.5
12859,NK,30-60,31.3
12859,NK,60-120,41.8
12859,NK,120+,55.9
12859,R,0-5,48.5
12859,R,5-15,48.6
12859,R,15-30,48.7
12859,R,30-60,53.4
12859,R,60-120,69.3
12859,R,120+,94.8
12859,RIG,0-5,28.0
12859,RIG,5-15,28.0
12859,RIG,15-30,27.9
12859,RIG,30-60,32.2
12859,RIG,60-120,43.1
12859,RIG,120+,58.3
12859,RJN,0-5,26.2
12859,RJN,5-15,26.3
12859,RJN,15-30,26.2
12859,RJN,30-60,30.3
12859,RJN,60-120,40.8
12859,RJN,120+,55.2
12859,ROU,0-5,53.5
12859,ROU,5-15,53.6
12859,ROU,15-30,53.7
12859,ROU,30-60,58.2
12859,ROU,60-120,74.4
12859,ROU,120+,101.6
12859,SEG,0-5,43.2
12859,SEG,5-15,43.3
12859,SEG,15-30,43.5
12859,SEG,30-60,48.1
12859,SEG,60-120,63.9
12859,SEG,120+,92.2
12859,SRC,0-5,224.6
12859,SRC,5-15,224.3
12859,SRC,15-30,225.1
12859,SRC,30-60,228.9
12859,SRC,60-120,235.4
12859,SRC,120+,258.2
12859,TATA,0-5,83.9
12859,TATA,5-15,83.7
12859,TATA,15-30,83.9
12859,TATA,30-60,80.5
12859,TATA,60-120,91.4
12859,TATA,120+,113.0
12859,WR,0-5,31.2
12859,WR,5-15,31.2
12859,WR,15-30,31.3
12859,WR,30-60,35.8
12859,WR,60-120,46.4
12859,WR,120+,71.1
12860,AK,0-5,198.6
12860,AK,5-15,198.6
12860,AK,15-30,197.8
12860,AK,30-60,187.8
12860,AK,60-120,178.2
12860,AK,120+,178.7
12860,BD,0-5,151.3
12860,BD,5-15,151.3
12860,BD,15-30,150.5
12860,BD,30-60,151.2
12860,BD,60-120,155.7
12860,BD,120+,173.6
12860,BRD,0-5,130.3
12860,BRD,5-15,130.3
12860,BRD,15-30,129.9
12860,BRD,30-60,132.1
12860,BRD,60-120,138.4
12860,BRD,120+,160.8
12860,BSL,0-5,171.4
12860,BSL,5-15,171.4
12860,BSL,15-30,170.8
12860,BSL,30-60,172.6
12860,BSL,60-120,174.9
12860,BSL,120+,190.9
12860,BSP,0-5,119.3
12860,BSP,5-15,119.3
12860,BSP,15-30,119.0
12860,BSP,30-60,122.1
12860,BSP,60-120,125.0
12860,BSP,120+,142.9
12860,CKP,0-5,67.6
12860,CKP,5-15,67.3
12860,CKP,15-30,66.9
12860,CKP,30-60,68.2
12860,CKP,60-120,84.1
12860,CKP,120+,104.0
12860,CSMT,0-5,185.6
12860,CSMT,5-15,185.6
12860,CSMT,15-30,185.8
12860,CSMT,30-60,187.3
12860,CSMT,60-120,190.1
12860,CSMT,120+,211.8
12860,DR,0-5,169.4
12860,DR,5-15,169.4
12860,DR,15-30,169.6
12860,DR,30-60,171.5
12860,DR,60-120,177.1
12860,DR,120+,195.9
12860,DURG,0-5,136.1
12860,DURG,5-15,136.1
12860,DURG,15-30,135.8
12860,DURG,30-60,137.2
12860,DURG,60-120,139.4
12860,DURG,120+,164.6
12860,G,0-5,135.2
12860,G,5-15,135.2
12860,G,15-30,134.8
12860,G,30-60,135.7
12860,G,60-120,138.3
12860,G,120+,163.6
12860,HWH,0-5,0.1
12860,HWH,5-15,0.0
12860,HWH,15-30,0.0
12860,HWH,30-60,0.0
12860,HWH,60-120,0.5
12860,HWH,120+,2.4
12860,IGP,0-5,197.5
12860,IGP,5-15,197.5
12860,IGP,15-30,197.2
12860,IGP,30-60,195.8
12860,IGP,60-120,189.3
12860,IGP,120+,203.3
12860,JL,0-5,183.5
12860,JL,5-15,183.5
12860,JL,15-30,183.2
12860,JL,30-60,182.0
12860,JL,60-120,178.3
12860,JL,120+,192.7
12860,JSG,0-5,92.7
12860,JSG,5-15,92.7
12860,JSG,15-30,92.3
12860,JSG,30-60,92.5
12860,JSG,60-120,104.0
12860,JSG,120+,123.7
12860,KGP,0-5,15.3
12860,KGP,5-15,15.0
12860,KGP,15-30,15.0
12860,KGP,30-60,16.5
12860,KGP,60-120,22.1
12860,KGP,120+,31.5
12860,KYN,0-5,184.2
12860,KYN,5-15,184.2
12860,KYN,15-30,183.9
12860,KYN,30-60,182.7
12860,KYN,60-120,178.8
12860,KYN,120+,193.3
12860,MKU,0-5,179.2
12860,MKU,5-15,179.2
12860,MKU,15-30,178.8
12860,MKU,30-60,177.7
12860,MKU,60-120,177.0
12860,MKU,120+,190.2
12860,NGP,0-5,156.6
12860,NGP,5-15,156.6
12860,NGP,15-30,156.3
12860,NGP,30-60,155.2
12860,NGP,60-120,156.7
12860,NGP,120+,174.4
12860,NK,0-5,180.4
12860,NK,5-15,180.4
12860,NK,15-30,180.1
12860,NK,30-60,178.9
12860,NK,60-120,177.9
12860,NK,120+,192.4
12860,R,0-5,137.2
12860,R,5-15,137.2
12860,R,15-30,136.8
12860,R,30-60,137.2
12860,R,60-120,140.9
12860,R,120+,160.7
12860,RIG,0-5,124.1
12860,RIG,5-15,124.1
12860,RIG,15-30,123.7
12860,RIG,30-60,123.9
12860,RIG,60-120,127.2
12860,RIG,120+,145.8
12860,RJN,0-5,132.1
12860,RJN,5-15,132.1
12860,RJN,15-30,131.7
12860,RJN,30-60,132.0
12860,RJN,60-120,134.5
12860,RJN,120+,154.5
12860,ROU,0-5,92.0
12860,ROU,5-15,92.0
12860,ROU,15-30,91.6
12860,ROU,30-60,91.9
12860,ROU,60-120,103.1
12860,ROU,120+,122.8
12860,SEG,0-5,156.6
12860,SEG,5-15,156.6
12860,SEG,15-30,156.3
12860,SEG,30-60,155.2
12860,SEG,60-120,159.7
12860,SEG,120+,175.5
12860,TATA,0-5,28.4
12860,TATA,5-15,28.1
12860,TATA,15-30,27.8
12860,TATA,30-60,31.6
12860,TATA,60-120,43.1
12860,TATA,120+,54.8
12860,WR,0-5,177.0
12860,WR,5-15,177.0
12860,WR,15-30,176.7
12860,WR,30-60,175.5
12860,WR,60-120,176.8
12860,WR,120+,190.6
12915,ABR,0-5,5.6
12915,ABR,5-15,5.6
12915,ABR,15-30,6.3
12915,ABR,30-60,11.2
12915,ABR,60-120,33.0
12915,ABR,120+,60.4
12915,AII,0-5,3.9
12915,AII,5-15,3.9
12915,AII,15-30,4.5
12915,AII,30-60,9.6
12915,AII,60-120,31.0
12915,AII,120+,59.0
12915,AWR,0-5,13.4
12915,AWR,5-15,13.5
12915,AWR,15-30,14.3
12915,AWR,30-60,22.1
12915,AWR,60-120,49.8
12915,AWR,120+,92.8
12915,BER,0-5,4.9
12915,BER,5-15,4.9
12915,BER,15-30,5.7
12915,BER,30-60,10.8
12915,BER,60-120,33.0
12915,BER,120+,63.4
12915,BKI,0-5,13.7
12915,BKI,5-15,13.8
12915,BKI,15-30,14.6
12915,BKI,30-60,22.7
12915,BKI,60-120,50.4
12915,BKI,120+,94.3
12915,DEC,0-5,20.7
12915,DEC,5-15,20.7
12915,DEC,15-30,21.4
12915,DEC,30-60,29.7
12915,DEC,60-120,63.1
12915,DEC,120+,111.8
12915,DLI,0-5,20.5
12915,DLI,5-15,20.5
12915,DLI,15-30,21.1
12915,DLI,30-60,28.6
12915,DLI,60-120,57.1
12915,DLI,120+,98.5
12915,DO,0-5,10.6
12915,DO,5-15,10.6
12915,DO,15-30,11.4
12915,DO,30-60,18.3
12915,DO,60-120,44.3
12915,DO,120+,79.6
12915,FA,0-5,6.3
12915,FA,5-15,6.3
12915,FA,15-30,7.1
12915,FA,30-60,12.0
12915,FA,60-120,35.4
12915,FA,120+,65.7
12915,GADJ,0-5,10.0
12915,GADJ,5-15,10.1
12915,GADJ,15-30,10.9
12915,GADJ,30-60,17.2
12915,GADJ,60-120,43.0
12915,GADJ,120+,77.5
12915,GGN,0-5,17.5
12915,GGN,5-15,17.5
12915,GGN,15-30,18.1
12915,GGN,30-60,25.4
12915,GGN,60-120,54.0
12915,GGN,120+,98.8
12915,JP,0-5,8.7
12915,JP,5-15,8.7
12915,JP,15-30,9.5
12915,JP,30-60,15.5
12915,JP,60-120,40.1
12915,JP,120+,72.5
12915,KRH,0-5,14.4
12915,KRH,5-15,14.5
12915,KRH,15-30,15.3
12915,KRH,30-60,22.5
12915,KRH,60-120,49.4
12915,KRH,120+,91.0
12915,MSH,0-5,6.5
12915,MSH,5-15,6.5
12915,MSH,15-30,7.3
12915,MSH,30-60,12.5
12915,MSH,60-120,35.3
12915,MSH,120+,65.1
12915,PNU,0-5,3.1
12915,PNU,5-15,3.1
12915,PNU,15-30,3.7
12915,PNU,30-60,7.8
12915,PNU,60-120,25.0
12915,PNU,120+,50.3
12915,PTRD,0-5,12.4
12915,PTRD,5-15,12.4
12915,PTRD,15-30,13.2
12915,PTRD,30-60,20.0
12915,PTRD,60-120,45.9
12915,PTRD,120+,84.4
12915,RE,0-5,9.0
12915,RE,5-15,9.0
12915,RE,15-30,9.8
12915,RE,30-60,15.9
12915,RE,60-120,41.1
12915,RE,120+,73.6
12915,RHG,0-5,12.5
12915,RHG,5-15,12.5
12915,RHG,15-30,13.3
12915,RHG,30-60,20.1
12915,RHG,60-120,46.8
12915,RHG,120+,85.0
12915,SBIB,0-5,3.2
12915,SBIB,5-15,3.3
12915,SBIB,15-30,3.8
12915,SBIB,30-60,7.9
12915,SBIB,60-120,25.0
12915,SBIB,120+,51.2
12915,UJA,0-5,8.4
12915,UJA,5-15,8.5
12915,UJA,15-30,9.3
12915,UJA,30-60,15.2
12915,UJA,60-120,39.8
12915,UJA,120+,71.5
12916,ABR,0-5,12.1
12916,ABR,5-15,12.1
12916,ABR,15-30,12.8
12916,ABR,30-60,18.3
12916,ABR,60-120,42.6
12916,ABR,120+,73.1
12916,AII,0-5,16.4
12916,AII,5-15,16.4
12916,AII,15-30,16.9
12916,AII,30-60,25.0
12916,AII,60-120,54.1
12916,AII,120+,100.0
12916,AWR,0-5,10.2
12916,AWR,5-15,10.2
12916,AWR,15-30,11.0
12916,AWR,30-60,18.0
12916,AWR,60-120,43.8
12916,AWR,120+,81.0
12916,BER,0-5,14.8
12916,BER,5-15,14.8
12916,BER,15-30,15.6
12916,BER,30-60,23.5
12916,BER,60-120,51.4
12916,BER,120+,97.2
12916,BKI,0-5,10.5
12916,BKI,5-15,10.5
12916,BKI,15-30,11.3
12916,BKI,30-60,18.6
12916,BKI,60-120,44.5
12916,BKI,120+,81.6
12916,DEC,0-5,6.0
12916,DEC,5-15,6.0
12916,DEC,15-30,6.8
12916,DEC,30-60,12.4
12916,DEC,60-120,35.6
12916,DEC,120+,67.7
12916,DLI,0-5,2.7
12916,DLI,5-15,2.7
12916,DLI,15-30,2.9
12916,DLI,30-60,7.3
12916,DLI,60-120,20.7
12916,DLI,120+,46.5
12916,DO,0-5,13.8
12916,DO,5-15,13.9
12916,DO,15-30,14.7
12916,DO,30-60,22.4
12916,DO,60-120,49.6
12916,DO,120+,91.6
12916,FA,0-5,16.1
12916,FA,5-15,16.1
12916,FA,15-30,16.8
12916,FA,30-60,24.0
12916,FA,60-120,52.2
12916,FA,120+,96.1
12916,GADJ,0-5,19.0
12916,GADJ,5-15,19.0
12916,GADJ,15-30,19.6
12916,GADJ,30-60,27.2
12916,GADJ,60-120,58.0
12916,GADJ,120+,104.0
12916,GGN,0-5,11.4
12916,GGN,5-15,11.4
12916,GGN,15-30,12.2
12916,GGN,30-60,18.8
12916,GGN,60-120,44.4
12916,GGN,120+,81.6
12916,JP,0-5,15.2
12916,JP,5-15,15.2
12916,JP,15-30,16.0
12916,JP,30-60,23.0
12916,JP,60-120,49.9
12916,JP,120+,93.2
12916,KRH,0-5,8.0
12916,KRH,5-15,8.0
12916,KRH,15-30,8.8
12916,KRH,30-60,14.6
12916,KRH,60-120,39.2
12916,KRH,120+,70.6
12916,MSH,0-5,13.1
12916,MSH,5-15,13.2
12916,MSH,15-30,14.0
12916,MSH,30-60,20.9
12916,MSH,60-120,47.5
12916,MSH,120+,86.9
12916,PNU,0-5,6.0
12916,PNU,5-15,6.0
12916,PNU,15-30,6.8
12916,PNU,30-60,11.6
12916,PNU,60-120,34.4
12916,PNU,120+,64.2
12916,PTRD,0-5,14.6
12916,PTRD,5-15,14.6
12916,PTRD,15-30,15.4
12916,PTRD,30-60,22.4
12916,PTRD,60-120,49.2
12916,PTRD,120+,91.6
12916,RE,0-5,6.0
12916,RE,5-15,6.0
12916,RE,15-30,6.8
12916,RE,30-60,11.6
12916,RE,60-120,34.4
12916,RE,120+,63.9
12916,RHG,0-5,9.5
12916,RHG,5-15,9.5
12916,RHG,15-30,10.3
12916,RHG,30-60,16.6
12916,RHG,60-120,41.8
12916,RHG,120+,74.8
12916,SBIB,0-5,3.9
12916,SBIB,5-15,3.9
12916,SBIB,15-30,4.6
12916,SBIB,30-60,8.8
12916,SBIB,60-120,29.7
12916,SBIB,120+,56.6
12916,UJA,0-5,6.0
12916,UJA,5-15,6.0
12916,UJA,15-30,6.8
12916,UJA,30-60,11.6
12916,UJA,60-120,34.4
12916,UJA,120+,63.9
12931,ADI,0-5,33.6
12931,ADI,5-15,33.6
12931,ADI,15-30,35.2
12931,ADI,30-60,38.0
12931,ADI,60-120,74.7
12931,ADI,120+,126.8
12931,ANND,0-5,32.0
12931,ANND,5-15,32.0
12931,ANND,15-30,32.8
12931,ANND,30-60,46.7
12931,ANND,60-120,95.9
12931,ANND,120+,167.3
12931,BH,0-5,33.5
12931,BH,5-15,33.5
12931,BH,15-30,34.7
12931,BH,30-60,44.1
12931,BH,60-120,92.0
12931,BH,120+,161.8
12931,BL,0-5,22.5
12931,BL,5-15,22.5
12931,BL,15-30,23.3
12931,BL,30-60,31.6
12931,BL,60-120,73.2
12931,BL,120+,140.1
12931,BRC,0-5,35.7
12931,BRC,5-15,35.7
12931,BRC,15-30,36.9
12931,BRC,30-60,51.3
12931,BRC,60-120,100.6
12931,BRC,120+,172.3
12931,BVI,0-5,5.8
12931,BVI,5-15,5.8
12931,BVI,15-30,6.2
12931,BVI,30-60,10.8
12931,BVI,60-120,46.1
12931,BVI,120+,89.5
12931,MMCT,0-5,0.1
12931,MMCT,5-15,0.1
12931,MMCT,15-30,0.2
12931,MMCT,30-60,2.9
12931,MMCT,60-120,25.4
12931,MMCT,120+,53.9
12931,ND,0-5,31.8
12931,ND,5-15,31.8
12931,ND,15-30,32.5
12931,ND,30-60,46.0
12931,ND,60-120,95.3
12931,ND,120+,166.6
12931,NVS,0-5,25.9
12931,NVS,5-15,25.9
12931,NVS,15-30,26.7
12931,NVS,30-60,34.8
12931,NVS,60-120,76.6
12931,NVS,120+,144.7
12931,ST,0-5,29.0
12931,ST,5-15,29.0
12931,ST,15-30,30.6
12931,ST,30-60,38.6
12931,ST,60-120,80.7
12931,ST,120+,147.4
12931,VAPI,0-5,25.5
12931,VAPI,5-15,25.5
12931,VAPI,15-30,26.7
12931,VAPI,30-60,34.2
12931,VAPI,60-120,73.5
12931,VAPI,120+,137.8
12932,ADI,0-5,4.6
12932,ADI,5-15,4.7
12932,ADI,15-30,4.6
12932,ADI,30-60,8.5
12932,ADI,60-120,22.9
12932,ADI,120+,44.2
12932,ANND,0-5,20.3
12932,ANND,5-15,20.3
12932,ANND,15-30,21.1
12932,ANND,30-60,28.1
12932,ANND,60-120,46.7
12932,ANND,120+,89.0
12932,BH,0-5,22.1
12932,BH,5-15,22.1
12932,BH,15-30,23.1
12932,BH,30-60,30.9
12932,BH,60-120,63.4
12932,BH,120+,111.7
12932,BL,0-5,25.4
12932,BL,5-15,25.5
12932,BL,15-30,26.2
12932,BL,30-60,34.2
12932,BL,60-120,68.7
12932,BL,120+,114.4
12932,BRC,0-5,24.2
12932,BRC,5-15,24.2
12932,BRC,15-30,25.1
12932,BRC,30-60,33.1
12932,BRC,60-120,69.4
12932,BRC,120+,115.3
12932,BVI,0-5,33.6
12932,BVI,5-15,33.6
12932,BVI,15-30,34.7
12932,BVI,30-60,43.6
12932,BVI,60-120,85.3
12932,BVI,120+,136.8
12932,MMCT,0-5,21.3
12932,MMCT,5-15,21.3
12932,MMCT,15-30,22.0
12932,MMCT,30-60,29.5
12932,MMCT,60-120,61.6
12932,MMCT,120+,106.8
12932,ND,0-5,13.4
12932,ND,5-15,13.4
12932,ND,15-30,13.9
12932,ND,30-60,20.3
12932,ND,60-120,44.6
12932,ND,120+,82.4
12932,NVS,0-5,31.1
12932,NVS,5-15,31.2
12932,NVS,15-30,31.9
12932,NVS,30-60,39.1
12932,NVS,60-120,78.7
12932,NVS,120+,127.1
12932,ST,0-5,22.0
12932,ST,5-15,22.0
12932,ST,15-30,22.9
12932,ST,30-60,30.3
12932,ST,60-120,64.0
12932,ST,120+,110.4
12932,VAPI,0-5,32.4
12932,VAPI,5-15,32.5
12932,VAPI,15-30,33.5
12932,VAPI,30-60,41.5
12932,VAPI,60-120,80.7
12932,VAPI,120+,131.5
12951,BRC,0-5,24.1
12951,BRC,5-15,24.1
12951,BRC,15-30,25.1
12951,BRC,30-60,30.5
12951,BRC,60-120,60.0
12951,BRC,120+,110.0
12951,BVI,0-5,1.4
12951,BVI,5-15,1.4
12951,BVI,15-30,1.7
12951,BVI,30-60,11.7
12951,BVI,60-120,32.5
12951,BVI,120+,57.5
12951,KOTA,0-5,22.8
12951,KOTA,5-15,22.8
12951,KOTA,15-30,23.9
12951,KOTA,30-60,34.5
12951,KOTA,60-120,75.1
12951,KOTA,120+,140.0
12951,MMCT,0-5,0.0
12951,MMCT,5-15,0.0
12951,MMCT,15-30,0.0
12951,MMCT,30-60,1.4
12951,MMCT,60-120,12.9
12951,MMCT,120+,25.7
12951,NAD,0-5,15.7
12951,NAD,5-15,15.7
12951,NAD,15-30,16.8
12951,NAD,30-60,27.7
12951,NAD,60-120,64.2
12951,NAD,120+,126.8
12951,NDLS,0-5,16.5
12951,NDLS,5-15,16.5
12951,NDLS,15-30,17.6
12951,NDLS,30-60,28.6
12951,NDLS,60-120,65.2
12951,NDLS,120+,127.8
12951,RTM,0-5,16.8
12951,RTM,5-15,16.8
12951,RTM,15-30,17.9
12951,RTM,30-60,27.7
12951,RTM,60-120,63.9
12951,RTM,120+,126.7
12951,ST,0-5,15.9
12951,ST,5-15,15.9
12951,ST,15-30,17.2
12951,ST,30-60,27.3
12951,ST,60-120,64.0
12951,ST,120+,126.8
12952,BRC,0-5,17.6
12952,BRC,5-15,17.6
12952,BRC,15-30,19.1
12952,BRC,30-60,23.6
12952,BRC,60-120,60.6
12952,BRC,120+,112.4
12952,BVI,0-5,22.6
12952,BVI,5-15,22.8
12952,BVI,15-30,24.1
12952,BVI,30-60,42.4
12952,BVI,60-120,100.0
12952,BVI,120+,177.9
12952,KOTA,0-5,4.4
12952,KOTA,5-15,4.4
12952,KOTA,15-30,5.3
12952,KOTA,30-60,14.1
12952,KOTA,60-120,53.7
12952,KOTA,120+,115.9
12952,MMCT,0-5,22.1
12952,MMCT,5-15,22.3
12952,MMCT,15-30,23.2
12952,MMCT,30-60,41.2
12952,MMCT,60-120,98.6
12952,MMCT,120+,176.2
12952,NAD,0-5,2.8
12952,NAD,5-15,2.8
12952,NAD,15-30,3.6
12952,NAD,30-60,12.8
12952,NAD,60-120,50.6
12952,NAD,120+,112.3
12952,NDLS,0-5,6.7
12952,NDLS,5-15,6.8
12952,NDLS,15-30,2.7
12952,NDLS,30-60,11.6
12952,NDLS,60-120,43.9
12952,NDLS,120+,82.7
12952,RTM,0-5,4.1
12952,RTM,5-15,4.1
12952,RTM,15-30,5.0
12952,RTM,30-60,13.3
12952,RTM,60-120,52.4
12952,RTM,120+,115.4
12952,ST,0-5,12.3
12952,ST,5-15,12.4
12952,ST,15-30,13.2
12952,ST,30-60,23.4
12952,ST,60-120,69.9
12952,ST,120+,140.2
12953,BH,0-5,23.3
12953,BH,5-15,23.3
12953,BH,15-30,23.6
12953,BH,30-60,26.8
12953,BH,60-120,55.7
12953,BH,120+,94.6
12953,BL,0-5,17.9
12953,BL,5-15,18.0
12953,BL,15-30,18.8
12953,BL,30-60,27.9
12953,BL,60-120,62.4
12953,BL,120+,113.8
12953,BRC,0-5,17.5
12953,BRC,5-15,17.5
12953,BRC,15-30,18.3
12953,BRC,30-60,27.1
12953,BRC,60-120,63.1
12953,BRC,120+,117.5
12953,BVI,0-5,0.0
12953,BVI,5-15,0.0
12953,BVI,15-30,0.0
12953,BVI,30-60,1.6
12953,BVI,60-120,12.8
12953,BVI,120+,16.8
12953,DHD,0-5,19.1
12953,DHD,5-15,19.2
12953,DHD,15-30,20.0
12953,DHD,30-60,28.8
12953,DHD,60-120,65.5
12953,DHD,120+,121.5
12953,KOTA,0-5,20.2
12953,KOTA,5-15,20.3
12953,KOTA,15-30,21.0
12953,KOTA,30-60,29.7
12953,KOTA,60-120,66.1
12953,KOTA,120+,122.5
12953,MMCT,0-5,0.0
12953,MMCT,5-15,0.0
12953,MMCT,15-30,0.0
12953,MMCT,30-60,0.0
12953,MMCT,60-120,6.2
12953,MMCT,120+,5.8
12953,MTJ,0-5,16.1
12953,MTJ,5-15,16.1
12953,MTJ,15-30,16.8
12953,MTJ,30-60,24.6
12953,MTJ,60-120,59.5
12953,MTJ,120+,112.3
12953,NZM,0-5,13.9
12953,NZM,5-15,13.9
12953,NZM,15-30,14.7
12953,NZM,30-60,21.6
12953,NZM,60-120,55.8
12953,NZM,120+,96.7
12953,RTM,0-5,16.5
12953,RTM,5-15,16.6
12953,RTM,15-30,17.3
12953,RTM,30-60,25.1
12953,RTM,60-120,59.9
12953,RTM,120+,113.8
12953,ST,0-5,13.9
12953,ST,5-15,13.9
12953,ST,15-30,14.7
12953,ST,30-60,21.6
12953,ST,60-120,56.2
12953,ST,120+,97.6
12953,SWM,0-5,19.5
12953,SWM,5-15,19.5
12953,SWM,15-30,20.2
12953,SWM,30-60,28.0
12953,SWM,60-120,63.1
12953,SWM,120+,117.5
12953,VAPI,0-5,13.7
12953,VAPI,5-15,13.7
12953,VAPI,15-30,14.5
12953,VAPI,30-60,21.4
12953,VAPI,60-120,54.4
12953,VAPI,120+,94.2
12954,BH,0-5,23.5
12954,BH,5-15,23.5
12954,BH,15-30,24.5
12954,BH,30-60,29.0
12954,BH,60-120,60.6
12954,BH,120+,109.8
12954,BL,0-5,19.5
12954,BL,5-15,19.5
12954,BL,15-30,20.1
12954,BL,30-60,29.9
12954,BL,60-120,74.9
12954,BL,120+,144.0
12954,BRC,0-5,14.6
12954,BRC,5-15,14.7
12954,BRC,15-30,15.3
12954,BRC,30-60,24.0
12954,BRC,60-120,63.1
12954,BRC,120+,127.2
12954,BVI,0-5,26.3
12954,BVI,5-15,26.5
12954,BVI,15-30,27.2
12954,BVI,30-60,43.9
12954,BVI,60-120,97.2
12954,BVI,120+,172.7
12954,DHD,0-5,14.3
12954,DHD,5-15,14.3
12954,DHD,15-30,10.2
12954,DHD,30-60,18.4
12954,DHD,60-120,57.1
12954,DHD,120+,116.1
12954,KOTA,0-5,2.2
12954,KOTA,5-15,2.2
12954,KOTA,15-30,2.7
12954,KOTA,30-60,10.2
12954,KOTA,60-120,47.8
12954,KOTA,120+,94.7
12954,MMCT,0-5,26.2
12954,MMCT,5-15,26.2
12954,MMCT,15-30,26.7
12954,MMCT,30-60,39.3
12954,MMCT,60-120,92.3
12954,MMCT,120+,167.0
12954,MTJ,0-5,1.8
12954,MTJ,5-15,1.9
12954,MTJ,15-30,2.0
12954,MTJ,30-60,9.0
12954,MTJ,60-120,40.8
12954,MTJ,120+,74.5
12954,NZM,0-5,1.8
12954,NZM,5-15,1.8
12954,NZM,15-30,2.0
12954,NZM,30-60,8.8
12954,NZM,60-120,35.4
12954,NZM,120+,61.6
12954,RTM,0-5,1.6
12954,RTM,5-15,1.7
12954,RTM,15-30,2.2
12954,RTM,30-60,9.0
12954,RTM,60-120,46.3
12954,RTM,120+,105.6
12954,ST,0-5,17.1
12954,ST,5-15,17.1
12954,ST,15-30,17.7
12954,ST,30-60,25.3
12954,ST,60-120,68.0
12954,ST,120+,135.7
12954,SWM,0-5,2.8
12954,SWM,5-15,2.8
12954,SWM,15-30,3.3
12954,SWM,30-60,10.0
12954,SWM,60-120,44.8
12954,SWM,120+,86.0
12954,VAPI,0-5,20.2
12954,VAPI,5-15,20.3
12954,VAPI,15-30,20.9
12954,VAPI,30-60,30.0
12954,VAPI,60-120,74.4
12954,VAPI,120+,145.5
12955,AKV,0-5,44.0
12955,AKV,5-15,44.0
12955,AKV,15-30,44.4
12955,AKV,30-60,45.8
12955,AKV,60-120,86.6
12955,AKV,120+,135.9
12955,BRC,0-5,25.8
12955,BRC,5-15,25.8
12955,BRC,15-30,26.3
12955,BRC,30-60,34.3
12955,BRC,60-120,82.1
12955,BRC,120+,145.0
12955,BVI,0-5,18.0
12955,BVI,5-15,18.0
12955,BVI,15-30,18.4
12955,BVI,30-60,25.3
12955,BVI,60-120,64.2
12955,BVI,120+,121.5
12955,BWM,0-5,29.3
12955,BWM,5-15,29.3
12955,BWM,15-30,29.7
12955,BWM,30-60,38.2
12955,BWM,60-120,87.5
12955,BWM,120+,151.3
12955,CMU,0-5,32.0
12955,CMU,5-15,32.0
12955,CMU,15-30,32.4
12955,CMU,30-60,40.6
12955,CMU,60-120,86.4
12955,CMU,120+,147.2
12955,DHD,0-5,27.2
12955,DHD,5-15,27.3
12955,DHD,15-30,27.7
12955,DHD,30-60,35.8
12955,DHD,60-120,83.4
12955,DHD,120+,146.3
12955,DPA,0-5,32.6
12955,DPA,5-15,32.6
12955,DPA,15-30,33.0
12955,DPA,30-60,39.9
12955,DPA,60-120,83.7
12955,DPA,120+,144.0
12955,JP,0-5,24.4
12955,JP,5-15,24.4
12955,JP,15-30,24.5
12955,JP,30-60,31.0
12955,JP,60-120,74.4
12955,JP,120+,138.1
12955,KOTA,0-5,31.3
12955,KOTA,5-15,31.3
12955,KOTA,15-30,31.7
12955,KOTA,30-60,39.4
12955,KOTA,60-120,87.1
12955,KOTA,120+,150.0
12955,MGN,0-5,27.3
12955,MGN,5-15,27.3
12955,MGN,15-30,27.8
12955,MGN,30-60,35.2
12955,MGN,60-120,81.7
12955,MGN,120+,144.5
12955,MMCT,0-5,13.2
12955,MMCT,5-15,13.2
12955,MMCT,15-30,12.8
12955,MMCT,30-60,18.2
12955,MMCT,60-120,52.6
12955,MMCT,120+,100.4
12955,NAD,0-5,25.0
12955,NAD,5-15,25.1
12955,NAD,15-30,25.5
12955,NAD,30-60,32.5
12955,NAD,60-120,76.9
12955,NAD,120+,136.4
12955,RMA,0-5,33.1
12955,RMA,5-15,33.1
12955,RMA,15-30,33.5
12955,RMA,30-60,40.5
12955,RMA,60-120,84.7
12955,RMA,120+,144.6
12955,RTM,0-5,26.1
12955,RTM,5-15,26.2
12955,RTM,15-30,26.6
12955,RTM,30-60,34.0
12955,RTM,60-120,79.8
12955,RTM,120+,140.3
12955,SGZ,0-5,34.5
12955,SGZ,5-15,34.5
12955,SGZ,15-30,34.8
12955,SGZ,30-60,41.7
12955,SGZ,60-120,86.1
12955,SGZ,120+,146.0
12955,ST,0-5,24.6
12955,ST,5-15,24.6
12955,ST,15-30,25.0
12955,ST,30-60,31.6
12955,ST,60-120,76.4
12955,ST,120+,135.9
12955,SVA,0-5,32.4
12955,SVA,5-15,32.4
12955,SVA,15-30,32.8
12955,SVA,30-60,39.6
12955,SVA,60-120,83.8
12955,SVA,120+,143.4
12955,SWM,0-5,26.0
12955,SWM,5-15,26.0
12955,SWM,15-30,26.4
12955,SWM,30-60,33.2
12955,SWM,60-120,76.8
12955,SWM,120+,136.2
12955,VAPI,0-5,28.5
12955,VAPI,5-15,28.6
12955,VAPI,15-30,29.0
12955,VAPI,30-60,36.9
12955,VAPI,60-120,84.9
12955,VAPI,120+,147.7
12955,VMA,0-5,26.6
12955,VMA,5-15,26.6
12955,VMA,15-30,27.1
12955,VMA,30-60,35.2
12955,VMA,60-120,82.5
12955,VMA,120+,145.3
12956,AKV,0-5,57.5
12956,AKV,5-15,57.7
12956,AKV,15-30,57.8
12956,AKV,30-60,60.0
12956,AKV,60-120,112.6
12956,AKV,120+,176.8
12956,BRC,0-5,29.8
12956,BRC,5-15,29.9
12956,BRC,15-30,29.9
12956,BRC,30-60,40.6
12956,BRC,60-120,95.1
12956,BRC,120+,172.6
12956,BVI,0-5,41.6
12956,BVI,5-15,41.8
12956,BVI,15-30,41.9
12956,BVI,30-60,52.9
12956,BVI,60-120,109.8
12956,BVI,120+,185.2
12956,BWM,0-5,25.8
12956,BWM,5-15,25.8
12956,BWM,15-30,25.9
12956,BWM,30-60,34.1
12956,BWM,60-120,77.7
12956,BWM,120+,150.8
12956,CMU,0-5,28.0
12956,CMU,5-15,28.0
12956,CMU,15-30,28.1
12956,CMU,30-60,39.1
12956,CMU,60-120,94.8
12956,CMU,120+,175.6
12956,DHD,0-5,27.7
12956,DHD,5-15,27.9
12956,DHD,15-30,27.9
12956,DHD,30-60,39.2
12956,DHD,60-120,91.0
12956,DHD,120+,171.6
12956,DPA,0-5,15.6
12956,DPA,5-15,15.6
12956,DPA,15-30,15.7
12956,DPA,30-60,22.4
12956,DPA,60-120,59.1
12956,DPA,120+,123.1
12956,JP,0-5,5.5
12956,JP,5-15,5.5
12956,JP,15-30,5.7
12956,JP,30-60,10.2
12956,JP,60-120,49.9
12956,JP,120+,121.3
12956,KOTA,0-5,20.5
12956,KOTA,5-15,20.5
12956,KOTA,15-30,20.6
12956,KOTA,30-60,26.3
12956,KOTA,60-120,65.8
12956,KOTA,120+,135.5
12956,MGN,0-5,28.0
12956,MGN,5-15,28.0
12956,MGN,15-30,28.1
12956,MGN,30-60,38.6
12956,MGN,60-120,89.7
12956,MGN,120+,168.2
12956,MMCT,0-5,29.4
12956,MMCT,5-15,29.6
12956,MMCT,15-30,29.7
12956,MMCT,30-60,39.6
12956,MMCT,60-120,89.1
12956,MMCT,120+,167.9
12956,NAD,0-5,28.5
12956,NAD,5-15,28.5
12956,NAD,15-30,28.5
12956,NAD,30-60,36.1
12956,NAD,60-120,86.8
12956,NAD,120+,163.1
12956,RMA,0-5,24.9
12956,RMA,5-15,24.9
12956,RMA,15-30,24.9
12956,RMA,30-60,32.1
12956,RMA,60-120,81.0
12956,RMA,120+,158.8
12956,RTM,0-5,25.9
12956,RTM,5-15,25.9
12956,RTM,15-30,26.0
12956,RTM,30-60,35.3
12956,RTM,60-120,86.1
12956,RTM,120+,163.7
12956,SGZ,0-5,26.1
12956,SGZ,5-15,26.1
12956,SGZ,15-30,26.1
12956,SGZ,30-60,33.9
12956,SGZ,60-120,84.8
12956,SGZ,120+,164.9
12956,ST,0-5,25.8
12956,ST,5-15,25.8
12956,ST,15-30,25.8
12956,ST,30-60,36.3
12956,ST,60-120,87.4
12956,ST,120+,165.4
12956,SVA,0-5,28.5
12956,SVA,5-15,28.5
12956,SVA,15-30,28.3
12956,SVA,30-60,36.1
12956,SVA,60-120,91.1
12956,SVA,120+,172.7
12956,SWM,0-5,17.9
12956,SWM,5-15,18.0
12956,SWM,15-30,17.8
12956,SWM,30-60,23.4
12956,SWM,60-120,58.1
12956,SWM,120+,123.7
12956,VAPI,0-5,33.3
12956,VAPI,5-15,33.5
12956,VAPI,15-30,33.3
12956,VAPI,30-60,44.2
12956,VAPI,60-120,93.3
12956,VAPI,120+,170.5
12956,VMA,0-5,26.6
12956,VMA,5-15,26.6
12956,VMA,15-30,26.4
12956,VMA,30-60,35.8
12956,VMA,60-120,84.8
12956,VMA,120+,162.8
12957,ABR,0-5,7.6
12957,ABR,5-15,7.6
12957,ABR,15-30,8.6
12957,ABR,30-60,14.7
12957,ABR,60-120,36.4
12957,ABR,120+,68.1
12957,AII,0-5,3.4
12957,AII,5-15,3.4
12957,AII,15-30,4.2
12957,AII,30-60,10.8
12957,AII,60-120,30.5
12957,AII,120+,58.1
12957,DEC,0-5,14.8
12957,DEC,5-15,14.9
12957,DEC,15-30,15.9
12957,DEC,30-60,28.3
12957,DEC,60-120,56.5
12957,DEC,120+,106.6
12957,FA,0-5,3.2
12957,FA,5-15,3.2
12957,FA,15-30,4.1
12957,FA,30-60,10.6
12957,FA,60-120,29.4
12957,FA,120+,58.4
12957,GGN,0-5,9.7
12957,GGN,5-15,9.8
12957,GGN,15-30,10.8
12957,GGN,30-60,19.4
12957,GGN,60-120,44.9
12957,GGN,120+,87.4
12957,JP,0-5,9.8
12957,JP,5-15,9.9
12957,JP,15-30,10.9
12957,JP,30-60,19.4
12957,JP,60-120,44.9
12957,JP,120+,87.4
12957,MSH,0-5,7.5
12957,MSH,5-15,7.5
12957,MSH,15-30,8.6
12957,MSH,30-60,16.1
12957,MSH,60-120,40.0
12957,MSH,120+,75.0
12957,NDLS,0-5,23.5
12957,NDLS,5-15,23.5
12957,NDLS,15-30,21.9
12957,NDLS,30-60,31.8
12957,NDLS,60-120,57.5
12957,NDLS,120+,103.0
12957,PNU,0-5,2.7
12957,PNU,5-15,2.8
12957,PNU,15-30,3.5
12957,PNU,30-60,9.1
12957,PNU,60-120,23.8
12957,PNU,120+,51.5
12957,SBIB,0-5,2.8
12957,SBIB,5-15,2.8
12957,SBIB,15-30,3.6
12957,SBIB,30-60,9.1
12957,SBIB,60-120,24.9
12957,SBIB,120+,52.1
12958,ABR,0-5,16.3
12958,ABR,5-15,16.3
12958,ABR,15-30,17.2
12958,ABR,30-60,26.1
12958,ABR,60-120,52.2
12958,ABR,120+,85.6
12958,AII,0-5,12.0
12958,AII,5-15,12.1
12958,AII,15-30,13.0
12958,AII,30-60,24.5
12958,AII,60-120,51.3
12958,AII,120+,95.2
12958,DEC,0-5,3.2
12958,DEC,5-15,3.2
12958,DEC,15-30,4.1
12958,DEC,30-60,10.6
12958,DEC,60-120,29.4
12958,DEC,120+,58.4
12958,FA,0-5,11.5
12958,FA,5-15,11.5
12958,FA,15-30,12.6
12958,FA,30-60,23.1
12958,FA,60-120,48.7
12958,FA,120+,94.5
12958,GGN,0-5,4.6
12958,GGN,5-15,4.6
12958,GGN,15-30,5.7
12958,GGN,30-60,12.5
12958,GGN,60-120,34.2
12958,GGN,120+,64.1
12958,JP,0-5,11.5
12958,JP,5-15,11.5
12958,JP,15-30,12.6
12958,JP,30-60,23.0
12958,JP,60-120,48.6
12958,JP,120+,94.3
12958,MSH,0-5,7.5
12958,MSH,5-15,7.5
12958,MSH,15-30,8.6
12958,MSH,30-60,16.1
12958,MSH,60-120,40.0
12958,MSH,120+,75.0
12958,NDLS,0-5,14.1
12958,NDLS,5-15,14.2
12958,NDLS,15-30,12.3
12958,NDLS,30-60,18.1
12958,NDLS,60-120,32.6
12958,NDLS,120+,60.5
12958,PNU,0-5,5.8
12958,PNU,5-15,5.8
12958,PNU,15-30,6.9
12958,PNU,30-60,13.0
12958,PNU,60-120,35.4
12958,PNU,120+,68.6
12958,SBIB,0-5,2.8
12958,SBIB,5-15,2.8
12958,SBIB,15-30,3.6
12958,SBIB,30-60,9.1
12958,SBIB,60-120,24.9
12958,SBIB,120+,51.7
12975,ATP,0-5,5.4
12975,ATP,5-15,5.4
12975,ATP,15-30,5.4
12975,ATP,30-60,9.5
12975,ATP,60-120,25.5
12975,ATP,120+,49.9
12975,BCH,0-5,16.7
12975,BCH,5-15,16.7
12975,BCH,15-30,17.0
12975,BCH,30-60,24.3
12975,BCH,60-120,47.6
12975,BCH,120+,90.5
12975,BNC,0-5,14.2
12975,BNC,5-15,14.2
12975,BNC,15-30,14.4
12975,BNC,30-60,21.5
12975,BNC,60-120,43.2
12975,BNC,120+,83.5
12975,BPA,0-5,28.4
12975,BPA,5-15,28.5
12975,BPA,15-30,28.8
12975,BPA,30-60,36.7
12975,BPA,60-120,66.7
12975,BPA,120+,112.8
12975,BPL,0-5,16.7
12975,BPL,5-15,16.7
12975,BPL,15-30,17.3
12975,BPL,30-60,24.7
12975,BPL,60-120,47.7
12975,BPL,120+,90.2
12975,BPQ,0-5,14.9
12975,BPQ,5-15,14.9
12975,BPQ,15-30,15.2
12975,BPQ,30-60,22.1
12975,BPQ,60-120,42.8
12975,BPQ,120+,84.2
12975,BWM,0-5,12.7
12975,BWM,5-15,12.7
12975,BWM,15-30,12.7
12975,BWM,30-60,18.7
12975,BWM,60-120,37.0
12975,BWM,120+,72.0
12975,BZU,0-5,32.2
12975,BZU,5-15,32.2
12975,BZU,15-30,32.8
12975,BZU,30-60,40.2
12975,BZU,60-120,72.9
12975,BZU,120+,120.6
12975,CD,0-5,16.2
12975,CD,5-15,16.2
12975,CD,15-30,16.3
12975,CD,30-60,22.4
12975,CD,60-120,39.4
12975,CD,120+,78.9
12975,CMU,0-5,20.7
12975,CMU,5-15,20.7
12975,CMU,15-30,21.0
12975,CMU,30-60,27.4
12975,CMU,60-120,47.9
12975,CMU,120+,86.3
12975,DHNE,0-5,4.6
12975,DHNE,5-15,4.6
12975,DHNE,15-30,4.9
12975,DHNE,30-60,8.2
12975,DHNE,60-120,24.0
12975,DHNE,120+,47.3
12975,DMM,0-5,7.7
12975,DMM,5-15,7.7
12975,DMM,15-30,8.0
12975,DMM,30-60,12.4
12975,DMM,60-120,30.4
12975,DMM,120+,59.2
12975,DPA,0-5,26.5
12975,DPA,5-15,26.6
12975,DPA,15-30,26.9
12975,DPA,30-60,33.8
12975,DPA,60-120,60.7
12975,DPA,120+,102.8
12975,ET,0-5,17.1
12975,ET,5-15,17.1
12975,ET,15-30,17.6
12975,ET,30-60,24.2
12975,ET,60-120,45.7
12975,ET,120+,86.8
12975,GTL,0-5,15.8
12975,GTL,5-15,15.8
12975,GTL,15-30,15.8
12975,GTL,30-60,22.1
12975,GTL,60-120,38.9
12975,GTL,120+,77.4
12975,GWD,0-5,22.9
12975,GWD,5-15,22.9
12975,GWD,15-30,23.5
12975,GWD,30-60,30.6
12975,GWD,60-120,56.1
12975,GWD,120+,99.6
12975,HUP,0-5,23.1
12975,HUP,5-15,23.1
12975,HUP,15-30,23.4
12975,HUP,30-60,30.4
12975,HUP,60-120,54.2
12975,HUP,120+,95.9
12975,JCL,0-5,22.8
12975,JCL,5-15,22.8
12975,JCL,15-30,23.4
12975,JCL,30-60,30.5
12975,JCL,60-120,56.0
12975,JCL,120+,99.5
12975,JP,0-5,6.4
12975,JP,5-15,6.4
12975,JP,15-30,6.7
12975,JP,30-60,10.3
12975,JP,60-120,27.8
12975,JP,120+,54.2
12975,KCG,0-5,15.9
12975,KCG,5-15,16.0
12975,KCG,15-30,16.3
12975,KCG,30-60,22.8
12975,KCG,60-120,43.3
12975,KCG,120+,83.8
12975,KOTA,0-5,15.3
12975,KOTA,5-15,15.3
12975,KOTA,15-30,15.6
12975,KOTA,30-60,22.0
12975,KOTA,60-120,39.5
12975,KOTA,120+,77.6
12975,KRNT,0-5,12.2
12975,KRNT,5-15,12.3
12975,KRNT,15-30,12.6
12975,KRNT,30-60,18.2
12975,KRNT,60-120,37.6
12975,KRNT,120+,73.3
12975,KZJ,0-5,19.6
12975,KZJ,5-15,19.7
12975,KZJ,15-30,19.9
12975,KZJ,30-60,26.7
12975,KZJ,60-120,47.5
12975,KZJ,120+,88.1
12975,MBNR,0-5,23.4
12975,MBNR,5-15,23.4
12975,MBNR,15-30,24.0
12975,MBNR,30-60,31.2
12975,MBNR,60-120,56.4
12975,MBNR,120+,99.8
12975,MCI,0-5,29.4
12975,MCI,5-15,29.4
12975,MCI,15-30,29.7
12975,MCI,30-60,36.9
12975,MCI,60-120,65.5
12975,MCI,120+,110.1
12975,MYA,0-5,3.2
12975,MYA,5-15,3.2
12975,MYA,15-30,3.4
12975,MYA,30-60,6.5
12975,MYA,60-120,18.9
12975,MYA,120+,40.4
12975,MYS,0-5,3.1
12975,MYS,5-15,3.2
12975,MYS,15-30,3.3
12975,MYS,30-60,6.4
12975,MYS,60-120,19.0
12975,MYS,120+,39.9
12975,NAD,0-5,6.5
12975,NAD,5-15,6.5
12975,NAD,15-30,6.8
12975,NAD,30-60,10.6
12975,NAD,60-120,27.2
12975,NAD,120+,53.4
12975,NDPM,0-5,20.7
12975,NDPM,5-15,20.7
12975,NDPM,15-30,21.2
12975,NDPM,30-60,28.1
12975,NDPM,60-120,52.5
12975,NDPM,120+,94.9
12975,NGP,0-5,18.3
12975,NGP,5-15,18.3
12975,NGP,15-30,18.5
12975,NGP,30-60,24.7
12975,NGP,60-120,41.5
12975,NGP,120+,77.6
12975,PAR,0-5,28.3
12975,PAR,5-15,28.4
12975,PAR,15-30,28.9
12975,PAR,30-60,36.1
12975,PAR,60-120,64.7
12975,PAR,120+,110.2
12975,RKMP,0-5,16.8
12975,RKMP,5-15,16.8
12975,RKMP,15-30,17.3
12975,RKMP,30-60,23.9
12975,RKMP,60-120,44.8
12975,RKMP,120+,85.4
12975,RMA,0-5,15.7
12975,RMA,5-15,15.8
12975,RMA,15-30,15.8
12975,RMA,30-60,21.6
12975,RMA,60-120,36.6
12975,RMA,120+,71.9
12975,SBC,0-5,10.7
12975,SBC,5-15,10.7
12975,SBC,15-30,11.0
12975,SBC,30-60,16.1
12975,SBC,60-120,35.0
12975,SBC,120+,66.7
12975,SEGM,0-5,23.7
12975,SEGM,5-15,23.7
12975,SEGM,15-30,24.1
12975,SEGM,30-60,31.0
12975,SEGM,60-120,54.9
12975,SEGM,120+,95.5
12975,SEH,0-5,20.0
12975,SEH,5-15,20.0
12975,SEH,15-30,20.4
12975,SEH,30-60,27.3
12975,SEH,60-120,51.4
12975,SEH,120+,93.9
12975,SGZ,0-5,18.2
12975,SGZ,5-15,18.2
12975,SGZ,15-30,18.5
12975,SGZ,30-60,24.5
12975,SGZ,60-120,41.4
12975,SGZ,120+,77.8
12975,SHRN,0-5,13.4
12975,SHRN,5-15,13.4
12975,SHRN,15-30,13.7
12975,SHRN,30-60,19.6
12975,SHRN,60-120,38.8
12975,SHRN,120+,74.6
12975,SJP,0-5,16.7
12975,SJP,5-15,16.8
12975,SJP,15-30,17.2
12975,SJP,30-60,23.6
12975,SJP,60-120,44.4
12975,SJP,120+,85.0
12975,SKZR,0-5,28.3
12975,SKZR,5-15,28.3
12975,SKZR,15-30,28.9
12975,SKZR,30-60,36.1
12975,SKZR,60-120,64.3
12975,SKZR,120+,109.7
12975,SWM,0-5,5.6
12975,SWM,5-15,5.6
12975,SWM,15-30,5.9
12975,SWM,30-60,9.5
12975,SWM,60-120,22.6
12975,SWM,120+,44.8
12975,UJN,0-5,8.8
12975,UJN,5-15,8.8
12975,UJN,15-30,9.1
12975,UJN,30-60,13.8
12975,UJN,60-120,32.0
12975,UJN,120+,61.2
12975,VMA,0-5,16.8
12975,VMA,5-15,16.8
12975,VMA,15-30,17.3
12975,VMA,30-60,23.7
12975,VMA,60-120,43.1
12975,VMA,120+,82.5
12976,ATP,0-5,26.0
12976,ATP,5-15,26.0
12976,ATP,15-30,26.3
12976,ATP,30-60,30.5
12976,ATP,60-120,54.8
12976,ATP,120+,92.9
12976,BCH,0-5,3.3
12976,BCH,5-15,3.3
12976,BCH,15-30,3.4
12976,BCH,30-60,7.3
12976,BCH,60-120,22.3
12976,BCH,120+,44.1
12976,BNC,0-5,32.7
12976,BNC,5-15,32.8
12976,BNC,15-30,33.4
12976,BNC,30-60,42.0
12976,BNC,60-120,76.6
12976,BNC,120+,130.4
12976,BPA,0-5,32.9
12976,BPA,5-15,32.9
12976,BPA,15-30,33.5
12976,BPA,30-60,41.9
12976,BPA,60-120,74.0
12976,BPA,120+,125.4
12976,BPL,0-5,15.0
12976,BPL,5-15,15.0
12976,BPL,15-30,15.4
12976,BPL,30-60,22.3
12976,BPL,60-120,43.3
12976,BPL,120+,84.6
12976,BPQ,0-5,11.2
12976,BPQ,5-15,11.2
12976,BPQ,15-30,11.6
12976,BPQ,30-60,17.7
12976,BPQ,60-120,37.9
12976,BPQ,120+,74.0
12976,BWM,0-5,27.2
12976,BWM,5-15,27.3
12976,BWM,15-30,27.8
12976,BWM,30-60,35.3
12976,BWM,60-120,64.9
12976,BWM,120+,110.7
12976,BZU,0-5,20.0
12976,BZU,5-15,20.0
12976,BZU,15-30,20.5
12976,BZU,30-60,27.5
12976,BZU,60-120,50.4
12976,BZU,120+,92.7
12976,CD,0-5,33.1
12976,CD,5-15,33.1
12976,CD,15-30,33.7
12976,CD,30-60,41.2
12976,CD,60-120,72.8
12976,CD,120+,123.4
12976,CMU,0-5,19.0
12976,CMU,5-15,19.0
12976,CMU,15-30,19.4
12976,CMU,30-60,26.1
12976,CMU,60-120,47.6
12976,CMU,120+,88.2
12976,DHNE,0-5,27.2
12976,DHNE,5-15,27.3
12976,DHNE,15-30,27.7
12976,DHNE,30-60,35.1
12976,DHNE,60-120,64.4
12976,DHNE,120+,110.5
12976,DMM,0-5,15.2
12976,DMM,5-15,15.2
12976,DMM,15-30,15.7
12976,DMM,30-60,22.0
12976,DMM,60-120,42.2
12976,DMM,120+,82.1
12976,DPA,0-5,5.7
12976,DPA,5-15,5.7
12976,DPA,15-30,6.1
12976,DPA,30-60,10.0
12976,DPA,60-120,26.9
12976,DPA,120+,52.4
12976,ET,0-5,10.8
12976,ET,5-15,10.9
12976,ET,15-30,11.2
12976,ET,30-60,16.6
12976,ET,60-120,35.8
12976,ET,120+,69.0
12976,GTL,0-5,23.0
12976,GTL,5-15,23.0
12976,GTL,15-30,23.4
12976,GTL,30-60,30.6
12976,GTL,60-120,55.7
12976,GTL,120+,96.6
12976,GWD,0-5,45.3
12976,GWD,5-15,45.3
12976,GWD,15-30,46.5
12976,GWD,30-60,55.2
12976,GWD,60-120,90.9
12976,GWD,120+,147.7
12976,HUP,0-5,20.5
12976,HUP,5-15,20.6
12976,HUP,15-30,21.0
12976,HUP,30-60,27.6
12976,HUP,60-120,49.7
12976,HUP,120+,89.9
12976,JCL,0-5,28.7
12976,JCL,5-15,28.7
12976,JCL,15-30,29.2
12976,JCL,30-60,36.6
12976,JCL,60-120,66.8
12976,JCL,120+,113.9
12976,JP,0-5,2.3
12976,JP,5-15,2.4
12976,JP,15-30,2.6
12976,JP,30-60,5.8
12976,JP,60-120,18.1
12976,JP,120+,38.5
12976,KCG,0-5,33.6
12976,KCG,5-15,33.7
12976,KCG,15-30,34.3
12976,KCG,30-60,42.5
12976,KCG,60-120,75.0
12976,KCG,120+,126.9
12976,KOTA,0-5,15.9
12976,KOTA,5-15,15.9
12976,KOTA,15-30,16.5
12976,KOTA,30-60,22.7
12976,KOTA,60-120,41.6
12976,KOTA,120+,79.8
12976,KRNT,0-5,34.1
12976,KRNT,5-15,34.1
12976,KRNT,15-30,34.9
12976,KRNT,30-60,42.7
12976,KRNT,60-120,74.8
12976,KRNT,120+,127.0
12976,KZJ,0-5,32.3
12976,KZJ,5-15,32.4
12976,KZJ,15-30,33.0
12976,KZJ,30-60,40.7
12976,KZJ,60-120,71.5
12976,KZJ,120+,119.6
12976,MBNR,0-5,34.5
12976,MBNR,5-15,34.5
12976,MBNR,15-30,35.3
12976,MBNR,30-60,43.1
12976,MBNR,60-120,75.4
12976,MBNR,120+,128.4
12976,MCI,0-5,36.3
12976,MCI,5-15,36.4
12976,MCI,15-30,37.0
12976,MCI,30-60,44.6
12976,MCI,60-120,76.1
12976,MCI,120+,129.5
12976,MYA,0-5,33.8
12976,MYA,5-15,33.9
12976,MYA,15-30,34.6
12976,MYA,30-60,42.5
12976,MYA,60-120,74.6
12976,MYA,120+,127.1
12976,MYS,0-5,7.9
12976,MYS,5-15,8.0
12976,MYS,15-30,8.4
12976,MYS,30-60,13.2
12976,MYS,60-120,31.0
12976,MYS,120+,58.9
12976,NAD,0-5,5.8
12976,NAD,5-15,5.8
12976,NAD,15-30,6.2
12976,NAD,30-60,10.3
12976,NAD,60-120,26.4
12976,NAD,120+,51.5
12976,NDPM,0-5,20.2
12976,NDPM,5-15,20.3
12976,NDPM,15-30,20.8
12976,NDPM,30-60,27.5
12976,NDPM,60-120,51.2
12976,NDPM,120+,93.0
12976,NGP,0-5,13.5
12976,NGP,5-15,13.5
12976,NGP,15-30,13.8
12976,NGP,30-60,19.4
12976,NGP,60-120,34.1
12976,NGP,120+,66.5
12976,PAR,0-5,31.8
12976,PAR,5-15,31.8
12976,PAR,15-30,32.5
12976,PAR,30-60,40.0
12976,PAR,60-120,71.2
12976,PAR,120+,120.4
12976,RKMP,0-5,15.6
12976,RKMP,5-15,15.7
12976,RKMP,15-30,16.1
12976,RKMP,30-60,22.4
12976,RKMP,60-120,42.8
12976,RKMP,120+,82.1
12976,RMA,0-5,25.1
12976,RMA,5-15,25.1
12976,RMA,15-30,25.5
12976,RMA,30-60,32.6
12976,RMA,60-120,58.6
12976,RMA,120+,100.3
12976,SBC,0-5,31.1
12976,SBC,5-15,31.1
12976,SBC,15-30,31.6
12976,SBC,30-60,39.0
12976,SBC,60-120,70.5
12976,SBC,120+,118.8
12976,SEGM,0-5,27.9
12976,SEGM,5-15,28.0
12976,SEGM,15-30,28.4
12976,SEGM,30-60,35.3
12976,SEGM,60-120,63.1
12976,SEGM,120+,107.5
12976,SEH,0-5,3.8
12976,SEH,5-15,3.9
12976,SEH,15-30,4.3
12976,SEH,30-60,7.6
12976,SEH,60-120,22.1
12976,SEH,120+,44.0
12976,SGZ,0-5,24.0
12976,SGZ,5-15,24.0
12976,SGZ,15-30,24.5
12976,SGZ,30-60,31.5
12976,SGZ,60-120,56.9
12976,SGZ,120+,97.9
12976,SHRN,0-5,2.3
12976,SHRN,5-15,2.3
12976,SHRN,15-30,2.5
12976,SHRN,30-60,5.7
12976,SHRN,60-120,17.8
12976,SHRN,120+,37.8
12976,SJP,0-5,3.1
12976,SJP,5-15,3.2
12976,SJP,15-30,3.4
12976,SJP,30-60,6.7
12976,SJP,60-120,20.4
12976,SJP,120+,42.3
12976,SKZR,0-5,21.0
12976,SKZR,5-15,21.0
12976,SKZR,15-30,21.6
12976,SKZR,30-60,28.4
12976,SKZR,60-120,52.2
12976,SKZR,120+,93.7
12976,SWM,0-5,9.4
12976,SWM,5-15,9.5
12976,SWM,15-30,9.9
12976,SWM,30-60,14.9
12976,SWM,60-120,32.9
12976,SWM,120+,63.2
12976,UJN,0-5,3.7
12976,UJN,5-15,3.8
12976,UJN,15-30,4.2
12976,UJN,30-60,7.5
12976,UJN,60-120,22.0
12976,UJN,120+,43.9
12976,VMA,0-5,10.9
12976,VMA,5-15,10.9
12976,VMA,15-30,11.3
12976,VMA,30-60,16.6
12976,VMA,60-120,35.0
12976,VMA,120+,68.5
12989,ABR,0-5,24.0
12989,ABR,5-15,24.1
12989,ABR,15-30,24.6
12989,ABR,30-60,30.4
12989,ABR,60-120,57.7
12989,ABR,120+,98.9
12989,ADI,0-5,29.7
12989,ADI,5-15,29.7
12989,ADI,15-30,30.2
12989,ADI,30-60,40.6
12989,ADI,60-120,77.9
12989,ADI,120+,131.2
12989,AII,0-5,13.1
12989,AII,5-15,13.1
12989,AII,15-30,13.2
12989,AII,30-60,21.1
12989,AII,60-120,44.7
12989,AII,120+,86.5
12989,ANND,0-5,19.8
12989,ANND,5-15,19.9
12989,ANND,15-30,20.3
12989,ANND,30-60,29.4
12989,ANND,60-120,55.8
12989,ANND,120+,100.2
12989,BER,0-5,22.4
12989,BER,5-15,22.4
12989,BER,15-30,23.0
12989,BER,30-60,33.3
12989,BER,60-120,66.5
12989,BER,120+,113.6
12989,BH,0-5,27.5
12989,BH,5-15,27.5
12989,BH,15-30,28.1
12989,BH,30-60,38.3
12989,BH,60-120,73.3
12989,BH,120+,123.2
12989,BL,0-5,13.2
12989,BL,5-15,13.2
12989,BL,15-30,13.0
12989,BL,30-60,20.5
12989,BL,60-120,40.1
12989,BL,120+,79.6
12989,BRC,0-5,23.0
12989,BRC,5-15,23.0
12989,BRC,15-30,23.6
12989,BRC,30-60,33.4
12989,BRC,60-120,64.7
12989,BRC,120+,111.1
12989,BVI,0-5,11.3
12989,BVI,5-15,11.3
12989,BVI,15-30,11.4
12989,BVI,30-60,17.9
12989,BVI,60-120,38.8
12989,BVI,120+,77.2
12989,DDR,0-5,3.1
12989,DDR,5-15,3.1
12989,DDR,15-30,2.9
12989,DDR,30-60,6.1
12989,DDR,60-120,19.7
12989,DDR,120+,45.6
12989,FA,0-5,19.7
12989,FA,5-15,19.7
12989,FA,15-30,20.3
12989,FA,30-60,29.0
12989,FA,60-120,58.8
12989,FA,120+,104.2
12989,MJ,0-5,26.9
12989,MJ,5-15,26.9
12989,MJ,15-30,27.5
12989,MJ,30-60,37.1
12989,MJ,60-120,72.0
12989,MJ,120+,121.2
12989,MSH,0-5,30.0
12989,MSH,5-15,30.0
12989,MSH,15-30,30.7
12989,MSH,30-60,40.6
12989,MSH,60-120,77.8
12989,MSH,120+,128.2
12989,ND,0-5,20.1
12989,ND,5-15,20.1
12989,ND,15-30,20.5
12989,ND,30-60,29.6
12989,ND,60-120,56.1
12989,ND,120+,98.7
12989,NVS,0-5,14.6
12989,NVS,5-15,14.6
12989,NVS,15-30,14.8
12989,NVS,30-60,22.9
12989,NVS,60-120,43.0
12989,NVS,120+,83.5
12989,PDWA,0-5,20.0
12989,PDWA,5-15,20.0
12989,PDWA,15-30,20.6
12989,PDWA,30-60,29.7
12989,PDWA,60-120,59.1
12989,PDWA,120+,104.0
12989,PNU,0-5,19.1
12989,PNU,5-15,19.1
12989,PNU,15-30,19.6
12989,PNU,30-60,28.3
12989,PNU,60-120,56.3
12989,PNU,120+,101.4
12989,RANI,0-5,19.9
12989,RANI,5-15,20.0
12989,RANI,15-30,20.6
12989,RANI,30-60,29.6
12989,RANI,60-120,58.9
12989,RANI,120+,103.6
12989,SJWB,0-5,20.8
12989,SJWB,5-15,20.8
12989,SJWB,15-30,21.4
12989,SJWB,30-60,30.9
12989,SJWB,60-120,60.5
12989,SJWB,120+,106.2
12989,SOD,0-5,27.7
12989,SOD,5-15,27.7
12989,SOD,15-30,28.3
12989,SOD,30-60,37.9
12989,SOD,60-120,72.0
12989,SOD,120+,120.5
12989,ST,0-5,12.9
12989,ST,5-15,12.9
12989,ST,15-30,13.0
12989,ST,30-60,20.4
12989,ST,60-120,42.0
12989,ST,120+,81.2
12989,UJA,0-5,24.1
12989,UJA,5-15,24.2
12989,UJA,15-30,24.8
12989,UJA,30-60,34.4
12989,UJA,60-120,67.1
12989,UJA,120+,113.3
12990,ABR,0-5,9.6
12990,ABR,5-15,9.7
12990,ABR,15-30,10.2
12990,ABR,30-60,16.1
12990,ABR,60-120,36.3
12990,ABR,120+,64.8
12990,ADI,0-5,18.0
12990,ADI,5-15,18.0
12990,ADI,15-30,18.8
12990,ADI,30-60,27.1
12990,ADI,60-120,55.7
12990,ADI,120+,98.2
12990,AII,0-5,4.7
12990,AII,5-15,4.7
12990,AII,15-30,5.4
12990,AII,30-60,10.1
12990,AII,60-120,29.9
12990,AII,120+,57.3
12990,ANND,0-5,12.6
12990,ANND,5-15,12.6
12990,ANND,15-30,13.3
12990,ANND,30-60,21.0
12990,ANND,60-120,45.4
12990,ANND,120+,82.6
12990,BER,0-5,10.3
12990,BER,5-15,10.3
12990,BER,15-30,11.0
12990,BER,30-60,18.2
12990,BER,60-120,42.2
12990,BER,120+,75.0
12990,BH,0-5,22.0
12990,BH,5-15,22.0
12990,BH,15-30,23.0
12990,BH,30-60,31.7
12990,BH,60-120,58.9
12990,BH,120+,104.1
12990,BL,0-5,18.7
12990,BL,5-15,18.7
12990,BL,15-30,19.6
12990,BL,30-60,27.5
12990,BL,60-120,52.0
12990,BL,120+,97.0
12990,BRC,0-5,15.5
12990,BRC,5-15,15.5
12990,BRC,15-30,16.1
12990,BRC,30-60,23.9
12990,BRC,60-120,46.0
12990,BRC,120+,86.3
12990,BVI,0-5,21.9
12990,BVI,5-15,21.9
12990,BVI,15-30,22.8
12990,BVI,30-60,31.1
12990,BVI,60-120,57.1
12990,BVI,120+,102.8
12990,DDR,0-5,6.4
12990,DDR,5-15,6.4
12990,DDR,15-30,7.0
12990,DDR,30-60,12.1
12990,DDR,60-120,34.4
12990,DDR,120+,63.9
12990,FA,0-5,10.8
12990,FA,5-15,10.9
12990,FA,15-30,11.5
12990,FA,30-60,18.1
12990,FA,60-120,42.8
12990,FA,120+,76.1
12990,JWB,0-5,9.3
12990,JWB,5-15,9.4
12990,JWB,15-30,10.1
12990,JWB,30-60,16.4
12990,JWB,60-120,41.2
12990,JWB,120+,72.4
12990,MJ,0-5,6.4
12990,MJ,5-15,6.4
12990,MJ,15-30,7.1
12990,MJ,30-60,12.2
12990,MJ,60-120,34.1
12990,MJ,120+,63.2
12990,MSH,0-5,9.5
12990,MSH,5-15,9.6
12990,MSH,15-30,10.2
12990,MSH,30-60,16.6
12990,MSH,60-120,40.6
12990,MSH,120+,72.5
12990,ND,0-5,10.5
12990,ND,5-15,10.5
12990,ND,15-30,11.2
12990,ND,30-60,17.7
12990,ND,60-120,42.4
12990,ND,120+,76.1
12990,NVS,0-5,23.9
12990,NVS,5-15,24.0
12990,NVS,15-30,25.0
12990,NVS,30-60,33.3
12990,NVS,60-120,67.0
12990,NVS,120+,114.2
12990,PDWA,0-5,12.6
12990,PDWA,5-15,12.6
12990,PDWA,15-30,13.3
12990,PDWA,30-60,20.3
12990,PDWA,60-120,44.9
12990,PDWA,120+,81.9
12990,PNU,0-5,4.7
12990,PNU,5-15,4.7
12990,PNU,15-30,5.3
12990,PNU,30-60,9.2
12990,PNU,60-120,29.5
12990,PNU,120+,55.6
12990,RANI,0-5,9.1
12990,RANI,5-15,9.1
12990,RANI,15-30,9.8
12990,RANI,30-60,16.0
12990,RANI,60-120,39.7
12990,RANI,120+,70.8
12990,SJWB,0-5,17.6
12990,SJWB,5-15,17.6
12990,SJWB,15-30,18.5
12990,SJWB,30-60,25.9
12990,SJWB,60-120,53.6
12990,SJWB,120+,96.3
12990,SOD,0-5,8.8
12990,SOD,5-15,8.8
12990,SOD,15-30,9.5
12990,SOD,30-60,15.5
12990,SOD,60-120,39.2
12990,SOD,120+,69.7
12990,ST,0-5,14.6
12990,ST,5-15,14.6
12990,ST,15-30,15.3
12990,ST,30-60,22.6
12990,ST,60-120,48.8
12990,ST,120+,87.9
12990,UJA,0-5,3.7
12990,UJA,5-15,3.7
12990,UJA,15-30,4.2
12990,UJA,30-60,8.1
12990,UJA,60-120,28.1
12990,UJA,120+,54.2
13201,ARA,0-5,35.1
13201,ARA,5-15,35.1
13201,ARA,15-30,35.1
13201,ARA,30-60,37.3
13201,ARA,60-120,65.2
13201,ARA,120+,83.0
13201,BAU,0-5,17.0
13201,BAU,5-15,17.0
13201,BAU,15-30,17.0
13201,BAU,30-60,22.7
13201,BAU,60-120,47.2
13201,BAU,120+,68.3
13201,BDL,0-5,18.2
13201,BDL,5-15,18.2
13201,BDL,15-30,18.3
13201,BDL,30-60,24.2
13201,BDL,60-120,50.6
13201,BDL,120+,75.2
13201,BEA,0-5,30.7
13201,BEA,5-15,30.7
13201,BEA,15-30,30.9
13201,BEA,30-60,37.2
13201,BEA,60-120,67.6
13201,BEA,120+,104.1
13201,BEHS,0-5,18.2
13201,BEHS,5-15,18.2
13201,BEHS,15-30,18.3
13201,BEHS,30-60,24.2
13201,BEHS,60-120,50.7
13201,BEHS,120+,75.8
13201,BKH,0-5,39.2
13201,BKH,5-15,39.3
13201,BKH,15-30,39.6
13201,BKH,30-60,45.9
13201,BKH,60-120,79.0
13201,BKH,120+,120.4
13201,BKP,0-5,26.5
13201,BKP,5-15,26.6
13201,BKP,15-30,26.8
13201,BKP,30-60,32.7
13201,BKP,60-120,61.0
13201,BKP,120+,89.7
13201,BPF,0-5,32.3
13201,BPF,5-15,32.3
13201,BPF,15-30,32.5
13201,BPF,30-60,38.3
13201,BPF,60-120,67.2
13201,BPF,120+,106.1
13201,BSL,0-5,27.6
13201,BSL,5-15,27.7
13201,BSL,15-30,27.9
13201,BSL,30-60,33.0
13201,BSL,60-120,59.7
13201,BSL,120+,85.3
13201,BTA,0-5,24.3
13201,BTA,5-15,24.3
13201,BTA,15-30,24.4
13201,BTA,30-60,29.5
13201,BTA,60-120,57.5
13201,BTA,120+,85.0
13201,BXR,0-5,27.8
13201,BXR,5-15,27.8
13201,BXR,15-30,28.0
13201,BXR,30-60,33.5
13201,BXR,60-120,60.9
13201,BXR,120+,90.0
13201,CAER,0-5,49.1
13201,CAER,5-15,49.2
13201,CAER,15-30,49.5
13201,CAER,30-60,54.9
13201,CAER,60-120,85.6
13201,CAER,120+,121.5
13201,CAR,0-5,14.8
13201,CAR,5-15,14.8
13201,CAR,15-30,15.0
13201,CAR,30-60,20.0
13201,CAR,60-120,40.8
13201,CAR,120+,61.8
13201,CSA,0-5,32.3
13201,CSA,5-15,32.3
13201,CSA,15-30,32.5
13201,CSA,30-60,38.1
13201,CSA,60-120,65.4
13201,CSA,120+,102.6
13201,CSN,0-5,29.3
13201,CSN,5-15,29.4
13201,CSN,15-30,29.5
13201,CSN,30-60,35.1
13201,CSN,60-120,62.2
13201,CSN,120+,93.8
13201,DBR,0-5,20.4
13201,DBR,5-15,20.4
13201,DBR,15-30,20.5
13201,DBR,30-60,25.5
13201,DBR,60-120,50.2
13201,DBR,120+,75.1
13201,DDU,0-5,13.3
13201,DDU,5-15,13.3
13201,DDU,15-30,13.5
13201,DDU,30-60,18.2
13201,DDU,60-120,38.2
13201,DDU,120+,58.7
13201,DLN,0-5,36.9
13201,DLN,5-15,37.0
13201,DLN,15-30,37.3
13201,DLN,30-60,43.0
13201,DLN,60-120,72.3
13201,DLN,120+,111.0
13201,DNR,0-5,17.1
13201,DNR,5-15,17.2
13201,DNR,15-30,17.3
13201,DNR,30-60,22.3
13201,DNR,60-120,44.9
13201,DNR,120+,66.7
13201,DVL,0-5,35.9
13201,DVL,5-15,35.9
13201,DVL,15-30,36.1
13201,DVL,30-60,41.6
13201,DVL,60-120,70.1
13201,DVL,120+,108.4
13201,ET,0-5,24.1
13201,ET,5-15,24.2
13201,ET,15-30,24.3
13201,ET,30-60,29.3
13201,ET,60-120,56.4
13201,ET,120+,82.8
13201,FUT,0-5,32.2
13201,FUT,5-15,32.2
13201,FUT,15-30,32.4
13201,FUT,30-60,37.8
13201,FUT,60-120,65.8
13201,FUT,120+,103.0
13201,GAR,0-5,34.8
13201,GAR,5-15,34.9
13201,GAR,15-30,35.1
13201,GAR,30-60,40.6
13201,GAR,60-120,69.8
13201,GAR,120+,108.5
13201,GMR,0-5,33.6
13201,GMR,5-15,33.7
13201,GMR,15-30,33.9
13201,GMR,30-60,39.4
13201,GMR,60-120,67.6
13201,GMR,120+,105.8
13201,HD,0-5,37.9
13201,HD,5-15,37.9
13201,HD,15-30,38.2
13201,HD,30-60,43.8
13201,HD,60-120,73.2
13201,HD,120+,111.9
13201,JBP,0-5,28.1
13201,JBP,5-15,28.1
13201,JBP,15-30,28.4
13201,JBP,30-60,33.8
13201,JBP,60-120,61.7
13201,JBP,120+,91.9
13201,JL,0-5,28.3
13201,JL,5-15,28.4
13201,JL,15-30,28.6
13201,JL,30-60,33.7
13201,JL,60-120,59.8
13201,JL,120+,86.5
13201,JTW,0-5,36.9
13201,JTW,5-15,37.0
13201,JTW,15-30,37.3
13201,JTW,30-60,43.1
13201,JTW,60-120,72.5
13201,JTW,120+,110.8
13201,KKN,0-5,43.2
13201,KKN,5-15,43.2
13201,KKN,15-30,43.5
13201,KKN,30-60,49.3
13201,KKN,60-120,80.3
13201,KKN,120+,119.2
13201,KNW,0-5,13.2
13201,KNW,5-15,13.2
13201,KNW,15-30,13.3
13201,KNW,30-60,18.1
13201,KNW,60-120,37.9
13201,KNW,120+,58.4
13201,KSRA,0-5,13.0
13201,KSRA,5-15,13.0
13201,KSRA,15-30,13.2
13201,KSRA,30-60,18.1
13201,KSRA,60-120,38.0
13201,KSRA,120+,58.5
13201,KTE,0-5,25.7
13201,KTE,5-15,25.8
13201,KTE,15-30,26.1
13201,KTE,30-60,31.6
13201,KTE,60-120,59.3
13201,KTE,120+,86.1
13201,KY,0-5,29.6
13201,KY,5-15,29.7
13201,KY,15-30,29.9
13201,KY,30-60,35.5
13201,KY,60-120,63.4
13201,KY,120+,97.5
13201,KYN,0-5,27.9
13201,KYN,5-15,27.9
13201,KYN,15-30,28.2
13201,KYN,30-60,33.4
13201,KYN,60-120,59.3
13201,KYN,120+,85.3
13201,KYT,0-5,13.2
13201,KYT,5-15,13.2
13201,KYT,15-30,13.4
13201,KYT,30-60,18.2
13201,KYT,60-120,38.5
13201,KYT,120+,59.3
13201,LTT,0-5,5.3
13201,LTT,5-15,5.3
13201,LTT,15-30,5.2
13201,LTT,30-60,8.3
13201,LTT,60-120,21.4
13201,LTT,120+,31.0
13201,MJA,0-5,21.6
13201,MJA,5-15,21.6
13201,MJA,15-30,21.7
13201,MJA,30-60,26.8
13201,MJA,60-120,52.9
13201,MJA,120+,78.4
13201,MJG,0-5,27.9
13201,MJG,5-15,27.9
13201,MJG,15-30,28.2
13201,MJG,30-60,33.8
13201,MJG,60-120,61.8
13201,MJG,120+,92.2
13201,MKP,0-5,14.4
13201,MKP,5-15,14.5
13201,MKP,15-30,14.6
13201,MKP,30-60,19.7
13201,MKP,60-120,40.9
13201,MKP,120+,62.2
13201,MML,0-5,26.0
13201,MML,5-15,26.0
13201,MML,15-30,26.3
13201,MML,30-60,31.7
13201,MML,60-120,59.8
13201,MML,120+,88.4
13201,MMR,0-5,33.1
13201,MMR,5-15,33.1
13201,MMR,15-30,33.2
13201,MMR,30-60,38.9
13201,MMR,60-120,67.1
13201,MMR,120+,104.5
13201,MNF,0-5,23.8
13201,MNF,5-15,23.8
13201,MNF,15-30,23.9
13201,MNF,30-60,29.0
13201,MNF,60-120,56.6
13201,MNF,120+,83.2
13201,MYR,0-5,23.8
13201,MYR,5-15,23.8
13201,MYR,15-30,23.9
13201,MYR,30-60,29.0
13201,MYR,60-120,56.6
13201,MYR,120+,83.2
13201,MZP,0-5,13.2
13201,MZP,5-15,13.2
13201,MZP,15-30,13.3
13201,MZP,30-60,18.2
13201,MZP,60-120,38.6
13201,MZP,120+,59.6
13201,NGN,0-5,34.0
13201,NGN,5-15,34.0
13201,NGN,15-30,34.1
13201,NGN,30-60,39.8
13201,NGN,60-120,68.4
13201,NGN,120+,106.7
13201,NK,0-5,32.3
13201,NK,5-15,32.3
13201,NK,15-30,32.4
13201,NK,30-60,37.7
13201,NK,60-120,64.1
13201,NK,120+,98.8
13201,NLD,0-5,13.5
13201,NLD,5-15,13.5
13201,NLD,15-30,13.6
13201,NLD,30-60,18.5
13201,NLD,60-120,38.9
13201,NLD,120+,59.8
13201,NPNR,0-5,21.8
13201,NPNR,5-15,21.9
13201,NPNR,15-30,22.0
13201,NPNR,30-60,27.1
13201,NPNR,60-120,53.3
13201,NPNR,120+,78.9
13201,NR,0-5,33.4
13201,NR,5-15,33.4
13201,NR,15-30,33.6
13201,NR,30-60,39.2
13201,NR,60-120,67.2
13201,NR,120+,105.3
13201,NU,0-5,28.0
13201,NU,5-15,28.0
13201,NU,15-30,28.2
13201,NU,30-60,33.8
13201,NU,60-120,61.3
13201,NU,120+,90.9
13201,PCOI,0-5,25.5
13201,PCOI,5-15,25.5
13201,PCOI,15-30,25.8
13201,PCOI,30-60,31.3
13201,PCOI,60-120,58.6
13201,PCOI,120+,85.2
13201,PNBE,0-5,11.9
13201,PNBE,5-15,11.9
13201,PNBE,15-30,12.0
13201,PNBE,30-60,16.7
13201,PNBE,60-120,35.0
13201,PNBE,120+,54.7
13201,PNC,0-5,35.3
13201,PNC,5-15,35.3
13201,PNC,15-30,35.5
13201,PNC,30-60,41.0
13201,PNC,60-120,69.5
13201,PNC,120+,107.7
13201,PPI,0-5,40.2
13201,PPI,5-15,40.2
13201,PPI,15-30,40.5
13201,PPI,30-60,46.5
13201,PPI,60-120,76.8
13201,PPI,120+,115.8
13201,RGD,0-5,6.6
13201,RGD,5-15,6.6
13201,RGD,15-30,6.5
13201,RGD,30-60,10.9
13201,RGD,60-120,25.2
13201,RGD,120+,40.5
13201,RPR,0-5,31.0
13201,RPR,5-15,31.0
13201,RPR,15-30,31.2
13201,RPR,30-60,36.7
13201,RPR,60-120,63.8
13201,RPR,120+,100.0
13201,RV,0-5,19.7
13201,RV,5-15,19.7
13201,RV,15-30,19.8
13201,RV,30-60,25.0
13201,RV,60-120,49.2
13201,RV,120+,73.4
13201,SCKR,0-5,36.8
13201,SCKR,5-15,36.8
13201,SCKR,15-30,37.1
13201,SCKR,30-60,42.8
13201,SCKR,60-120,71.7
13201,SCKR,120+,109.9
13201,SDE,0-5,20.6
13201,SDE,5-15,20.6
13201,SDE,15-30,20.7
13201,SDE,30-60,26.0
13201,SDE,60-120,50.7
13201,SDE,120+,75.4
13201,SGP,0-5,41.5
13201,SGP,5-15,41.6
13201,SGP,15-30,41.8
13201,SGP,30-60,47.6
13201,SGP,60-120,77.7
13201,SGP,120+,116.7
13201,SHR,0-5,26.3
13201,SHR,5-15,26.3
13201,SHR,15-30,26.6
13201,SHR,30-60,32.2
13201,SHR,60-120,59.7
13201,SHR,120+,88.4
13201,SRID,0-5,28.3
13201,SRID,5-15,28.4
13201,SRID,15-30,28.6
13201,SRID,30-60,34.3
13201,SRID,60-120,62.0
13201,SRID,120+,93.4
13201,SRJ,0-5,33.1
13201,SRJ,5-15,33.1
13201,SRJ,15-30,33.3
13201,SRJ,30-60,38.8
13201,SRJ,60-120,66.6
13201,SRJ,120+,104.1
13201,STA,0-5,14.7
13201,STA,5-15,14.7
13201,STA,15-30,14.9
13201,STA,30-60,19.9
13201,STA,60-120,40.5
13201,STA,120+,61.3
13201,TBN,0-5,35.3
13201,TBN,5-15,35.4
13201,TBN,15-30,35.5
13201,TBN,30-60,41.0
13201,TBN,60-120,69.3
13201,TBN,120+,107.5
13201,TLV,0-5,31.0
13201,TLV,5-15,31.0
13201,TLV,15-30,31.2
13201,TLV,30-60,36.7
13201,TLV,60-120,63.8
13201,TLV,120+,100.0
13201,TNA,0-5,24.4
13201,TNA,5-15,24.4
13201,TNA,15-30,24.7
13201,TNA,30-60,29.9
13201,TNA,60-120,56.9
13201,TNA,120+,82.7
13201,ZNA,0-5,40.1
13201,ZNA,5-15,40.1
13201,ZNA,15-30,40.4
13201,ZNA,30-60,46.0
13201,ZNA,60-120,75.2
13201,ZNA,120+,113.8
13202,ARA,0-5,52.3
13202,ARA,5-15,52.3
13202,ARA,15-30,52.6
13202,ARA,30-60,54.1
13202,ARA,60-120,82.6
13202,ARA,120+,109.2
13202,BAU,0-5,27.3
13202,BAU,5-15,27.3
13202,BAU,15-30,27.5
13202,BAU,30-60,32.4
13202,BAU,60-120,62.2
13202,BAU,120+,90.0
13202,BDL,0-5,54.7
13202,BDL,5-15,54.7
13202,BDL,15-30,55.0
13202,BDL,30-60,60.4
13202,BDL,60-120,92.6
13202,BDL,120+,132.7
13202,BEA,0-5,38.6
13202,BEA,5-15,38.6
13202,BEA,15-30,38.7
13202,BEA,30-60,44.0
13202,BEA,60-120,75.0
13202,BEA,120+,114.7
13202,BEHS,0-5,57.7
13202,BEHS,5-15,57.8
13202,BEHS,15-30,58.0
13202,BEHS,30-60,63.9
13202,BEHS,60-120,96.7
13202,BEHS,120+,137.3
13202,BKH,0-5,17.9
13202,BKH,5-15,18.0
13202,BKH,15-30,18.0
13202,BKH,30-60,22.6
13202,BKH,60-120,47.2
13202,BKH,120+,70.3
13202,BKP,0-5,44.7
13202,BKP,5-15,44.7
13202,BKP,15-30,45.0
13202,BKP,30-60,50.2
13202,BKP,60-120,81.4
13202,BKP,120+,120.7
13202,BPF,0-5,41.8
13202,BPF,5-15,41.9
13202,BPF,15-30,42.1
13202,BPF,30-60,47.0
13202,BPF,60-120,77.3
13202,BPF,120+,116.7
13202,BSL,0-5,27.6
13202,BSL,5-15,27.6
13202,BSL,15-30,27.8
13202,BSL,30-60,31.8
13202,BSL,60-120,52.7
13202,BSL,120+,76.2
13202,BTA,0-5,46.8
13202,BTA,5-15,46.8
13202,BTA,15-30,47.1
13202,BTA,30-60,51.9
13202,BTA,60-120,83.1
13202,BTA,120+,122.3
13202,BXR,0-5,27.3
13202,BXR,5-15,27.4
13202,BXR,15-30,27.5
13202,BXR,30-60,31.7
13202,BXR,60-120,58.7
13202,BXR,120+,85.0
13202,CAER,0-5,17.8
13202,CAER,5-15,17.8
13202,CAER,15-30,17.7
13202,CAER,30-60,21.7
13202,CAER,60-120,43.3
13202,CAER,120+,62.4
13202,CAR,0-5,35.3
13202,CAR,5-15,35.3
13202,CAR,15-30,35.5
13202,CAR,30-60,39.9
13202,CAR,60-120,69.5
13202,CAR,120+,105.9
13202,CSA,0-5,28.1
13202,CSA,5-15,28.1
13202,CSA,15-30,28.3
13202,CSA,30-60,32.4
13202,CSA,60-120,60.1
13202,CSA,120+,87.9
13202,CSN,0-5,41.0
13202,CSN,5-15,41.0
13202,CSN,15-30,41.3
13202,CSN,30-60,45.8
13202,CSN,60-120,75.6
13202,CSN,120+,113.5
13202,DBR,0-5,15.6
13202,DBR,5-15,15.6
13202,DBR,15-30,15.6
13202,DBR,30-60,19.4
13202,DBR,60-120,40.9
13202,DBR,120+,61.3
13202,DDU,0-5,8.1
13202,DDU,5-15,8.1
13202,DDU,15-30,8.0
13202,DDU,30-60,11.3
13202,DDU,60-120,26.5
13202,DDU,120+,42.4
13202,DLN,0-5,19.8
13202,DLN,5-15,19.8
13202,DLN,15-30,19.7
13202,DLN,30-60,23.5
13202,DLN,60-120,46.4
13202,DLN,120+,66.9
13202,DNR,0-5,55.6
13202,DNR,5-15,55.6
13202,DNR,15-30,56.0
13202,DNR,30-60,60.9
13202,DNR,60-120,91.4
13202,DNR,120+,130.0
13202,DVL,0-5,23.3
13202,DVL,5-15,23.3
13202,DVL,15-30,23.2
13202,DVL,30-60,27.1
13202,DVL,60-120,52.6
13202,DVL,120+,76.0
13202,ET,0-5,12.7
13202,ET,5-15,12.7
13202,ET,15-30,12.6
13202,ET,30-60,16.1
13202,ET,60-120,35.0
13202,ET,120+,54.4
13202,FUT,0-5,53.6
13202,FUT,5-15,53.6
13202,FUT,15-30,53.9
13202,FUT,30-60,58.6
13202,FUT,60-120,87.2
13202,FUT,120+,125.0
13202,GAR,0-5,25.4
13202,GAR,5-15,25.5
13202,GAR,15-30,25.4
13202,GAR,30-60,29.2
13202,GAR,60-120,56.2
13202,GAR,120+,80.5
13202,GMR,0-5,25.7
13202,GMR,5-15,25.7
13202,GMR,15-30,25.9
13202,GMR,30-60,29.7
13202,GMR,60-120,56.8
13202,GMR,120+,81.9
13202,HD,0-5,27.8
13202,HD,5-15,27.9
13202,HD,15-30,28.0
13202,HD,30-60,32.3
13202,HD,60-120,59.5
13202,HD,120+,87.7
13202,JBP,0-5,37.6
13202,JBP,5-15,37.7
13202,JBP,15-30,37.8
13202,JBP,30-60,42.1
13202,JBP,60-120,71.6
13202,JBP,120+,109.5
13202,JL,0-5,35.1
13202,JL,5-15,35.2
13202,JL,15-30,35.3
13202,JL,30-60,39.4
13202,JL,60-120,60.8
13202,JL,120+,94.6
13202,JTW,0-5,38.4
13202,JTW,5-15,38.4
13202,JTW,15-30,38.5
13202,JTW,30-60,43.2
13202,JTW,60-120,72.3
13202,JTW,120+,109.8
13202,KKN,0-5,21.4
13202,KKN,5-15,21.5
13202,KKN,15-30,21.4
13202,KKN,30-60,25.6
13202,KKN,60-120,49.4
13202,KKN,120+,71.7
13202,KNW,0-5,11.5
13202,KNW,5-15,11.6
13202,KNW,15-30,11.5
13202,KNW,30-60,15.4
13202,KNW,60-120,33.3
13202,KNW,120+,53.2
13202,KSRA,0-5,15.7
13202,KSRA,5-15,15.7
13202,KSRA,15-30,15.7
13202,KSRA,30-60,20.1
13202,KSRA,60-120,42.1
13202,KSRA,120+,63.2
13202,KTE,0-5,37.6
13202,KTE,5-15,37.7
13202,KTE,15-30,37.8
13202,KTE,30-60,42.5
13202,KTE,60-120,72.1
13202,KTE,120+,110.5
13202,KY,0-5,24.8
13202,KY,5-15,24.8
13202,KY,15-30,24.8
13202,KY,30-60,29.1
13202,KY,60-120,56.4
13202,KY,120+,82.0
13202,KYN,0-5,7.4
13202,KYN,5-15,7.4
13202,KYN,15-30,7.2
13202,KYN,30-60,10.5
13202,KYN,60-120,18.4
13202,KYN,120+,31.3
13202,LTT,0-5,0.5
13202,LTT,5-15,0.5
13202,LTT,15-30,0.4
13202,LTT,30-60,1.1
13202,LTT,60-120,12.2
13202,LTT,120+,20.8
13202,MJG,0-5,40.5
13202,MJG,5-15,40.5
13202,MJG,15-30,40.8
13202,MJG,30-60,45.8
13202,MJG,60-120,75.6
13202,MJG,120+,114.4
13202,MKP,0-5,13.8
13202,MKP,5-15,13.8
13202,MKP,15-30,13.7
13202,MKP,30-60,17.8
13202,MKP,60-120,38.3
13202,MKP,120+,58.7
13202,MML,0-5,31.8
13202,MML,5-15,31.8
13202,MML,15-30,32.0
13202,MML,30-60,36.7
13202,MML,60-120,65.7
13202,MML,120+,99.3
13202,MMR,0-5,35.0
13202,MMR,5-15,35.0
13202,MMR,15-30,35.1
13202,MMR,30-60,39.9
13202,MMR,60-120,67.9
13202,MMR,120+,105.4
13202,MNF,0-5,46.2
13202,MNF,5-15,46.2
13202,MNF,15-30,46.4
13202,MNF,30-60,51.4
13202,MNF,60-120,83.0
13202,MNF,120+,122.1
13202,MYR,0-5,41.4
13202,MYR,5-15,41.4
13202,MYR,15-30,41.6
13202,MYR,30-60,46.6
13202,MYR,60-120,77.2
13202,MYR,120+,116.6
13202,MZP,0-5,53.2
13202,MZP,5-15,53.2
13202,MZP,15-30,53.5
13202,MZP,30-60,58.5
13202,MZP,60-120,89.0
13202,MZP,120+,128.7
13202,NGN,0-5,38.6
13202,NGN,5-15,38.6
13202,NGN,15-30,38.7
13202,NGN,30-60,43.5
13202,NGN,60-120,72.8
13202,NGN,120+,111.5
13202,NK,0-5,23.3
13202,NK,5-15,23.3
13202,NK,15-30,23.2
13202,NK,30-60,27.4
13202,NK,60-120,47.1
13202,NK,120+,71.0
13202,NLD,0-5,60.8
13202,NLD,5-15,60.8
13202,NLD,15-30,61.0
13202,NLD,30-60,67.1
13202,NLD,60-120,98.5
13202,NLD,120+,139.0
13202,NPNR,0-5,27.6
13202,NPNR,5-15,27.7
13202,NPNR,15-30,27.9
13202,NPNR,30-60,32.5
13202,NPNR,60-120,61.1
13202,NPNR,120+,91.7
13202,NR,0-5,27.8
13202,NR,5-15,27.8
13202,NR,15-30,27.9
13202,NR,30-60,32.5
13202,NR,60-120,59.8
13202,NR,120+,88.6
13202,NU,0-5,26.1
13202,NU,5-15,26.1
13202,NU,15-30,26.3
13202,NU,30-60,30.7
13202,NU,60-120,58.2
13202,NU,120+,84.9
13202,PCOI,0-5,32.1
13202,PCOI,5-15,32.1
13202,PCOI,15-30,32.3
13202,PCOI,30-60,37.0
13202,PCOI,60-120,65.1
13202,PCOI,120+,99.0
13202,PNBE,0-5,35.2
13202,PNBE,5-15,35.2
13202,PNBE,15-30,35.4
13202,PNBE,30-60,40.2
13202,PNBE,60-120,69.4
13202,PNBE,120+,105.9
13202,PNC,0-5,44.9
13202,PNC,5-15,45.0
13202,PNC,15-30,45.2
13202,PNC,30-60,50.2
13202,PNC,60-120,80.4
13202,PNC,120+,117.9
13202,PPI,0-5,15.8
13202,PPI,5-15,15.9
13202,PPI,15-30,15.8
13202,PPI,30-60,19.9
13202,PPI,60-120,40.7
13202,PPI,120+,59.9
13202,RGD,0-5,12.2
13202,RGD,5-15,12.2
13202,RGD,15-30,12.1
13202,RGD,30-60,16.3
13202,RGD,60-120,35.2
13202,RGD,120+,54.7
13202,RPR,0-5,34.7
13202,RPR,5-15,34.7
13202,RPR,15-30,34.8
13202,RPR,30-60,39.5
13202,RPR,60-120,67.1
13202,RPR,120+,102.9
13202,RV,0-5,25.8
13202,RV,5-15,25.8
13202,RV,15-30,26.0
13202,RV,30-60,30.8
13202,RV,60-120,58.8
13202,RV,120+,85.4
13202,SCKR,0-5,22.5
13202,SCKR,5-15,22.5
13202,SCKR,15-30,22.4
13202,SCKR,30-60,26.8
13202,SCKR,60-120,51.3
13202,SCKR,120+,74.2
13202,SDE,0-5,45.0
13202,SDE,5-15,45.1
13202,SDE,15-30,45.3
13202,SDE,30-60,50.2
13202,SDE,60-120,80.8
13202,SDE,120+,118.6
13202,SGP,0-5,14.3
13202,SGP,5-15,14.3
13202,SGP,15-30,14.2
13202,SGP,30-60,18.3
13202,SGP,60-120,37.7
13202,SGP,120+,55.7
13202,SHR,0-5,32.9
13202,SHR,5-15,32.9
13202,SHR,15-30,33.1
13202,SHR,30-60,38.0
13202,SHR,60-120,66.4
13202,SHR,120+,101.5
13202,SRID,0-5,26.2
13202,SRID,5-15,26.2
13202,SRID,15-30,26.5
13202,SRID,30-60,31.2
13202,SRID,60-120,58.8
13202,SRID,120+,84.6
13202,SRJ,0-5,25.3
13202,SRJ,5-15,25.4
13202,SRJ,15-30,25.3
13202,SRJ,30-60,29.7
13202,SRJ,60-120,56.3
13202,SRJ,120+,80.2
13202,STA,0-5,34.0
13202,STA,5-15,34.1
13202,STA,15-30,34.2
13202,STA,30-60,39.1
13202,STA,60-120,67.5
13202,STA,120+,103.3
13202,TBN,0-5,33.8
13202,TBN,5-15,33.9
13202,TBN,15-30,33.9
13202,TBN,30-60,38.6
13202,TBN,60-120,66.2
13202,TBN,120+,101.2
13202,TLV,0-5,13.6
13202,TLV,5-15,13.6
13202,TLV,15-30,13.5
13202,TLV,30-60,17.6
13202,TLV,60-120,36.7
13202,TLV,120+,56.2
13202,ZNA,0-5,14.2
13202,ZNA,5-15,14.2
13202,ZNA,15-30,14.1
13202,ZNA,30-60,18.2
13202,ZNA,60-120,37.0
13202,ZNA,120+,55.0
13287,AKT,0-5,28.4
13287,AKT,5-15,28.7
13287,AKT,15-30,28.5
13287,AKT,30-60,28.8
13287,AKT,60-120,33.9
13287,AKT,120+,30.3
13287,ANR,0-5,181.8
13287,ANR,5-15,181.2
13287,ANR,15-30,180.5
13287,ANR,30-60,175.8
13287,ANR,60-120,176.9
13287,ANR,120+,181.4
13287,ARA,0-5,196.6
13287,ARA,5-15,196.0
13287,ARA,15-30,196.5
13287,ARA,30-60,190.2
13287,ARA,60-120,196.4
13287,ARA,120+,205.5
13287,ASN,0-5,160.4
13287,ASN,5-15,159.8
13287,ASN,15-30,159.3
13287,ASN,30-60,156.8
13287,ASN,60-120,164.1
13287,ASN,120+,178.3
13287,ATL,0-5,183.4
13287,ATL,5-15,182.9
13287,ATL,15-30,182.3
13287,ATL,30-60,177.8
13287,ATL,60-120,178.4
13287,ATL,120+,184.8
13287,BARH,0-5,163.8
13287,BARH,5-15,163.3
13287,BARH,15-30,163.6
13287,BARH,30-60,160.4
13287,BARH,60-120,165.9
13287,BARH,120+,173.7
13287,BBM,0-5,142.1
13287,BBM,5-15,141.6
13287,BBM,15-30,141.8
13287,BBM,30-60,142.9
13287,BBM,60-120,152.1
13287,BBM,120+,161.6
13287,BEH,0-5,55.9
13287,BEH,5-15,56.2
13287,BEH,15-30,55.9
13287,BEH,30-60,55.4
13287,BEH,60-120,64.1
13287,BEH,120+,63.7
13287,BKP,0-5,186.7
13287,BKP,5-15,186.2
13287,BKP,15-30,186.4
13287,BKP,30-60,185.4
13287,BKP,60-120,192.4
13287,BKP,120+,198.8
13287,BMB,0-5,58.3
13287,BMB,5-15,58.6
13287,BMB,15-30,58.3
13287,BMB,30-60,57.7
13287,BMB,60-120,63.2
13287,BMB,120+,62.6
13287,BPH,0-5,52.3
13287,BPH,5-15,52.6
13287,BPH,15-30,52.2
13287,BPH,30-60,51.9
13287,BPH,60-120,58.2
13287,BPH,120+,59.1
13287,BPHB,0-5,4.3
13287,BPHB,5-15,4.6
13287,BPHB,15-30,4.6
13287,BPHB,30-60,4.9
13287,BPHB,60-120,4.4
13287,BPHB,120+,3.2
13287,BRJN,0-5,59.1
13287,BRJN,5-15,59.4
13287,BRJN,15-30,59.1
13287,BRJN,30-60,58.5
13287,BRJN,60-120,65.1
13287,BRJN,120+,65.0
13287,BRYA,0-5,133.2
13287,BRYA,5-15,132.7
13287,BRYA,15-30,132.4
13287,BRYA,30-60,133.3
13287,BRYA,60-120,145.3
13287,BRYA,120+,156.8
13287,BSP,0-5,212.9
13287,BSP,5-15,212.3
13287,BSP,15-30,214.8
13287,BSP,30-60,215.8
13287,BSP,60-120,239.5
13287,BSP,120+,245.8
13287,BTA,0-5,213.8
13287,BTA,5-15,213.2
13287,BTA,15-30,214.0
13287,BTA,30-60,214.9
13287,BTA,60-120,223.7
13287,BTA,120+,228.3
13287,BURN,0-5,144.0
13287,BURN,5-15,143.4
13287,BURN,15-30,143.1
13287,BURN,30-60,150.7
13287,BURN,60-120,161.5
13287,BURN,120+,171.4
13287,BYT,0-5,16.8
13287,BYT,5-15,17.1
13287,BYT,15-30,17.3
13287,BYT,30-60,18.0
13287,BYT,60-120,20.3
13287,BYT,120+,18.8
13287,CHBT,0-5,20.2
13287,CHBT,5-15,20.5
13287,CHBT,15-30,20.6
13287,CHBT,30-60,21.0
13287,CHBT,60-120,24.6
13287,CHBT,120+,23.4
13287,CKP,0-5,98.2
13287,CKP,5-15,97.7
13287,CKP,15-30,97.3
13287,CKP,30-60,95.1
13287,CKP,60-120,103.4
13287,CKP,120+,105.2
13287,CNI,0-5,145.5
13287,CNI,5-15,144.9
13287,CNI,15-30,144.7
13287,CNI,30-60,151.4
13287,CNI,60-120,164.1
13287,CNI,120+,172.9
13287,CPH,0-5,24.1
13287,CPH,5-15,24.4
13287,CPH,15-30,24.5
13287,CPH,30-60,25.7
13287,CPH,60-120,29.4
13287,CPH,120+,27.5
13287,CRJ,0-5,159.6
13287,CRJ,5-15,159.1
13287,CRJ,15-30,158.8
13287,CRJ,30-60,157.7
13287,CRJ,60-120,164.3
13287,CRJ,120+,170.5
13287,DNR,0-5,213.6
13287,DNR,5-15,213.0
13287,DNR,15-30,213.8
13287,DNR,30-60,215.3
13287,DNR,60-120,222.4
13287,DNR,120+,228.6
13287,DURG,0-5,7.0
13287,DURG,5-15,7.3
13287,DURG,15-30,7.3
13287,DURG,30-60,7.5
13287,DURG,60-120,6.3
13287,DURG,120+,3.7
13287,FUT,0-5,196.3
13287,FUT,5-15,195.7
13287,FUT,15-30,196.5
13287,FUT,30-60,196.0
13287,FUT,60-120,199.6
13287,FUT,120+,205.1
13287,GOL,0-5,72.9
13287,GOL,5-15,73.2
13287,GOL,15-30,72.8
13287,GOL,30-60,70.6
13287,GOL,60-120,76.1
13287,GOL,120+,76.3
13287,GP,0-5,61.7
13287,GP,5-15,62.0
13287,GP,15-30,61.7
13287,GP,30-60,61.2
13287,GP,60-120,67.0
13287,GP,120+,68.0
13287,HTZ,0-5,147.1
13287,HTZ,5-15,146.6
13287,HTZ,15-30,146.3
13287,HTZ,30-60,153.1
13287,HTZ,60-120,164.0
13287,HTZ,120+,172.8
13287,JAJ,0-5,188.3
13287,JAJ,5-15,187.8
13287,JAJ,15-30,187.5
13287,JAJ,30-60,186.5
13287,JAJ,60-120,189.5
13287,JAJ,120+,194.0
13287,JMT,0-5,170.4
13287,JMT,5-15,169.9
13287,JMT,15-30,169.6
13287,JMT,30-60,168.5
13287,JMT,60-120,173.6
13287,JMT,120+,179.2
13287,JMU,0-5,150.8
13287,JMU,5-15,150.3
13287,JMU,15-30,150.0
13287,JMU,30-60,148.9
13287,JMU,60-120,154.5
13287,JMU,120+,161.1
13287,JOC,0-5,133.4
13287,JOC,5-15,132.9
13287,JOC,15-30,132.6
13287,JOC,30-60,139.4
13287,JOC,60-120,150.5
13287,JOC,120+,161.4
13287,JSG,0-5,58.8
13287,JSG,5-15,59.1
13287,JSG,15-30,58.8
13287,JSG,30-60,58.2
13287,JSG,60-120,64.0
13287,JSG,120+,64.1
13287,JSME,0-5,173.7
13287,JSME,5-15,173.2
13287,JSME,15-30,172.9
13287,JSME,30-60,171.8
13287,JSME,60-120,176.3
13287,JSME,120+,181.6
13287,KHS,0-5,41.7
13287,KHS,5-15,42.0
13287,KHS,15-30,41.7
13287,KHS,30-60,43.0
13287,KHS,60-120,48.2
13287,KHS,120+,48.8
13287,KIUL,0-5,159.9
13287,KIUL,5-15,159.4
13287,KIUL,15-30,159.1
13287,KIUL,30-60,158.0
13287,KIUL,60-120,162.8
13287,KIUL,120+,168.9
13287,KND,0-5,133.3
13287,KND,5-15,132.7
13287,KND,15-30,132.5
13287,KND,30-60,140.0
13287,KND,60-120,150.8
13287,KND,120+,162.8
13287,KOO,0-5,171.8
13287,KOO,5-15,171.3
13287,KOO,15-30,172.0
13287,KOO,30-60,178.1
13287,KOO,60-120,187.4
13287,KOO,120+,195.5
13287,LKR,0-5,147.1
13287,LKR,5-15,146.6
13287,LKR,15-30,146.3
13287,LKR,30-60,153.1
13287,LKR,60-120,164.0
13287,LKR,120+,172.8
13287,MDP,0-5,172.0
13287,MDP,5-15,171.4
13287,MDP,15-30,171.1
13287,MDP,30-60,170.0
13287,MDP,60-120,175.3
13287,MDP,120+,179.8
13287,MKA,0-5,170.0
13287,MKA,5-15,169.5
13287,MKA,15-30,169.2
13287,MKA,30-60,168.1
13287,MKA,60-120,174.1
13287,MKA,120+,180.5
13287,MKB,0-5,145.8
13287,MKB,5-15,145.2
13287,MKB,15-30,144.9
13287,MKB,30-60,152.5
13287,MKB,60-120,163.8
13287,MKB,120+,173.8
13287,MOU,0-5,86.8
13287,MOU,5-15,87.1
13287,MOU,15-30,86.7
13287,MOU,30-60,84.7
13287,MOU,60-120,91.6
13287,MOU,120+,92.7
13287,MXW,0-5,123.9
13287,MXW,5-15,123.4
13287,MXW,15-30,122.7
13287,MXW,30-60,121.0
13287,MXW,60-120,133.4
13287,MXW,120+,134.6
13287,PNBE,0-5,216.5
13287,PNBE,5-15,215.9
13287,PNBE,15-30,216.6
13287,PNBE,30-60,217.6
13287,PNBE,60-120,222.4
13287,PNBE,120+,225.6
13287,PNC,0-5,192.6
13287,PNC,5-15,192.1
13287,PNC,15-30,192.8
13287,PNC,30-60,192.3
13287,PNC,60-120,196.9
13287,PNC,120+,202.6
13287,PRR,0-5,145.9
13287,PRR,5-15,145.4
13287,PRR,15-30,145.1
13287,PRR,30-60,151.9
13287,PRR,60-120,163.5
13287,PRR,120+,172.5
13287,PST,0-5,96.3
13287,PST,5-15,95.8
13287,PST,15-30,95.5
13287,PST,30-60,93.3
13287,PST,60-120,100.8
13287,PST,120+,102.6
13287,R,0-5,138.2
13287,R,5-15,137.6
13287,R,15-30,137.3
13287,R,30-60,134.9
13287,R,60-120,142.2
13287,R,120+,145.9
13287,RIG,0-5,42.8
13287,RIG,5-15,43.1
13287,RIG,15-30,42.7
13287,RIG,30-60,43.1
13287,RIG,60-120,49.6
13287,RIG,120+,48.4
13287,RJPB,0-5,215.2
13287,RJPB,5-15,214.7
13287,RJPB,15-30,215.4
13287,RJPB,30-60,216.3
13287,RJPB,60-120,221.0
13287,RJPB,120+,223.9
13287,RKSN,0-5,96.2
13287,RKSN,5-15,95.7
13287,RKSN,15-30,95.4
13287,RKSN,30-60,93.1
13287,RKSN,60-120,101.0
13287,RKSN,120+,101.8
13287,ROU,0-5,71.5
13287,ROU,5-15,71.8
13287,ROU,15-30,71.5
13287,ROU,30-60,69.3
13287,ROU,60-120,75.2
13287,ROU,120+,77.0
13287,SINI,0-5,128.6
13287,SINI,5-15,128.0
13287,SINI,15-30,127.7
13287,SINI,30-60,125.4
13287,SINI,60-120,136.6
13287,SINI,120+,139.6
13287,SKT,0-5,31.2
13287,SKT,5-15,31.5
13287,SKT,15-30,31.5
13287,SKT,30-60,32.8
13287,SKT,60-120,35.8
13287,SKT,120+,36.4
13287,SWR,0-5,96.4
13287,SWR,5-15,95.9
13287,SWR,15-30,95.6
13287,SWR,30-60,93.3
13287,SWR,60-120,101.1
13287,SWR,120+,104.0
13287,TATA,0-5,129.6
13287,TATA,5-15,129.1
13287,TATA,15-30,128.7
13287,TATA,30-60,126.4
13287,TATA,60-120,133.3
13287,TATA,120+,138.1
13287,TLD,0-5,12.2
13287,TLD,5-15,12.5
13287,TLD,15-30,12.7
13287,TLD,30-60,13.2
13287,TLD,60-120,13.9
13287,TLD,120+,12.1
13288,AKT,0-5,190.7
13288,AKT,5-15,190.7
13288,AKT,15-30,190.7
13288,AKT,30-60,179.6
13288,AKT,60-120,181.4
13288,AKT,120+,200.2
13288,ANR,0-5,35.0
13288,ANR,5-15,34.5
13288,ANR,15-30,34.7
13288,ANR,30-60,38.0
13288,ANR,60-120,45.5
13288,ANR,120+,56.5
13288,ARA,0-5,8.0
13288,ARA,5-15,7.5
13288,ARA,15-30,7.3
13288,ARA,30-60,8.9
13288,ARA,60-120,16.1
13288,ARA,120+,19.7
13288,ASN,0-5,20.9
13288,ASN,5-15,20.4
13288,ASN,15-30,20.4
13288,ASN,30-60,23.8
13288,ASN,60-120,34.3
13288,ASN,120+,47.9
13288,ATL,0-5,31.0
13288,ATL,5-15,30.5
13288,ATL,15-30,30.6
13288,ATL,30-60,33.5
13288,ATL,60-120,42.1
13288,ATL,120+,50.1
13288,BARH,0-5,30.0
13288,BARH,5-15,29.5
13288,BARH,15-30,29.6
13288,BARH,30-60,32.9
13288,BARH,60-120,43.6
13288,BARH,120+,53.6
13288,BBM,0-5,30.9
13288,BBM,5-15,30.4
13288,BBM,15-30,30.6
13288,BBM,30-60,33.3
13288,BBM,60-120,40.1
13288,BBM,120+,46.6
13288,BEH,0-5,134.5
13288,BEH,5-15,134.5
13288,BEH,15-30,135.3
13288,BEH,30-60,137.6
13288,BEH,60-120,146.1
13288,BEH,120+,176.8
13288,BKP,0-5,28.6
13288,BKP,5-15,28.1
13288,BKP,15-30,28.2
13288,BKP,30-60,30.4
13288,BKP,60-120,37.4
13288,BKP,120+,44.5
13288,BMB,0-5,134.8
13288,BMB,5-15,134.8
13288,BMB,15-30,135.6
13288,BMB,30-60,137.2
13288,BMB,60-120,146.1
13288,BMB,120+,176.7
13288,BPH,0-5,124.7
13288,BPH,5-15,124.7
13288,BPH,15-30,125.0
13288,BPH,30-60,127.0
13288,BPH,60-120,138.2
13288,BPH,120+,169.4
13288,BPHB,0-5,117.8
13288,BPHB,5-15,117.9
13288,BPHB,15-30,118.1
13288,BPHB,30-60,121.7
13288,BPHB,60-120,134.4
13288,BPHB,120+,172.3
13288,BRJN,0-5,126.5
13288,BRJN,5-15,126.5
13288,BRJN,15-30,126.8
13288,BRJN,30-60,128.8
13288,BRJN,60-120,140.0
13288,BRJN,120+,169.8
13288,BRYA,0-5,31.2
13288,BRYA,5-15,30.7
13288,BRYA,15-30,31.1
13288,BRYA,30-60,33.9
13288,BRYA,60-120,43.3
13288,BRYA,120+,56.8
13288,BSP,0-5,130.9
13288,BSP,5-15,130.9
13288,BSP,15-30,131.2
13288,BSP,30-60,133.1
13288,BSP,60-120,142.4
13288,BSP,120+,171.6
13288,BTA,0-5,14.1
13288,BTA,5-15,13.6
13288,BTA,15-30,13.5
13288,BTA,30-60,15.4
13288,BTA,60-120,18.0
13288,BTA,120+,19.5
13288,BURN,0-5,29.1
13288,BURN,5-15,28.6
13288,BURN,15-30,28.7
13288,BURN,30-60,31.2
13288,BURN,60-120,37.5
13288,BURN,120+,43.5
13288,BYT,0-5,124.9
13288,BYT,5-15,124.9
13288,BYT,15-30,125.2
13288,BYT,30-60,128.2
13288,BYT,60-120,142.0
13288,BYT,120+,178.1
13288,CHBT,0-5,218.7
13288,CHBT,5-15,218.2
13288,CHBT,15-30,220.6
13288,CHBT,30-60,226.5
13288,CHBT,60-120,258.3
13288,CHBT,120+,274.9
13288,CKP,0-5,85.6
13288,CKP,5-15,85.6
13288,CKP,15-30,85.8
13288,CKP,30-60,87.1
13288,CKP,60-120,101.5
13288,CKP,120+,125.5
13288,CNI,0-5,28.6
13288,CNI,5-15,28.1
13288,CNI,15-30,28.1
13288,CNI,30-60,30.5
13288,CNI,60-120,35.9
13288,CNI,120+,42.1
13288,CPH,0-5,171.7
13288,CPH,5-15,171.7
13288,CPH,15-30,172.0
13288,CPH,30-60,173.6
13288,CPH,60-120,184.1
13288,CPH,120+,216.3
13288,CRJ,0-5,28.5
13288,CRJ,5-15,28.0
13288,CRJ,15-30,28.0
13288,CRJ,30-60,30.4
13288,CRJ,60-120,35.7
13288,CRJ,120+,42.0
13288,DNR,0-5,15.8
13288,DNR,5-15,15.3
13288,DNR,15-30,15.3
13288,DNR,30-60,17.1
13288,DNR,60-120,21.6
13288,DNR,120+,27.7
13288,DURG,0-5,119.8
13288,DURG,5-15,119.8
13288,DURG,15-30,120.0
13288,DURG,30-60,122.6
13288,DURG,60-120,134.3
13288,DURG,120+,167.3
13288,FUT,0-5,25.5
13288,FUT,5-15,25.0
13288,FUT,15-30,24.9
13288,FUT,30-60,27.3
13288,FUT,60-120,31.8
13288,FUT,120+,37.2
13288,GMH,0-5,51.5
13288,GMH,5-15,51.0
13288,GMH,15-30,51.2
13288,GMH,30-60,53.1
13288,GMH,60-120,64.4
13288,GMH,120+,86.6
13288,GOL,0-5,92.9
13288,GOL,5-15,92.9
13288,GOL,15-30,93.1
13288,GOL,30-60,94.6
13288,GOL,60-120,107.6
13288,GOL,120+,131.0
13288,GP,0-5,130.6
13288,GP,5-15,130.7
13288,GP,15-30,131.0
13288,GP,30-60,132.5
13288,GP,60-120,144.0
13288,GP,120+,173.1
13288,HTZ,0-5,32.1
13288,HTZ,5-15,31.6
13288,HTZ,15-30,31.8
13288,HTZ,30-60,34.6
13288,HTZ,60-120,40.2
13288,HTZ,120+,47.3
13288,JAJ,0-5,14.5
13288,JAJ,5-15,14.0
13288,JAJ,15-30,13.8
13288,JAJ,30-60,15.7
13288,JAJ,60-120,18.8
13288,JAJ,120+,21.8
13288,JMT,0-5,24.6
13288,JMT,5-15,24.1
13288,JMT,15-30,24.0
13288,JMT,30-60,26.4
13288,JMT,60-120,30.3
13288,JMT,120+,36.7
13288,JMU,0-5,37.9
13288,JMU,5-15,37.4
13288,JMU,15-30,37.5
13288,JMU,30-60,40.4
13288,JMU,60-120,46.4
13288,JMU,120+,63.5
13288,JOC,0-5,32.2
13288,JOC,5-15,31.7
13288,JOC,15-30,31.9
13288,JOC,30-60,34.6
13288,JOC,60-120,39.8
13288,JOC,120+,46.8
13288,JSG,0-5,121.2
13288,JSG,5-15,121.2
13288,JSG,15-30,121.4
13288,JSG,30-60,122.8
13288,JSG,60-120,133.4
13288,JSG,120+,158.3
13288,JSME,0-5,20.1
13288,JSME,5-15,19.5
13288,JSME,15-30,19.5
13288,JSME,30-60,21.6
13288,JSME,60-120,24.6
13288,JSME,120+,28.2
13288,KHS,0-5,158.2
13288,KHS,5-15,158.2
13288,KHS,15-30,158.5
13288,KHS,30-60,160.0
13288,KHS,60-120,170.0
13288,KHS,120+,199.2
13288,KIUL,0-5,35.4
13288,KIUL,5-15,34.9
13288,KIUL,15-30,35.1
13288,KIUL,30-60,37.9
13288,KIUL,60-120,43.9
13288,KIUL,120+,53.3
13288,KND,0-5,44.7
13288,KND,5-15,44.2
13288,KND,15-30,44.5
13288,KND,30-60,47.5
13288,KND,60-120,56.3
13288,KND,120+,75.4
13288,KOO,0-5,29.2
13288,KOO,5-15,28.7
13288,KOO,15-30,28.7
13288,KOO,30-60,31.1
13288,KOO,60-120,35.0
13288,KOO,120+,39.3
13288,LKR,0-5,35.7
13288,LKR,5-15,35.2
13288,LKR,15-30,35.4
13288,LKR,30-60,38.3
13288,LKR,60-120,43.4
13288,LKR,120+,52.3
13288,MDP,0-5,24.4
13288,MDP,5-15,23.9
13288,MDP,15-30,23.9
13288,MDP,30-60,26.3
13288,MDP,60-120,30.0
13288,MDP,120+,36.6
13288,MKA,0-5,31.9
13288,MKA,5-15,31.4
13288,MKA,15-30,31.4
13288,MKA,30-60,33.9
13288,MKA,60-120,38.9
13288,MKA,120+,45.8
13288,MKB,0-5,38.9
13288,MKB,5-15,38.4
13288,MKB,15-30,38.6
13288,MKB,30-60,41.5
13288,MKB,60-120,50.2
13288,MKB,120+,62.9
13288,MOU,0-5,100.0
13288,MOU,5-15,100.0
13288,MOU,15-30,100.3
13288,MOU,30-60,101.7
13288,MOU,60-120,113.3
13288,MOU,120+,137.1
13288,MXW,0-5,58.6
13288,MXW,5-15,58.1
13288,MXW,15-30,58.3
13288,MXW,30-60,59.7
13288,MXW,60-120,70.3
13288,MXW,120+,91.1
13288,PNBE,0-5,19.6
13288,PNBE,5-15,19.1
13288,PNBE,15-30,19.1
13288,PNBE,30-60,21.1
13288,PNBE,60-120,25.4
13288,PNBE,120+,31.6
13288,PNC,0-5,20.2
13288,PNC,5-15,19.7
13288,PNC,15-30,19.7
13288,PNC,30-60,21.7
13288,PNC,60-120,24.6
13288,PNC,120+,27.4
13288,PRR,0-5,32.3
13288,PRR,5-15,31.8
13288,PRR,15-30,31.9
13288,PRR,30-60,34.3
13288,PRR,60-120,39.3
13288,PRR,120+,45.3
13288,PST,0-5,155.1
13288,PST,5-15,155.1
13288,PST,15-30,155.1
13288,PST,30-60,154.1
13288,PST,60-120,160.9
13288,PST,120+,173.9
13288,R,0-5,61.9
13288,R,5-15,61.4
13288,R,15-30,61.6
13288,R,30-60,62.8
13288,R,60-120,73.3
13288,R,120+,96.4
13288,RIG,0-5,133.2
13288,RIG,5-15,133.2
13288,RIG,15-30,133.5
13288,RIG,30-60,135.0
13288,RIG,60-120,144.9
13288,RIG,120+,174.3
13288,RJPB,0-5,19.5
13288,RJPB,5-15,19.0
13288,RJPB,15-30,18.9
13288,RJPB,30-60,20.9
13288,RJPB,60-120,24.5
13288,RJPB,120+,28.1
13288,RKSN,0-5,80.7
13288,RKSN,5-15,80.7
13288,RKSN,15-30,81.0
13288,RKSN,30-60,82.6
13288,RKSN,60-120,95.7
13288,RKSN,120+,117.4
13288,ROU,0-5,125.3
13288,ROU,5-15,125.3
13288,ROU,15-30,125.5
13288,ROU,30-60,127.5
13288,ROU,60-120,139.5
13288,ROU,120+,169.0
13288,SINI,0-5,75.8
13288,SINI,5-15,75.3
13288,SINI,15-30,75.5
13288,SINI,30-60,76.5
13288,SINI,60-120,88.8
13288,SINI,120+,113.7
13288,SKT,0-5,159.6
13288,SKT,5-15,159.6
13288,SKT,15-30,159.9
13288,SKT,30-60,161.4
13288,SKT,60-120,170.2
13288,SKT,120+,199.8
13288,SWR,0-5,89.0
13288,SWR,5-15,89.1
13288,SWR,15-30,89.3
13288,SWR,30-60,90.9
13288,SWR,60-120,103.2
13288,SWR,120+,131.3
13288,TATA,0-5,53.5
13288,TATA,5-15,53.0
13288,TATA,15-30,53.2
13288,TATA,30-60,55.0
13288,TATA,60-120,64.8
13288,TATA,120+,86.0
13288,TLD,0-5,124.8
13288,TLD,5-15,124.8
13288,TLD,15-30,125.1
13288,TLD,30-60,128.2
13288,TLD,60-120,140.8
13288,TLD,120+,178.3
14033,JAT,0-5,22.2
14033,JAT,5-15,22.2
14033,JAT,15-30,22.8
14033,JAT,30-60,29.0
14033,JAT,60-120,54.8
14033,JAT,120+,95.0
14033,JRC,0-5,25.9
14033,JRC,5-15,25.9
14033,JRC,15-30,26.5
14033,JRC,30-60,32.6
14033,JRC,60-120,61.0
14033,JRC,120+,100.3
14033,KKDE,0-5,25.1
14033,KKDE,5-15,25.1
14033,KKDE,15-30,25.7
14033,KKDE,30-60,31.7
14033,KKDE,60-120,60.0
14033,KKDE,120+,99.1
14033,LDH,0-5,23.9
14033,LDH,5-15,23.9
14033,LDH,15-30,24.3
14033,LDH,30-60,30.4
14033,LDH,60-120,55.5
14033,LDH,120+,92.6
14033,MCTM,0-5,20.7
14033,MCTM,5-15,20.7
14033,MCTM,15-30,21.3
14033,MCTM,30-60,27.3
14033,MCTM,60-120,52.0
14033,MCTM,120+,91.4
14033,PGW,0-5,21.8
14033,PGW,5-15,21.8
14033,PGW,15-30,22.1
14033,PGW,30-60,27.7
14033,PGW,60-120,50.4
14033,PGW,120+,85.1
14033,PNP,0-5,20.9
14033,PNP,5-15,20.9
14033,PNP,15-30,21.4
14033,PNP,30-60,27.5
14033,PNP,60-120,52.4
14033,PNP,120+,91.7
14033,PTKC,0-5,19.9
14033,PTKC,5-15,19.9
14033,PTKC,15-30,20.5
14033,PTKC,30-60,26.5
14033,PTKC,60-120,50.0
14033,PTKC,120+,89.5
14033,SVDK,0-5,19.2
14033,SVDK,5-15,19.2
14033,SVDK,15-30,19.7
14033,SVDK,30-60,25.7
14033,SVDK,60-120,49.4
14033,SVDK,120+,87.9
14033,SZM,0-5,19.2
14033,SZM,5-15,19.2
14033,SZM,15-30,19.8
14033,SZM,30-60,25.7
14033,SZM,60-120,47.4
14033,SZM,120+,83.9
14033,UMB,0-5,19.0
14033,UMB,5-15,19.0
14033,UMB,15-30,19.5
14033,UMB,30-60,24.9
14033,UMB,60-120,45.2
14033,UMB,120+,78.6
14034,DZA,0-5,20.5
14034,DZA,5-15,20.5
14034,DZA,15-30,21.0
14034,DZA,30-60,27.3
14034,DZA,60-120,51.7
14034,DZA,120+,90.5
14034,HRNR,0-5,18.7
14034,HRNR,5-15,18.7
14034,HRNR,15-30,19.1
14034,HRNR,30-60,25.2
14034,HRNR,60-120,49.0
14034,HRNR,120+,87.1
14034,JAT,0-5,18.5
14034,JAT,5-15,18.5
14034,JAT,15-30,19.1
14034,JAT,30-60,25.3
14034,JAT,60-120,49.7
14034,JAT,120+,89.6
14034,JRC,0-5,18.0
14034,JRC,5-15,18.0
14034,JRC,15-30,18.6
14034,JRC,30-60,24.6
14034,JRC,60-120,49.0
14034,JRC,120+,88.8
14034,KKDE,0-5,16.8
14034,KKDE,5-15,16.9
14034,KKDE,15-30,17.6
14034,KKDE,30-60,23.8
14034,KKDE,60-120,46.7
14034,KKDE,120+,86.1
14034,KUN,0-5,15.9
14034,KUN,5-15,15.9
14034,KUN,15-30,16.6
14034,KUN,30-60,23.3
14034,KUN,60-120,44.7
14034,KUN,120+,83.9
14034,LDH,0-5,17.0
14034,LDH,5-15,17.1
14034,LDH,15-30,17.7
14034,LDH,30-60,24.0
14034,LDH,60-120,45.2
14034,LDH,120+,81.3
14034,MCTM,0-5,15.9
14034,MCTM,5-15,15.9
14034,MCTM,15-30,16.7
14034,MCTM,30-60,22.8
14034,MCTM,60-120,44.3
14034,MCTM,120+,83.4
14034,MEX,0-5,15.0
14034,MEX,5-15,15.0
14034,MEX,15-30,15.7
14034,MEX,30-60,21.7
14034,MEX,60-120,42.3
14034,MEX,120+,80.3
14034,NUR,0-5,15.1
14034,NUR,5-15,15.1
14034,NUR,15-30,15.8
14034,NUR,30-60,21.8
14034,NUR,60-120,42.3
14034,NUR,120+,80.2
14034,PGW,0-5,17.4
14034,PGW,5-15,17.5
14034,PGW,15-30,18.1
14034,PGW,30-60,23.8
14034,PGW,60-120,43.8
14034,PGW,120+,76.2
14034,PNP,0-5,16.9
14034,PNP,5-15,16.9
14034,PNP,15-30,17.6
14034,PNP,30-60,23.8
14034,PNP,60-120,46.3
14034,PNP,120+,84.9
14034,PTKC,0-5,17.6
14034,PTKC,5-15,17.7
14034,PTKC,15-30,18.4
14034,PTKC,30-60,24.5
14034,PTKC,60-120,47.4
14034,PTKC,120+,86.5
14034,SMK,0-5,17.1
14034,SMK,5-15,17.1
14034,SMK,15-30,17.8
14034,SMK,30-60,24.0
14034,SMK,60-120,46.5
14034,SMK,120+,85.2
14034,SNP,0-5,18.1
14034,SNP,5-15,18.1
14034,SNP,15-30,18.8
14034,SNP,30-60,24.8
14034,SNP,60-120,48.1
14034,SNP,120+,87.1
14034,SZM,0-5,18.1
14034,SZM,5-15,18.1
14034,SZM,15-30,18.8
14034,SZM,30-60,24.8
14034,SZM,60-120,47.2
14034,SZM,120+,84.2
14034,TDO,0-5,18.2
14034,TDO,5-15,18.2
14034,TDO,15-30,18.7
14034,TDO,30-60,24.6
14034,TDO,60-120,47.5
14034,TDO,120+,86.4
14034,UMB,0-5,18.8
14034,UMB,5-15,18.8
14034,UMB,15-30,19.2
14034,UMB,30-60,24.7
14034,UMB,60-120,45.4
14034,UMB,120+,79.0
14034,VJPJ,0-5,18.0
14034,VJPJ,5-15,18.0
14034,VJPJ,15-30,18.8
14034,VJPJ,30-60,24.8
14034,VJPJ,60-120,47.1
14034,VJPJ,120+,86.0
15017,ARJ,0-5,48.7
15017,ARJ,5-15,49.0
15017,ARJ,15-30,48.9
15017,ARJ,30-60,51.0
15017,ARJ,60-120,66.3
15017,ARJ,120+,84.9
15017,BAU,0-5,59.2
15017,BAU,5-15,59.5
15017,BAU,15-30,59.4
15017,BAU,30-60,65.6
15017,BAU,60-120,90.8
15017,BAU,120+,124.3
15017,BCY,0-5,21.7
15017,BCY,5-15,21.8
15017,BCY,15-30,21.6
15017,BCY,30-60,27.4
15017,BCY,60-120,57.3
15017,BCY,120+,88.4
15017,BLTR,0-5,33.5
15017,BLTR,5-15,33.8
15017,BLTR,15-30,33.7
15017,BLTR,30-60,38.0
15017,BLTR,60-120,55.3
15017,BLTR,120+,73.9
15017,BOY,0-5,41.0
15017,BOY,5-15,41.0
15017,BOY,15-30,40.9
15017,BOY,30-60,47.3
15017,BOY,60-120,81.0
15017,BOY,120+,127.0
15017,BPF,0-5,51.3
15017,BPF,5-15,51.7
15017,BPF,15-30,51.5
15017,BPF,30-60,56.3
15017,BPF,60-120,77.3
15017,BPF,120+,112.0
15017,BSB,0-5,28.9
15017,BSB,5-15,29.2
15017,BSB,15-30,29.1
15017,BSB,30-60,32.1
15017,BSB,60-120,43.9
15017,BSB,120+,56.2
15017,BSL,0-5,59.4
15017,BSL,5-15,59.7
15017,BSL,15-30,59.6
15017,BSL,30-60,62.8
15017,BSL,60-120,78.4
15017,BSL,120+,106.5
15017,BTT,0-5,36.2
15017,BTT,5-15,36.5
15017,BTT,15-30,36.4
15017,BTT,30-60,39.4
15017,BTT,60-120,51.4
15017,BTT,120+,70.5
15017,CAER,0-5,57.7
15017,CAER,5-15,58.0
15017,CAER,15-30,57.9
15017,CAER,30-60,62.5
15017,CAER,60-120,79.4
15017,CAER,120+,109.6
15017,CC,0-5,38.0
15017,CC,5-15,38.4
15017,CC,15-30,38.2
15017,CC,30-60,41.2
15017,CC,60-120,52.9
15017,CC,120+,73.7
15017,CSN,0-5,59.1
15017,CSN,5-15,59.4
15017,CSN,15-30,59.3
15017,CSN,30-60,63.8
15017,CSN,60-120,82.6
15017,CSN,120+,113.5
15017,DBR,0-5,37.0
15017,DBR,5-15,37.4
15017,DBR,15-30,37.3
15017,DBR,30-60,40.4
15017,DBR,60-120,53.4
15017,DBR,120+,76.4
15017,DEOS,0-5,39.0
15017,DEOS,5-15,39.4
15017,DEOS,15-30,39.2
15017,DEOS,30-60,42.1
15017,DEOS,60-120,51.3
15017,DEOS,120+,66.0
15017,DLR,0-5,38.3
15017,DLR,5-15,38.6
15017,DLR,15-30,38.4
15017,DLR,30-60,41.4
15017,DLR,60-120,52.7
15017,DLR,120+,74.2
15017,ET,0-5,36.2
15017,ET,5-15,36.5
15017,ET,15-30,36.4
15017,ET,30-60,39.5
15017,ET,60-120,51.9
15017,ET,120+,74.2
15017,GAR,0-5,43.6
15017,GAR,5-15,43.9
15017,GAR,15-30,43.9
15017,GAR,30-60,47.0
15017,GAR,60-120,62.1
15017,GAR,120+,88.3
15017,GKP,0-5,35.6
15017,GKP,5-15,35.9
15017,GKP,15-30,36.0
15017,GKP,30-60,38.8
15017,GKP,60-120,49.1
15017,GKP,120+,62.0
15017,HD,0-5,44.5
15017,HD,5-15,44.9
15017,HD,15-30,44.8
15017,HD,30-60,48.0
15017,HD,60-120,62.2
15017,HD,120+,87.7
15017,IAA,0-5,36.1
15017,IAA,5-15,36.5
15017,IAA,15-30,36.5
15017,IAA,30-60,38.6
15017,IAA,60-120,50.0
15017,IAA,120+,64.5
15017,IGP,0-5,47.0
15017,IGP,5-15,47.3
15017,IGP,15-30,47.3
15017,IGP,30-60,48.5
15017,IGP,60-120,62.1
15017,IGP,120+,84.0
15017,JBP,0-5,45.1
15017,JBP,5-15,45.4
15017,JBP,15-30,45.4
15017,JBP,30-60,46.8
15017,JBP,60-120,66.4
15017,JBP,120+,92.6
15017,JKN,0-5,40.4
15017,JKN,5-15,40.7
15017,JKN,15-30,40.5
15017,JKN,30-60,42.6
15017,JKN,60-120,57.6
15017,JKN,120+,79.2
15017,JL,0-5,64.8
15017,JL,5-15,65.2
15017,JL,15-30,65.0
15017,JL,30-60,66.5
15017,JL,60-120,87.4
15017,JL,120+,117.2
15017,JNH,0-5,34.5
15017,JNH,5-15,34.6
15017,JNH,15-30,34.7
15017,JNH,30-60,40.6
15017,JNH,60-120,71.9
15017,JNH,120+,117.0
15017,JTW,0-5,63.8
15017,JTW,5-15,64.2
15017,JTW,15-30,64.0
15017,JTW,30-60,67.2
15017,JTW,60-120,89.2
15017,JTW,120+,120.7
15017,KEH,0-5,33.0
15017,KEH,5-15,33.0
15017,KEH,15-30,33.0
15017,KEH,30-60,38.4
15017,KEH,60-120,67.8
15017,KEH,120+,108.6
15017,KKN,0-5,57.9
15017,KKN,5-15,58.2
15017,KKN,15-30,58.1
15017,KKN,30-60,60.3
15017,KKN,60-120,78.9
15017,KKN,120+,108.4
15017,KNW,0-5,38.9
15017,KNW,5-15,39.2
15017,KNW,15-30,39.1
15017,KNW,30-60,41.3
15017,KNW,60-120,53.1
15017,KNW,120+,74.9
15017,KTE,0-5,62.9
15017,KTE,5-15,63.2
15017,KTE,15-30,63.0
15017,KTE,30-60,66.2
15017,KTE,60-120,84.5
15017,KTE,120+,116.0
15017,KY,0-5,51.3
15017,KY,5-15,51.6
15017,KY,15-30,51.5
15017,KY,30-60,53.0
15017,KY,60-120,68.4
15017,KY,120+,96.8
15017,KYN,0-5,35.4
15017,KYN,5-15,35.7
15017,KYN,15-30,35.5
15017,KYN,30-60,36.8
15017,KYN,60-120,46.5
15017,KYN,120+,55.7
15017,LRD,0-5,35.9
15017,LRD,5-15,36.2
15017,LRD,15-30,36.2
15017,LRD,30-60,38.3
15017,LRD,60-120,48.6
15017,LRD,120+,61.0
15017,LS,0-5,47.4
15017,LS,5-15,47.8
15017,LS,15-30,47.7
15017,LS,30-60,49.8
15017,LS,60-120,63.3
15017,LS,120+,88.3
15017,LTT,0-5,11.0
15017,LTT,5-15,11.0
15017,LTT,15-30,10.5
15017,LTT,30-60,15.0
15017,LTT,60-120,33.5
15017,LTT,120+,55.0
15017,MAU,0-5,35.0
15017,MAU,5-15,35.3
15017,MAU,15-30,35.4
15017,MAU,30-60,37.5
15017,MAU,60-120,48.8
15017,MAU,120+,63.2
15017,MKP,0-5,38.7
15017,MKP,5-15,39.0
15017,MKP,15-30,39.2
15017,MKP,30-60,41.5
15017,MKP,60-120,53.2
15017,MKP,120+,75.5
15017,MML,0-5,45.1
15017,MML,5-15,45.5
15017,MML,15-30,45.4
15017,MML,30-60,47.9
15017,MML,60-120,62.3
15017,MML,120+,87.8
15017,MMR,0-5,44.7
15017,MMR,5-15,45.1
15017,MMR,15-30,44.9
15017,MMR,30-60,46.9
15017,MMR,60-120,58.6
15017,MMR,120+,81.0
15017,MOF,0-5,44.6
15017,MOF,5-15,44.6
15017,MOF,15-30,44.6
15017,MOF,30-60,49.8
15017,MOF,60-120,80.3
15017,MOF,120+,122.7
15017,MYR,0-5,63.6
15017,MYR,5-15,64.0
15017,MYR,15-30,63.8
15017,MYR,30-60,66.7
15017,MYR,60-120,84.8
15017,MYR,120+,117.4
15017,NGN,0-5,51.5
15017,NGN,5-15,51.8
15017,NGN,15-30,51.6
15017,NGN,30-60,52.9
15017,NGN,60-120,67.9
15017,NGN,120+,95.9
15017,NK,0-5,46.8
15017,NK,5-15,47.2
15017,NK,15-30,47.0
15017,NK,30-60,49.2
15017,NK,60-120,63.1
15017,NK,120+,86.6
15017,NPNR,0-5,63.0
15017,NPNR,5-15,63.4
15017,NPNR,15-30,63.3
15017,NPNR,30-60,66.2
15017,NPNR,60-120,84.0
15017,NPNR,120+,115.9
15017,NU,0-5,55.6
15017,NU,5-15,55.9
15017,NU,15-30,55.8
15017,NU,30-60,57.2
15017,NU,60-120,73.2
15017,NU,120+,104.2
15017,NYN,0-5,24.7
15017,NYN,5-15,24.7
15017,NYN,15-30,24.7
15017,NYN,30-60,30.3
15017,NYN,60-120,57.0
15017,NYN,120+,88.1
15017,PC,0-5,65.7
15017,PC,5-15,66.1
15017,PC,15-30,65.9
15017,PC,30-60,67.3
15017,PC,60-120,82.8
15017,PC,120+,111.3
15017,PFM,0-5,24.7
15017,PFM,5-15,24.7
15017,PFM,15-30,24.7
15017,PFM,30-60,30.1
15017,PFM,60-120,56.6
15017,PFM,120+,86.0
15017,PLP,0-5,31.6
15017,PLP,5-15,31.6
15017,PLP,15-30,31.5
15017,PLP,30-60,37.1
15017,PLP,60-120,64.6
15017,PLP,120+,104.8
15017,PPI,0-5,45.8
15017,PPI,5-15,46.1
15017,PPI,15-30,46.1
15017,PPI,30-60,48.5
15017,PPI,60-120,62.8
15017,PPI,120+,89.4
15017,PRF,0-5,32.8
15017,PRF,5-15,32.9
15017,PRF,15-30,32.8
15017,PRF,30-60,38.3
15017,PRF,60-120,66.0
15017,PRF,120+,106.6
15017,PRG,0-5,23.5
15017,PRG,5-15,23.5
15017,PRG,15-30,23.3
15017,PRG,30-60,28.6
15017,PRG,60-120,55.5
15017,PRG,120+,84.7
15017,PRYJ,0-5,23.9
15017,PRYJ,5-15,23.9
15017,PRYJ,15-30,23.9
15017,PRYJ,30-60,29.4
15017,PRYJ,60-120,57.3
15017,PRYJ,120+,90.0
15017,RV,0-5,61.4
15017,RV,5-15,61.7
15017,RV,15-30,61.6
15017,RV,30-60,64.7
15017,RV,60-120,82.8
15017,RV,120+,114.1
15017,SAW,0-5,39.9
15017,SAW,5-15,39.9
15017,SAW,15-30,39.9
15017,SAW,30-60,45.7
15017,SAW,60-120,74.9
15017,SAW,120+,117.8
15017,SDT,0-5,41.1
15017,SDT,5-15,41.5
15017,SDT,15-30,41.3
15017,SDT,30-60,43.5
15017,SDT,60-120,54.0
15017,SDT,120+,75.6
15017,SGP,0-5,46.0
15017,SGP,5-15,46.3
15017,SGP,15-30,46.3
15017,SGP,30-60,48.6
15017,SGP,60-120,62.9
15017,SGP,120+,89.1
15017,SHR,0-5,56.9
15017,SHR,5-15,57.3
15017,SHR,15-30,57.2
15017,SHR,30-60,59.4
15017,SHR,60-120,75.0
15017,SHR,120+,104.1
15017,SQN,0-5,38.5
15017,SQN,5-15,38.6
15017,SQN,15-30,38.5
15017,SQN,30-60,44.4
15017,SQN,60-120,73.3
15017,SQN,120+,116.2
15017,SRID,0-5,54.3
15017,SRID,5-15,54.6
15017,SRID,15-30,54.5
15017,SRID,30-60,55.8
15017,SRID,60-120,71.6
15017,SRID,120+,100.8
15017,SRJ,0-5,44.2
15017,SRJ,5-15,44.5
15017,SRJ,15-30,44.3
15017,SRJ,30-60,46.4
15017,SRJ,60-120,59.2
15017,SRJ,120+,83.3
15017,SRU,0-5,37.1
15017,SRU,5-15,37.4
15017,SRU,15-30,37.4
15017,SRU,30-60,39.4
15017,SRU,60-120,50.2
15017,SRU,120+,64.6
15017,STA,0-5,62.7
15017,STA,5-15,63.0
15017,STA,15-30,62.8
15017,STA,30-60,65.9
15017,STA,60-120,83.2
15017,STA,120+,113.1
15017,SWPR,0-5,31.6
15017,SWPR,5-15,31.6
15017,SWPR,15-30,31.5
15017,SWPR,30-60,37.2
15017,SWPR,60-120,64.6
15017,SWPR,120+,104.8
15017,SYC,0-5,25.9
15017,SYC,5-15,25.9
15017,SYC,15-30,25.9
15017,SYC,30-60,31.4
15017,SYC,60-120,58.2
15017,SYC,120+,91.7
15017,TBN,0-5,55.1
15017,TBN,5-15,55.4
15017,TBN,15-30,55.2
15017,TBN,30-60,56.8
15017,TBN,60-120,72.0
15017,TBN,120+,100.8
15017,TLV,0-5,43.8
15017,TLV,5-15,44.2
15017,TLV,15-30,44.1
15017,TLV,30-60,46.5
15017,TLV,60-120,61.7
15017,TLV,120+,88.4
15017,TNA,0-5,22.1
15017,TNA,5-15,22.5
15017,TNA,15-30,22.1
15017,TNA,30-60,23.9
15017,TNA,60-120,31.2
15017,TNA,120+,39.7
15017,URPR,0-5,36.0
15017,URPR,5-15,36.0
15017,URPR,15-30,36.0
15017,URPR,30-60,42.0
15017,URPR,60-120,70.6
15017,URPR,120+,112.3
15018,ARJ,0-5,46.3
15018,ARJ,5-15,46.6
15018,ARJ,15-30,46.6
15018,ARJ,30-60,49.8
15018,ARJ,60-120,64.4
15018,ARJ,120+,75.9
15018,BAU,0-5,42.7
15018,BAU,5-15,43.0
15018,BAU,15-30,43.1
15018,BAU,30-60,48.7
15018,BAU,60-120,65.7
15018,BAU,120+,91.7
15018,BCY,0-5,15.4
15018,BCY,5-15,15.4
15018,BCY,15-30,15.4
15018,BCY,30-60,20.8
15018,BCY,60-120,47.0
15018,BCY,120+,73.4
15018,BLTR,0-5,33.5
15018,BLTR,5-15,33.8
15018,BLTR,15-30,33.9
15018,BLTR,30-60,38.6
15018,BLTR,60-120,54.5
15018,BLTR,120+,72.2
15018,BOY,0-5,21.1
15018,BOY,5-15,21.1
15018,BOY,15-30,21.3
15018,BOY,30-60,26.9
15018,BOY,60-120,56.3
15018,BOY,120+,86.2
15018,BPF,0-5,59.6
15018,BPF,5-15,59.9
15018,BPF,15-30,60.2
15018,BPF,30-60,68.8
15018,BPF,60-120,92.6
15018,BPF,120+,128.0
15018,BSB,0-5,30.7
15018,BSB,5-15,31.0
15018,BSB,15-30,31.4
15018,BSB,30-60,35.3
15018,BSB,60-120,46.3
15018,BSB,120+,59.7
15018,BSL,0-5,42.6
15018,BSL,5-15,42.9
15018,BSL,15-30,43.0
15018,BSL,30-60,47.5
15018,BSL,60-120,59.3
15018,BSL,120+,81.2
15018,BTT,0-5,19.9
15018,BTT,5-15,20.3
15018,BTT,15-30,20.4
15018,BTT,30-60,24.2
15018,BTT,60-120,32.3
15018,BTT,120+,41.1
15018,CAER,0-5,94.3
15018,CAER,5-15,94.3
15018,CAER,15-30,94.6
15018,CAER,30-60,100.8
15018,CAER,60-120,117.9
15018,CAER,120+,152.8
15018,CC,0-5,14.1
15018,CC,5-15,14.4
15018,CC,15-30,14.5
15018,CC,30-60,17.1
15018,CC,60-120,21.8
15018,CC,120+,26.3
15018,CHH,0-5,21.3
15018,CHH,5-15,21.4
15018,CHH,15-30,21.5
15018,CHH,30-60,26.4
15018,CHH,60-120,53.7
15018,CHH,120+,81.5
15018,CSN,0-5,47.4
15018,CSN,5-15,47.8
15018,CSN,15-30,48.1
15018,CSN,30-60,52.5
15018,CSN,60-120,67.7
15018,CSN,120+,96.2
15018,DBR,0-5,41.8
15018,DBR,5-15,42.1
15018,DBR,15-30,42.3
15018,DBR,30-60,46.5
15018,DBR,60-120,59.0
15018,DBR,120+,82.0
15018,DEOS,0-5,17.1
15018,DEOS,5-15,17.5
15018,DEOS,15-30,17.3
15018,DEOS,30-60,21.2
15018,DEOS,60-120,26.1
15018,DEOS,120+,30.7
15018,DLR,0-5,37.4
15018,DLR,5-15,37.7
15018,DLR,15-30,37.9
15018,DLR,30-60,41.7
15018,DLR,60-120,52.9
15018,DLR,120+,65.9
15018,ET,0-5,47.4
15018,ET,5-15,47.7
15018,ET,15-30,48.1
15018,ET,30-60,52.6
15018,ET,60-120,69.1
15018,ET,120+,101.3
15018,GAR,0-5,57.0
15018,GAR,5-15,57.4
15018,GAR,15-30,57.7
15018,GAR,30-60,67.5
15018,GAR,60-120,86.2
15018,GAR,120+,120.1
15018,GKP,0-5,0.0
15018,GKP,5-15,0.0
15018,GKP,15-30,0.0
15018,GKP,30-60,0.0
15018,GKP,60-120,7.7
15018,GKP,120+,14.3
15018,HD,0-5,78.8
15018,HD,5-15,79.1
15018,HD,15-30,79.4
15018,HD,30-60,87.9
15018,HD,60-120,106.1
15018,HD,120+,142.3
15018,IAA,0-5,38.2
15018,IAA,5-15,38.5
15018,IAA,15-30,38.7
15018,IAA,30-60,41.3
15018,IAA,60-120,52.6
15018,IAA,120+,65.4
15018,IGP,0-5,46.4
15018,IGP,5-15,46.7
15018,IGP,15-30,47.0
15018,IGP,30-60,50.4
15018,IGP,60-120,68.3
15018,IGP,120+,89.4
15018,JBP,0-5,59.1
15018,JBP,5-15,59.4
15018,JBP,15-30,59.7
15018,JBP,30-60,64.5
15018,JBP,60-120,87.8
15018,JBP,120+,123.1
15018,JKN,0-5,38.9
15018,JKN,5-15,39.2
15018,JKN,15-30,39.5
15018,JKN,30-60,42.3
15018,JKN,60-120,57.5
15018,JKN,120+,70.0
15018,JL,0-5,47.4
15018,JL,5-15,47.7
15018,JL,15-30,48.0
15018,JL,30-60,51.7
15018,JL,60-120,69.1
15018,JL,120+,93.9
15018,JNH,0-5,26.2
15018,JNH,5-15,26.2
15018,JNH,15-30,26.5
15018,JNH,30-60,31.9
15018,JNH,60-120,59.8
15018,JNH,120+,98.0
15018,JTW,0-5,47.2
15018,JTW,5-15,47.5
15018,JTW,15-30,47.6
15018,JTW,30-60,50.9
15018,JTW,60-120,66.9
15018,JTW,120+,91.3
15018,KEH,0-5,24.8
15018,KEH,5-15,24.8
15018,KEH,15-30,25.0
15018,KEH,30-60,30.4
15018,KEH,60-120,57.8
15018,KEH,120+,93.2
15018,KKN,0-5,91.0
15018,KKN,5-15,91.0
15018,KKN,15-30,91.2
15018,KKN,30-60,94.1
15018,KKN,60-120,116.1
15018,KKN,120+,152.2
15018,KNW,0-5,38.5
15018,KNW,5-15,38.8
15018,KNW,15-30,39.0
15018,KNW,30-60,41.5
15018,KNW,60-120,52.6
15018,KNW,120+,64.7
15018,KTE,0-5,53.1
15018,KTE,5-15,53.5
15018,KTE,15-30,53.7
15018,KTE,30-60,56.5
15018,KTE,60-120,71.5
15018,KTE,120+,102.4
15018,KY,0-5,61.7
15018,KY,5-15,62.0
15018,KY,15-30,62.2
15018,KY,30-60,67.6
15018,KY,60-120,86.3
15018,KY,120+,120.1
15018,KYN,0-5,57.1
15018,KYN,5-15,57.5
15018,KYN,15-30,57.7
15018,KYN,30-60,60.4
15018,KYN,60-120,74.7
15018,KYN,120+,105.0
15018,LRD,0-5,28.7
15018,LRD,5-15,29.1
15018,LRD,15-30,29.1
15018,LRD,30-60,31.5
15018,LRD,60-120,40.3
15018,LRD,120+,50.2
15018,LS,0-5,57.7
15018,LS,5-15,58.0
15018,LS,15-30,58.3
15018,LS,30-60,61.0
15018,LS,60-120,74.9
15018,LS,120+,104.7
15018,LTT,0-5,46.0
15018,LTT,5-15,46.4
15018,LTT,15-30,46.7
15018,LTT,30-60,50.5
15018,LTT,60-120,65.5
15018,LTT,120+,92.9
15018,MAU,0-5,40.2
15018,MAU,5-15,40.6
15018,MAU,15-30,40.9
15018,MAU,30-60,43.8
15018,MAU,60-120,54.6
15018,MAU,120+,68.2
15018,MKP,0-5,39.1
15018,MKP,5-15,39.5
15018,MKP,15-30,39.8
15018,MKP,30-60,43.0
15018,MKP,60-120,54.4
15018,MKP,120+,68.7
15018,MML,0-5,49.1
15018,MML,5-15,49.1
15018,MML,15-30,49.5
15018,MML,30-60,55.8
15018,MML,60-120,90.3
15018,MML,120+,138.3
15018,MMR,0-5,53.7
15018,MMR,5-15,54.0
15018,MMR,15-30,54.3
15018,MMR,30-60,57.1
15018,MMR,60-120,71.5
15018,MMR,120+,102.0
15018,MOF,0-5,21.7
15018,MOF,5-15,21.7
15018,MOF,15-30,21.8
15018,MOF,30-60,26.8
15018,MOF,60-120,53.2
15018,MOF,120+,81.1
15018,MYR,0-5,52.9
15018,MYR,5-15,53.2
15018,MYR,15-30,53.5
15018,MYR,30-60,56.3
15018,MYR,60-120,71.4
15018,MYR,120+,99.9
15018,NGN,0-5,60.4
15018,NGN,5-15,60.8
15018,NGN,15-30,61.0
15018,NGN,30-60,65.0
15018,NGN,60-120,80.3
15018,NGN,120+,112.3
15018,NK,0-5,55.2
15018,NK,5-15,55.5
15018,NK,15-30,55.8
15018,NK,30-60,58.5
15018,NK,60-120,72.9
15018,NK,120+,102.9
15018,NPNR,0-5,46.6
15018,NPNR,5-15,46.9
15018,NPNR,15-30,47.0
15018,NPNR,30-60,50.2
15018,NPNR,60-120,61.5
15018,NPNR,120+,84.0
15018,NU,0-5,61.9
15018,NU,5-15,62.3
15018,NU,15-30,62.5
15018,NU,30-60,67.4
15018,NU,60-120,85.1
15018,NU,120+,120.4
15018,NYN,0-5,28.4
15018,NYN,5-15,28.5
15018,NYN,15-30,28.7
15018,NYN,30-60,34.1
15018,NYN,60-120,61.6
15018,NYN,120+,100.8
15018,PC,0-5,55.4
15018,PC,5-15,55.7
15018,PC,15-30,56.0
15018,PC,30-60,58.7
15018,PC,60-120,72.8
15018,PC,120+,101.9
15018,PFM,0-5,20.1
15018,PFM,5-15,20.2
15018,PFM,15-30,20.1
15018,PFM,30-60,24.7
15018,PFM,60-120,51.0
15018,PFM,120+,78.0
15018,PLP,0-5,26.0
15018,PLP,5-15,26.1
15018,PLP,15-30,26.3
15018,PLP,30-60,31.7
15018,PLP,60-120,58.5
15018,PLP,120+,95.7
15018,PPI,0-5,73.1
15018,PPI,5-15,73.4
15018,PPI,15-30,73.6
15018,PPI,30-60,78.5
15018,PPI,60-120,95.0
15018,PPI,120+,127.8
15018,PRF,0-5,20.2
15018,PRF,5-15,20.3
15018,PRF,15-30,20.4
15018,PRF,30-60,25.0
15018,PRF,60-120,51.1
15018,PRF,120+,77.9
15018,PRG,0-5,18.2
15018,PRG,5-15,18.2
15018,PRG,15-30,18.2
15018,PRG,30-60,22.9
15018,PRG,60-120,48.0
15018,PRG,120+,73.9
15018,PRYJ,0-5,25.3
15018,PRYJ,5-15,25.3
15018,PRYJ,15-30,25.6
15018,PRYJ,30-60,31.2
15018,PRYJ,60-120,59.0
15018,PRYJ,120+,98.1
15018,RV,0-5,46.1
15018,RV,5-15,46.4
15018,RV,15-30,46.5
15018,RV,30-60,49.9
15018,RV,60-120,60.7
15018,RV,120+,82.8
15018,SAW,0-5,23.3
15018,SAW,5-15,23.3
15018,SAW,15-30,23.6
15018,SAW,30-60,29.0
15018,SAW,60-120,55.8
15018,SAW,120+,86.3
15018,SDT,0-5,40.1
15018,SDT,5-15,40.5
15018,SDT,15-30,40.8
15018,SDT,30-60,43.8
15018,SDT,60-120,54.4
15018,SDT,120+,67.7
15018,SGP,0-5,65.8
15018,SGP,5-15,66.1
15018,SGP,15-30,66.3
15018,SGP,30-60,71.1
15018,SGP,60-120,87.4
15018,SGP,120+,119.1
15018,SHR,0-5,60.4
15018,SHR,5-15,60.7
15018,SHR,15-30,61.0
15018,SHR,30-60,65.3
15018,SHR,60-120,82.3
15018,SHR,120+,113.2
15018,SQN,0-5,24.9
15018,SQN,5-15,24.9
15018,SQN,15-30,25.1
15018,SQN,30-60,30.5
15018,SQN,60-120,57.1
15018,SQN,120+,92.1
15018,SRID,0-5,78.4
15018,SRID,5-15,78.8
15018,SRID,15-30,79.0
15018,SRID,30-60,83.8
15018,SRID,60-120,100.5
15018,SRID,120+,132.6
15018,SRJ,0-5,43.9
15018,SRJ,5-15,44.3
15018,SRJ,15-30,44.4
15018,SRJ,30-60,47.7
15018,SRJ,60-120,58.5
15018,SRJ,120+,78.2
15018,SRU,0-5,27.5
15018,SRU,5-15,27.8
15018,SRU,15-30,27.9
15018,SRU,30-60,30.3
15018,SRU,60-120,38.4
15018,SRU,120+,48.2
15018,STA,0-5,45.9
15018,STA,5-15,46.2
15018,STA,15-30,46.5
15018,STA,30-60,50.3
15018,STA,60-120,64.4
15018,STA,120+,89.8
15018,SWPR,0-5,23.3
15018,SWPR,5-15,23.4
15018,SWPR,15-30,23.6
15018,SWPR,30-60,29.1
15018,SWPR,60-120,55.9
15018,SWPR,120+,86.4
15018,SYC,0-5,20.2
15018,SYC,5-15,20.2
15018,SYC,15-30,20.3
15018,SYC,30-60,25.1
15018,SYC,60-120,51.2
15018,SYC,120+,78.0
15018,TBN,0-5,66.7
15018,TBN,5-15,67.0
15018,TBN,15-30,67.2
15018,TBN,30-60,71.5
15018,TBN,60-120,87.7
15018,TBN,120+,119.4
15018,TLV,0-5,60.0
15018,TLV,5-15,60.4
15018,TLV,15-30,60.6
15018,TLV,30-60,64.8
15018,TLV,60-120,80.7
15018,TLV,120+,110.7
15018,TNA,0-5,51.9
15018,TNA,5-15,52.3
15018,TNA,15-30,52.5
15018,TNA,30-60,55.5
15018,TNA,60-120,70.6
15018,TNA,120+,99.5
15018,URPR,0-5,32.6
15018,URPR,5-15,32.6
15018,URPR,15-30,33.0
15018,URPR,30-60,38.9
15018,URPR,60-120,67.4
15018,URPR,120+,107.6
15909,AMRO,0-5,59.4
15909,AMRO,5-15,59.4
15909,AMRO,15-30,59.5
15909,AMRO,30-60,59.6
15909,AMRO,60-120,75.9
15909,AMRO,120+,102.1
15909,AUB,0-5,37.6
15909,AUB,5-15,37.7
15909,AUB,15-30,37.7
15909,AUB,30-60,40.7
15909,AUB,60-120,57.8
15909,AUB,120+,90.6
15909,AZR,0-5,41.8
15909,AZR,5-15,41.9
15909,AZR,15-30,42.1
15909,AZR,30-60,45.1
15909,AZR,60-120,63.6
15909,AZR,120+,100.2
15909,BBK,0-5,53.5
15909,BBK,5-15,53.5
15909,BBK,15-30,53.7
15909,BBK,30-60,55.9
15909,BBK,60-120,72.2
15909,BBK,120+,106.9
15909,BE,0-5,40.4
15909,BE,5-15,40.5
15909,BE,15-30,40.7
15909,BE,30-60,44.0
15909,BE,60-120,63.0
15909,BE,120+,99.8
15909,BGS,0-5,53.6
15909,BGS,5-15,53.7
15909,BGS,15-30,53.8
15909,BGS,30-60,56.8
15909,BGS,60-120,74.0
15909,BGS,120+,105.0
15909,BGZ,0-5,94.5
15909,BGZ,5-15,94.3
15909,BGZ,15-30,94.4
15909,BGZ,30-60,98.6
15909,BGZ,60-120,117.0
15909,BGZ,120+,156.0
15909,BHTR,0-5,52.4
15909,BHTR,5-15,52.4
15909,BHTR,15-30,52.6
15909,BHTR,30-60,54.7
15909,BHTR,60-120,69.9
15909,BHTR,120+,101.2
15909,BJU,0-5,49.8
15909,BJU,5-15,49.9
15909,BJU,15-30,50.0
15909,BJU,30-60,53.0
15909,BJU,60-120,69.0
15909,BJU,120+,101.9
15909,BLM,0-5,52.7
15909,BLM,5-15,52.7
15909,BLM,15-30,52.9
15909,BLM,30-60,55.4
15909,BLM,60-120,70.4
15909,BLM,120+,101.6
15909,BLZ,0-5,112.9
15909,BLZ,5-15,112.6
15909,BLZ,15-30,112.8
15909,BLZ,30-60,115.2
15909,BLZ,60-120,140.1
15909,BLZ,120+,181.6
15909,BOE,0-5,42.0
15909,BOE,5-15,42.1
15909,BOE,15-30,42.3
15909,BOE,30-60,44.7
15909,BOE,60-120,60.7
15909,BOE,120+,93.1
15909,BOJ,0-5,18.6
15909,BOJ,5-15,18.7
15909,BOJ,15-30,18.9
15909,BOJ,30-60,20.6
15909,BOJ,60-120,26.6
15909,BOJ,120+,39.3
15909,BPRD,0-5,42.1
15909,BPRD,5-15,42.1
15909,BPRD,15-30,42.3
15909,BPRD,30-60,44.6
15909,BPRD,60-120,60.9
15909,BPRD,120+,92.1
15909,BRZ,0-5,113.5
15909,BRZ,5-15,113.2
15909,BRZ,15-30,113.4
15909,BRZ,30-60,115.8
15909,BRZ,60-120,140.8
15909,BRZ,120+,181.8
15909,BST,0-5,55.2
15909,BST,5-15,55.2
15909,BST,15-30,55.4
15909,BST,30-60,56.7
15909,BST,60-120,72.1
15909,BST,120+,104.1
15909,BTI,0-5,105.4
15909,BTI,5-15,105.2
15909,BTI,15-30,105.3
15909,BTI,30-60,107.3
15909,BTI,60-120,128.7
15909,BTI,120+,170.2
15909,BTT,0-5,52.7
15909,BTT,5-15,52.7
15909,BTT,15-30,52.9
15909,BTT,30-60,55.9
15909,BTT,60-120,72.8
15909,BTT,120+,107.5
15909,BXJ,0-5,16.1
15909,BXJ,5-15,16.1
15909,BXJ,15-30,16.3
15909,BXJ,30-60,18.2
15909,BXJ,60-120,24.5
15909,BXJ,120+,37.7
15909,CPK,0-5,43.8
15909,CPK,5-15,43.8
15909,CPK,15-30,44.0
15909,CPK,30-60,45.6
15909,CPK,60-120,62.1
15909,CPK,120+,95.1
15909,CPR,0-5,55.0
15909,CPR,5-15,55.0
15909,CPR,15-30,55.1
15909,CPR,30-60,56.5
15909,CPR,60-120,71.6
15909,CPR,120+,103.3
15909,DBRG,0-5,8.6
15909,DBRG,5-15,8.7
15909,DBRG,15-30,8.7
15909,DBRG,30-60,8.8
15909,DBRG,60-120,9.6
15909,DBRG,120+,14.2
15909,DEOS,0-5,53.6
15909,DEOS,5-15,53.6
15909,DEOS,15-30,53.8
15909,DEOS,30-60,55.0
15909,DEOS,60-120,70.1
15909,DEOS,120+,101.5
15909,DGU,0-5,55.2
15909,DGU,5-15,55.3
15909,DGU,15-30,55.6
15909,DGU,30-60,56.9
15909,DGU,60-120,71.3
15909,DGU,120+,107.3
15909,DKZ,0-5,75.6
15909,DKZ,5-15,75.4
15909,DKZ,15-30,75.5
15909,DKZ,30-60,78.3
15909,DKZ,60-120,98.0
15909,DKZ,120+,138.4
15909,DLI,0-5,73.8
15909,DLI,5-15,73.5
15909,DLI,15-30,73.7
15909,DLI,30-60,75.4
15909,DLI,60-120,93.3
15909,DLI,120+,130.0
15909,DLK,0-5,41.2
15909,DLK,5-15,41.2
15909,DLK,15-30,41.5
15909,DLK,30-60,44.0
15909,DLK,60-120,60.8
15909,DLK,120+,94.4
15909,DMV,0-5,21.3
15909,DMV,5-15,21.3
15909,DMV,15-30,21.4
15909,DMV,30-60,23.7
15909,DMV,60-120,30.4
15909,DMV,120+,43.5
15909,DOL,0-5,57.3
15909,DOL,5-15,57.3
15909,DOL,15-30,57.4
15909,DOL,30-60,58.2
15909,DOL,60-120,72.8
15909,DOL,120+,104.4
15909,DPU,0-5,30.1
15909,DPU,5-15,30.2
15909,DPU,15-30,30.2
15909,DPU,30-60,32.6
15909,DPU,60-120,46.0
15909,DPU,120+,66.0
15909,DQG,0-5,33.4
15909,DQG,5-15,33.4
15909,DQG,15-30,33.5
15909,DQG,30-60,36.0
15909,DQG,60-120,50.0
15909,DQG,120+,73.8
15909,DSS,0-5,53.6
15909,DSS,5-15,53.6
15909,DSS,15-30,53.8
15909,DSS,30-60,55.0
15909,DSS,60-120,69.5
15909,DSS,120+,97.1
15909,EKMA,0-5,53.4
15909,EKMA,5-15,53.4
15909,EKMA,15-30,53.5
15909,EKMA,30-60,54.8
15909,EKMA,60-120,69.8
15909,EKMA,120+,100.6
15909,FKG,0-5,14.3
15909,FKG,5-15,14.4
15909,FKG,15-30,14.4
15909,FKG,30-60,16.2
15909,FKG,60-120,18.9
15909,FKG,120+,29.7
15909,GD,0-5,69.7
15909,GD,5-15,69.7
15909,GD,15-30,69.9
15909,GD,30-60,70.8
15909,GD,60-120,88.2
15909,GD,120+,124.3
15909,GHY,0-5,30.2
15909,GHY,5-15,30.2
15909,GHY,15-30,30.3
15909,GHY,30-60,32.6
15909,GHY,60-120,45.8
15909,GHY,120+,65.8
15909,GKP,0-5,50.3
15909,GKP,5-15,50.3
15909,GKP,15-30,50.4
15909,GKP,30-60,53.4
15909,GKP,60-120,69.7
15909,GKP,120+,103.1
15909,GMS,0-5,143.3
15909,GMS,5-15,143.1
15909,GMS,15-30,143.1
15909,GMS,30-60,141.6
15909,GMS,60-120,169.2
15909,GMS,120+,212.8
15909,GZB,0-5,50.5
15909,GZB,5-15,50.6
15909,GZB,15-30,50.8
15909,GZB,30-60,54.0
15909,GZB,60-120,72.3
15909,GZB,120+,108.3
15909,HJI,0-5,42.4
15909,HJI,5-15,42.4
15909,HJI,15-30,42.6
15909,HJI,30-60,45.1
15909,HJI,60-120,61.2
15909,HJI,120+,94.1
15909,HJP,0-5,65.9
15909,HJP,5-15,65.9
15909,HJP,15-30,66.0
15909,HJP,30-60,66.9
15909,HJP,60-120,83.3
15909,HJP,120+,116.9
15909,HMH,0-5,107.9
15909,HMH,5-15,107.7
15909,HMH,15-30,107.8
15909,HMH,30-60,109.7
15909,HMH,60-120,131.0
15909,HMH,120+,166.1
15909,HPU,0-5,53.1
15909,HPU,5-15,53.2
15909,HPU,15-30,53.3
15909,HPU,30-60,55.7
15909,HPU,60-120,70.8
15909,HPU,120+,104.3
15909,HRI,0-5,55.2
15909,HRI,5-15,55.2
15909,HRI,15-30,55.4
15909,HRI,30-60,56.7
15909,HRI,60-120,71.8
15909,HRI,120+,104.0
15909,JHL,0-5,114.8
15909,JHL,5-15,114.5
15909,JHL,15-30,114.6
15909,JHL,30-60,117.0
15909,JHL,60-120,139.3
15909,JHL,120+,180.9
15909,JID,0-5,52.0
15909,JID,5-15,52.1
15909,JID,15-30,52.2
15909,JID,30-60,53.5
15909,JID,60-120,68.1
15909,JID,120+,98.1
15909,JIND,0-5,108.2
15909,JIND,5-15,107.9
15909,JIND,15-30,108.0
15909,JIND,30-60,109.9
15909,JIND,60-120,130.5
15909,JIND,120+,169.8
15909,JPE,0-5,39.0
15909,JPE,5-15,39.0
15909,JPE,15-30,39.1
15909,JPE,30-60,41.7
15909,JPE,60-120,57.9
15909,JPE,120+,91.2
15909,KGG,0-5,45.4
15909,KGG,5-15,45.4
15909,KGG,15-30,45.5
15909,KGG,30-60,47.0
15909,KGG,60-120,62.1
15909,KGG,120+,92.0
15909,KHE,0-5,144.7
15909,KHE,5-15,144.4
15909,KHE,15-30,144.5
15909,KHE,30-60,149.7
15909,KHE,60-120,177.8
15909,KHE,120+,219.1
15909,KIR,0-5,27.3
15909,KIR,5-15,27.3
15909,KIR,15-30,27.5
15909,KIR,30-60,29.8
15909,KIR,60-120,42.8
15909,KIR,120+,62.0
15909,KLD,0-5,53.7
15909,KLD,5-15,53.7
15909,KLD,15-30,53.8
15909,KLD,30-60,55.1
15909,KLD,60-120,69.6
15909,KLD,120+,99.6
15909,KNE,0-5,37.5
15909,KNE,5-15,37.5
15909,KNE,15-30,37.5
15909,KNE,30-60,40.1
15909,KNE,60-120,54.9
15909,KNE,120+,85.6
15909,KOJ,0-5,30.5
15909,KOJ,5-15,30.5
15909,KOJ,15-30,30.6
15909,KOJ,30-60,33.0
15909,KOJ,60-120,45.6
15909,KOJ,120+,64.5
15909,KYQ,0-5,29.9
15909,KYQ,5-15,30.0
15909,KYQ,15-30,30.1
15909,KYQ,30-60,32.5
15909,KYQ,60-120,46.1
15909,KYQ,120+,65.8
15909,LAV,0-5,31.5
15909,LAV,5-15,31.5
15909,LAV,15-30,31.6
15909,LAV,30-60,34.2
15909,LAV,60-120,47.7
15909,LAV,120+,68.7
15909,LGH,0-5,71.9
15909,LGH,5-15,72.0
15909,LGH,15-30,72.1
15909,LGH,30-60,72.7
15909,LGH,60-120,89.5
15909,LGH,120+,119.0
15909,LKA,0-5,38.8
15909,LKA,5-15,38.8
15909,LKA,15-30,39.1
15909,LKA,30-60,41.4
15909,LKA,60-120,57.3
15909,LKA,120+,90.3
15909,LKO,0-5,53.9
15909,LKO,5-15,53.9
15909,LKO,15-30,54.0
15909,LKO,30-60,56.0
15909,LKO,60-120,71.8
15909,LKO,120+,105.0
15909,LKS,0-5,113.9
15909,LKS,5-15,113.6
15909,LKS,15-30,113.8
15909,LKS,30-60,116.1
15909,LKS,60-120,140.5
15909,LKS,120+,176.9
15909,LMG,0-5,30.7
15909,LMG,5-15,30.7
15909,LMG,15-30,30.8
15909,LMG,30-60,33.5
15909,LMG,60-120,47.0
15909,LMG,120+,66.7
15909,LXA,0-5,18.0
15909,LXA,5-15,18.1
15909,LXA,15-30,18.1
15909,LXA,30-60,20.4
15909,LXA,60-120,28.0
15909,LXA,120+,42.5
15909,MAUR,0-5,119.8
15909,MAUR,5-15,119.5
15909,MAUR,15-30,119.7
15909,MAUR,30-60,121.6
15909,MAUR,60-120,143.9
15909,MAUR,120+,183.2
15909,MB,0-5,43.5
15909,MB,5-15,43.5
15909,MB,15-30,43.7
15909,MB,30-60,44.8
15909,MB,60-120,60.9
15909,MB,120+,92.6
15909,MBY,0-5,107.7
15909,MBY,5-15,107.5
15909,MBY,15-30,107.6
15909,MBY,30-60,109.3
15909,MBY,60-120,130.7
15909,MBY,120+,163.6
15909,MFP,0-5,54.4
15909,MFP,5-15,54.4
15909,MFP,15-30,54.6
15909,MFP,30-60,56.5
15909,MFP,60-120,72.8
15909,MFP,120+,105.7
15909,MHJ,0-5,109.9
15909,MHJ,5-15,109.6
15909,MHJ,15-30,109.8
15909,MHJ,30-60,111.5
15909,MHJ,60-120,133.7
15909,MHJ,120+,173.6
15909,MNE,0-5,41.8
15909,MNE,5-15,41.8
15909,MNE,15-30,42.0
15909,MNE,30-60,43.1
15909,MNE,60-120,59.5
15909,MNE,120+,91.9
15909,MSZ,0-5,116.0
15909,MSZ,5-15,115.8
15909,MSZ,15-30,115.9
15909,MSZ,30-60,118.1
15909,MSZ,60-120,140.4
15909,MSZ,120+,179.6
15909,MUR,0-5,59.3
15909,MUR,5-15,59.4
15909,MUR,15-30,59.5
15909,MUR,30-60,59.8
15909,MUR,60-120,75.4
15909,MUR,120+,104.0
15909,MW,0-5,54.0
15909,MW,5-15,54.0
15909,MW,15-30,54.1
15909,MW,30-60,54.9
15909,MW,60-120,69.4
15909,MW,120+,98.8
15909,MXN,0-5,26.4
15909,MXN,5-15,26.4
15909,MXN,15-30,26.5
15909,MXN,30-60,28.9
15909,MXN,60-120,40.4
15909,MXN,120+,57.6
15909,NBQ,0-5,35.7
15909,NBQ,5-15,35.8
15909,NBQ,15-30,35.8
15909,NBQ,30-60,38.4
15909,NBQ,60-120,52.0
15909,NBQ,120+,80.1
15909,NCB,0-5,31.1
15909,NCB,5-15,31.1
15909,NCB,15-30,31.3
15909,NCB,30-60,33.9
15909,NCB,60-120,48.0
15909,NCB,120+,70.5
15909,NHK,0-5,12.5
15909,NHK,5-15,12.5
15909,NHK,15-30,12.6
15909,NHK,30-60,14.4
15909,NHK,60-120,17.3
15909,NHK,120+,28.5
15909,NJP,0-5,32.7
15909,NJP,5-15,32.7
15909,NJP,15-30,32.9
15909,NJP,30-60,35.5
15909,NJP,60-120,50.2
15909,NJP,120+,73.6
15909,NLV,0-5,42.6
15909,NLV,5-15,42.6
15909,NLV,15-30,42.8
15909,NLV,30-60,44.8
15909,NLV,60-120,60.4
15909,NLV,120+,92.7
15909,NNA,0-5,41.5
15909,NNA,5-15,41.5
15909,NNA,15-30,41.7
15909,NNA,30-60,44.3
15909,NNA,60-120,60.7
15909,NNA,120+,92.0
15909,NNO,0-5,90.0
15909,NNO,5-15,89.8
15909,NNO,15-30,89.9
15909,NNO,30-60,91.6
15909,NNO,60-120,109.6
15909,NNO,120+,139.9
15909,NNR,0-5,45.1
15909,NNR,5-15,45.1
15909,NNR,15-30,45.2
15909,NNR,30-60,46.2
15909,NNR,60-120,61.6
15909,NNR,120+,92.0
15909,NOQ,0-5,32.7
15909,NOQ,5-15,32.7
15909,NOQ,15-30,33.1
15909,NOQ,30-60,36.0
15909,NOQ,60-120,50.8
15909,NOQ,120+,77.9
15909,NRW,0-5,115.6
15909,NRW,5-15,115.3
15909,NRW,15-30,115.5
15909,NRW,30-60,117.7
15909,NRW,60-120,140.0
15909,NRW,120+,179.2
15909,NTSK,0-5,12.1
15909,NTSK,5-15,12.1
15909,NTSK,15-30,12.1
15909,NTSK,30-60,13.5
15909,NTSK,60-120,15.1
15909,NTSK,120+,22.7
15909,PGK,0-5,114.2
15909,PGK,5-15,113.9
15909,PGK,15-30,114.0
15909,PGK,30-60,116.3
15909,PGK,60-120,140.8
15909,PGK,120+,177.0
15909,PKW,0-5,55.0
15909,PKW,5-15,55.0
15909,PKW,15-30,55.1
15909,PKW,30-60,56.0
15909,PKW,60-120,71.0
15909,PKW,120+,99.9
15909,RMU,0-5,43.0
15909,RMU,5-15,43.1
15909,RMU,15-30,43.3
15909,RMU,30-60,44.9
15909,RMU,60-120,62.1
15909,RMU,120+,94.9
15909,RNY,0-5,35.3
15909,RNY,5-15,35.3
15909,RNY,15-30,35.4
15909,RNY,30-60,37.4
15909,RNY,60-120,51.0
15909,RNY,120+,79.3
15909,ROK,0-5,106.4
15909,ROK,5-15,106.1
15909,ROK,15-30,106.3
15909,ROK,30-60,108.0
15909,ROK,60-120,128.0
15909,ROK,120+,163.8
15909,SEE,0-5,68.3
15909,SEE,5-15,68.3
15909,SEE,15-30,68.4
15909,SEE,30-60,70.0
15909,SEE,60-120,88.5
15909,SEE,120+,124.5
15909,SGRA,0-5,108.2
15909,SGRA,5-15,107.9
15909,SGRA,15-30,108.1
15909,SGRA,30-60,109.8
15909,SGRA,60-120,131.1
15909,SGRA,120+,163.7
15909,SLGR,0-5,21.1
15909,SLGR,5-15,21.1
15909,SLGR,15-30,21.2
15909,SLGR,30-60,23.6
15909,SLGR,60-120,30.9
15909,SLGR,120+,44.1
15909,SOG,0-5,110.5
15909,SOG,5-15,110.3
15909,SOG,15-30,110.4
15909,SOG,30-60,112.2
15909,SOG,60-120,134.3
15909,SOG,120+,171.5
15909,SPJ,0-5,52.8
15909,SPJ,5-15,52.9
15909,SPJ,15-30,53.0
15909,SPJ,30-60,53.7
15909,SPJ,60-120,68.3
15909,SPJ,120+,97.3
15909,SPN,0-5,40.2
15909,SPN,5-15,40.3
15909,SPN,15-30,40.5
15909,SPN,30-60,42.2
15909,SPN,60-120,59.9
15909,SPN,120+,93.7
15909,SSB,0-5,90.5
15909,SSB,5-15,90.3
15909,SSB,15-30,90.4
15909,SSB,30-60,92.2
15909,SSB,60-120,110.7
15909,SSB,120+,146.2
15909,SV,0-5,51.4
15909,SV,5-15,51.4
15909,SV,15-30,51.5
15909,SV,30-60,52.3
15909,SV,60-120,67.1
15909,SV,120+,93.2
15909,SZR,0-5,17.8
15909,SZR,5-15,17.8
15909,SZR,15-30,18.0
15909,SZR,30-60,20.0
15909,SZR,60-120,24.8
15909,SZR,120+,36.7
15909,THB,0-5,43.6
15909,THB,5-15,43.7
15909,THB,15-30,43.8
15909,THB,30-60,45.8
15909,THB,60-120,61.9
15909,THB,120+,94.1
15909,TUN,0-5,115.6
15909,TUN,5-15,115.3
15909,TUN,15-30,115.5
15909,TUN,30-60,117.7
15909,TUN,60-120,140.0
15909,TUN,120+,179.2
15910,AMRO,0-5,70.4
15910,AMRO,5-15,70.4
15910,AMRO,15-30,70.8
15910,AMRO,30-60,70.1
15910,AMRO,60-120,83.2
15910,AMRO,120+,102.0
15910,AUB,0-5,109.5
15910,AUB,5-15,109.3
15910,AUB,15-30,109.6
15910,AUB,30-60,109.2
15910,AUB,60-120,126.3
15910,AUB,120+,161.8
15910,AZR,0-5,90.1
15910,AZR,5-15,89.9
15910,AZR,15-30,90.2
15910,AZR,30-60,92.9
15910,AZR,60-120,109.6
15910,AZR,120+,139.5
15910,BBK,0-5,78.0
15910,BBK,5-15,78.0
15910,BBK,15-30,78.4
15910,BBK,30-60,81.1
15910,BBK,60-120,96.4
15910,BBK,120+,124.8
15910,BE,0-5,80.2
15910,BE,5-15,79.9
15910,BE,15-30,80.3
15910,BE,30-60,83.1
15910,BE,60-120,101.3
15910,BE,120+,131.7
15910,BGS,0-5,77.7
15910,BGS,5-15,77.4
15910,BGS,15-30,77.8
15910,BGS,30-60,81.0
15910,BGS,60-120,97.2
15910,BGS,120+,125.8
15910,BGZ,0-5,29.3
15910,BGZ,5-15,29.3
15910,BGZ,15-30,29.6
15910,BGZ,30-60,30.1
15910,BGZ,60-120,37.8
15910,BGZ,120+,51.7
15910,BHTR,0-5,82.4
15910,BHTR,5-15,82.4
15910,BHTR,15-30,82.8
15910,BHTR,30-60,85.5
15910,BHTR,60-120,99.1
15910,BHTR,120+,125.3
15910,BJU,0-5,81.8
15910,BJU,5-15,81.8
15910,BJU,15-30,82.2
15910,BJU,30-60,85.3
15910,BJU,60-120,98.6
15910,BJU,120+,128.1
15910,BLM,0-5,115.7
15910,BLM,5-15,115.4
15910,BLM,15-30,115.8
15910,BLM,30-60,119.1
15910,BLM,60-120,137.6
15910,BLM,120+,170.4
15910,BLZ,0-5,10.5
15910,BLZ,5-15,10.5
15910,BLZ,15-30,10.4
15910,BLZ,30-60,12.4
15910,BLZ,60-120,12.8
15910,BLZ,120+,14.1
15910,BOE,0-5,108.2
15910,BOE,5-15,108.0
15910,BOE,15-30,108.3
15910,BOE,30-60,111.1
15910,BOE,60-120,126.9
15910,BOE,120+,154.2
15910,BOJ,0-5,117.7
15910,BOJ,5-15,117.4
15910,BOJ,15-30,118.3
15910,BOJ,30-60,121.2
15910,BOJ,60-120,138.0
15910,BOJ,120+,170.7
15910,BPRD,0-5,108.6
15910,BPRD,5-15,108.3
15910,BPRD,15-30,108.7
15910,BPRD,30-60,111.5
15910,BPRD,60-120,126.7
15910,BPRD,120+,154.1
15910,BRZ,0-5,13.3
15910,BRZ,5-15,13.3
15910,BRZ,15-30,13.2
15910,BRZ,30-60,15.5
15910,BRZ,60-120,16.9
15910,BRZ,120+,19.0
15910,BST,0-5,85.8
15910,BST,5-15,85.5
15910,BST,15-30,85.9
15910,BST,30-60,88.7
15910,BST,60-120,102.8
15910,BST,120+,128.5
15910,BTI,0-5,5.2
15910,BTI,5-15,5.3
15910,BTI,15-30,5.0
15910,BTI,30-60,5.6
15910,BTI,60-120,5.2
15910,BTI,120+,4.0
15910,BTT,0-5,84.8
15910,BTT,5-15,84.9
15910,BTT,15-30,85.2
15910,BTT,30-60,88.1
15910,BTT,60-120,101.1
15910,BTT,120+,129.0
15910,BXJ,0-5,117.9
15910,BXJ,5-15,117.7
15910,BXJ,15-30,118.1
15910,BXJ,30-60,121.0
15910,BXJ,60-120,138.4
15910,BXJ,120+,170.9
15910,CPK,0-5,114.2
15910,CPK,5-15,113.9
15910,CPK,15-30,114.2
15910,CPK,30-60,117.5
15910,CPK,60-120,134.9
15910,CPK,120+,167.3
15910,CPR,0-5,71.8
15910,CPR,5-15,71.9
15910,CPR,15-30,72.2
15910,CPR,30-60,73.9
15910,CPR,60-120,85.5
15910,CPR,120+,109.9
15910,DBRG,0-5,80.5
15910,DBRG,5-15,80.5
15910,DBRG,15-30,80.8
15910,DBRG,30-60,85.3
15910,DBRG,60-120,100.6
15910,DBRG,120+,131.4
15910,DEOS,0-5,84.3
15910,DEOS,5-15,84.3
15910,DEOS,15-30,84.6
15910,DEOS,30-60,86.6
15910,DEOS,60-120,99.6
15910,DEOS,120+,126.0
15910,DGU,0-5,116.0
15910,DGU,5-15,115.7
15910,DGU,15-30,116.1
15910,DGU,30-60,119.4
15910,DGU,60-120,135.2
15910,DGU,120+,166.6
15910,DKZ,0-5,33.9
15910,DKZ,5-15,34.0
15910,DKZ,15-30,34.1
15910,DKZ,30-60,37.5
15910,DKZ,60-120,46.8
15910,DKZ,120+,66.5
15910,DLI,0-5,37.7
15910,DLI,5-15,37.7
15910,DLI,15-30,38.0
15910,DLI,30-60,41.4
15910,DLI,60-120,50.4
15910,DLI,120+,69.7
15910,DLK,0-5,107.1
15910,DLK,5-15,106.9
15910,DLK,15-30,107.2
15910,DLK,30-60,110.0
15910,DLK,60-120,125.1
15910,DLK,120+,156.8
15910,DMV,0-5,116.0
15910,DMV,5-15,115.7
15910,DMV,15-30,116.0
15910,DMV,30-60,119.4
15910,DMV,60-120,134.9
15910,DMV,120+,168.9
15910,DOL,0-5,84.7
15910,DOL,5-15,84.8
15910,DOL,15-30,85.1
15910,DOL,30-60,88.0
15910,DOL,60-120,100.9
15910,DOL,120+,125.6
15910,DPU,0-5,120.0
15910,DPU,5-15,119.7
15910,DPU,15-30,120.1
15910,DPU,30-60,123.0
15910,DPU,60-120,138.7
15910,DPU,120+,172.0
15910,DQG,0-5,108.5
15910,DQG,5-15,108.2
15910,DQG,15-30,108.5
15910,DQG,30-60,111.4
15910,DQG,60-120,125.3
15910,DQG,120+,152.2
15910,DSS,0-5,84.3
15910,DSS,5-15,84.3
15910,DSS,15-30,84.7
15910,DSS,30-60,87.5
15910,DSS,60-120,100.1
15910,DSS,120+,124.3
15910,EKMA,0-5,84.7
15910,EKMA,5-15,84.8
15910,EKMA,15-30,85.1
15910,EKMA,30-60,88.0
15910,EKMA,60-120,100.9
15910,EKMA,120+,125.6
15910,FKG,0-5,101.0
15910,FKG,5-15,100.8
15910,FKG,15-30,101.1
15910,FKG,30-60,103.9
15910,FKG,60-120,117.1
15910,FKG,120+,146.5
15910,GD,0-5,86.5
15910,GD,5-15,86.3
15910,GD,15-30,86.6
15910,GD,30-60,89.4
15910,GD,60-120,103.4
15910,GD,120+,129.6
15910,GHY,0-5,110.5
15910,GHY,5-15,110.2
15910,GHY,15-30,110.6
15910,GHY,30-60,113.4
15910,GHY,60-120,127.9
15910,GHY,120+,158.2
15910,GKP,0-5,80.6
15910,GKP,5-15,80.6
15910,GKP,15-30,81.0
15910,GKP,30-60,83.9
15910,GKP,60-120,98.0
15910,GKP,120+,127.7
15910,GMS,0-5,31.2
15910,GMS,5-15,31.2
15910,GMS,15-30,31.3
15910,GMS,30-60,34.7
15910,GMS,60-120,52.1
15910,GMS,120+,67.7
15910,GZB,0-5,37.7
15910,GZB,5-15,37.7
15910,GZB,15-30,38.1
15910,GZB,30-60,41.7
15910,GZB,60-120,54.1
15910,GZB,120+,77.1
15910,HJI,0-5,115.2
15910,HJI,5-15,115.0
15910,HJI,15-30,115.3
15910,HJI,30-60,118.6
15910,HJI,60-120,134.4
15910,HJI,120+,166.5
15910,HJP,0-5,66.9
15910,HJP,5-15,66.9
15910,HJP,15-30,67.3
15910,HJP,30-60,68.9
15910,HJP,60-120,80.8
15910,HJP,120+,103.9
15910,HMH,0-5,14.6
15910,HMH,5-15,14.7
15910,HMH,15-30,14.5
15910,HMH,30-60,16.8
15910,HMH,60-120,17.4
15910,HMH,120+,19.2
15910,HPU,0-5,51.3
15910,HPU,5-15,51.3
15910,HPU,15-30,51.7
15910,HPU,30-60,54.1
15910,HPU,60-120,66.4
15910,HPU,120+,89.6
15910,HRI,0-5,111.3
15910,HRI,5-15,111.0
15910,HRI,15-30,111.4
15910,HRI,30-60,114.2
15910,HRI,60-120,128.2
15910,HRI,120+,157.0
15910,JHL,0-5,14.6
15910,JHL,5-15,14.6
15910,JHL,15-30,14.5
15910,JHL,30-60,16.8
15910,JHL,60-120,18.1
15910,JHL,120+,22.2
15910,JID,0-5,115.6
15910,JID,5-15,115.4
15910,JID,15-30,115.7
15910,JID,30-60,119.0
15910,JID,60-120,134.8
15910,JID,120+,166.2
15910,JIND,0-5,25.8
15910,JIND,5-15,25.9
15910,JIND,15-30,25.9
15910,JIND,30-60,28.6
15910,JIND,60-120,34.2
15910,JIND,120+,43.8
15910,JLD,0-5,85.1
15910,JLD,5-15,84.9
15910,JLD,15-30,85.2
15910,JLD,30-60,88.0
15910,JLD,60-120,100.7
15910,JLD,120+,124.8
15910,JPE,0-5,107.1
15910,JPE,5-15,106.9
15910,JPE,15-30,107.2
15910,JPE,30-60,111.2
15910,JPE,60-120,125.9
15910,JPE,120+,158.9
15910,KGG,0-5,96.8
15910,KGG,5-15,96.5
15910,KGG,15-30,96.9
15910,KGG,30-60,99.7
15910,KGG,60-120,113.6
15910,KGG,120+,140.1
15910,KHE,0-5,33.2
15910,KHE,5-15,33.2
15910,KHE,15-30,33.3
15910,KHE,30-60,36.7
15910,KHE,60-120,53.7
15910,KHE,120+,74.0
15910,KIR,0-5,83.0
15910,KIR,5-15,82.7
15910,KIR,15-30,83.0
15910,KIR,30-60,87.6
15910,KIR,60-120,105.1
15910,KIR,120+,136.8
15910,KLD,0-5,86.9
15910,KLD,5-15,86.6
15910,KLD,15-30,86.9
15910,KLD,30-60,89.7
15910,KLD,60-120,103.1
15910,KLD,120+,127.7
15910,KNE,0-5,110.5
15910,KNE,5-15,110.2
15910,KNE,15-30,110.5
15910,KNE,30-60,114.5
15910,KNE,60-120,129.1
15910,KNE,120+,164.1
15910,KOJ,0-5,116.8
15910,KOJ,5-15,116.5
15910,KOJ,15-30,116.8
15910,KOJ,30-60,120.1
15910,KOJ,60-120,135.1
15910,KOJ,120+,169.6
15910,KYQ,0-5,107.3
15910,KYQ,5-15,107.1
15910,KYQ,15-30,107.4
15910,KYQ,30-60,110.2
15910,KYQ,60-120,123.6
15910,KYQ,120+,153.9
15910,LAV,0-5,107.6
15910,LAV,5-15,107.4
15910,LAV,15-30,107.7
15910,LAV,30-60,110.4
15910,LAV,60-120,123.8
15910,LAV,120+,154.0
15910,LGH,0-5,5.2
15910,LGH,5-15,5.2
15910,LGH,15-30,4.9
15910,LGH,30-60,5.6
15910,LGH,60-120,5.5
15910,LGH,120+,2.5
15910,LKA,0-5,119.8
15910,LKA,5-15,119.5
15910,LKA,15-30,119.9
15910,LKA,30-60,122.7
15910,LKA,60-120,138.5
15910,LKA,120+,169.5
15910,LKO,0-5,86.7
15910,LKO,5-15,86.5
15910,LKO,15-30,86.8
15910,LKO,30-60,89.5
15910,LKO,60-120,104.0
15910,LKO,120+,135.3
15910,LKS,0-5,7.4
15910,LKS,5-15,7.4
15910,LKS,15-30,7.1
15910,LKS,30-60,8.3
15910,LKS,60-120,6.6
15910,LKS,120+,3.7
15910,LMG,0-5,116.8
15910,LMG,5-15,116.5
15910,LMG,15-30,116.9
15910,LMG,30-60,120.0
15910,LMG,60-120,135.0
15910,LMG,120+,168.5
15910,LXA,0-5,120.7
15910,LXA,5-15,120.4
15910,LXA,15-30,120.8
15910,LXA,30-60,123.5
15910,LXA,60-120,138.4
15910,LXA,120+,170.3
15910,MAUR,0-5,9.7
15910,MAUR,5-15,9.8
15910,MAUR,15-30,9.6
15910,MAUR,30-60,11.2
15910,MAUR,60-120,10.2
15910,MAUR,120+,9.9
15910,MB,0-5,61.7
15910,MB,5-15,61.7
15910,MB,15-30,62.0
15910,MB,30-60,64.8
15910,MB,60-120,78.0
15910,MB,120+,106.4
15910,MBY,0-5,16.6
15910,MBY,5-15,16.6
15910,MBY,15-30,16.5
15910,MBY,30-60,18.5
15910,MBY,60-120,19.4
15910,MBY,120+,21.0
15910,MFP,0-5,84.5
15910,MFP,5-15,84.5
15910,MFP,15-30,84.9
15910,MFP,30-60,86.6
15910,MFP,60-120,98.9
15910,MFP,120+,129.2
15910,MHJ,0-5,16.6
15910,MHJ,5-15,16.6
15910,MHJ,15-30,16.5
15910,MHJ,30-60,18.4
15910,MHJ,60-120,19.3
15910,MHJ,120+,20.0
15910,MNE,0-5,95.8
15910,MNE,5-15,95.6
15910,MNE,15-30,95.9
15910,MNE,30-60,98.5
15910,MNE,60-120,112.5
15910,MNE,120+,143.1
15910,MSZ,0-5,10.6
15910,MSZ,5-15,10.6
15910,MSZ,15-30,10.5
15910,MSZ,30-60,12.1
15910,MSZ,60-120,11.3
15910,MSZ,120+,11.0
15910,MUR,0-5,95.6
15910,MUR,5-15,95.4
15910,MUR,15-30,95.7
15910,MUR,30-60,98.3
15910,MUR,60-120,111.9
15910,MUR,120+,140.0
15910,MW,0-5,84.9
15910,MW,5-15,84.7
15910,MW,15-30,85.0
15910,MW,30-60,87.7
15910,MW,60-120,100.8
15910,MW,120+,128.0
15910,MXN,0-5,110.4
15910,MXN,5-15,110.2
15910,MXN,15-30,110.5
15910,MXN,30-60,113.1
15910,MXN,60-120,127.2
15910,MXN,120+,159.5
15910,NBQ,0-5,107.9
15910,NBQ,5-15,107.6
15910,NBQ,15-30,108.0
15910,NBQ,30-60,110.6
15910,NBQ,60-120,124.0
15910,NBQ,120+,155.9
15910,NCB,0-5,105.9
15910,NCB,5-15,105.6
15910,NCB,15-30,105.9
15910,NCB,30-60,109.7
15910,NCB,60-120,125.8
15910,NCB,120+,160.6
15910,NHK,0-5,116.7
15910,NHK,5-15,116.4
15910,NHK,15-30,116.7
15910,NHK,30-60,119.9
15910,NHK,60-120,134.9
15910,NHK,120+,166.7
15910,NJP,0-5,110.8
15910,NJP,5-15,110.5
15910,NJP,15-30,110.9
15910,NJP,30-60,115.2
15910,NJP,60-120,132.8
15910,NJP,120+,171.0
15910,NLV,0-5,114.5
15910,NLV,5-15,114.3
15910,NLV,15-30,114.6
15910,NLV,30-60,117.2
15910,NLV,60-120,130.3
15910,NLV,120+,156.8
15910,NNA,0-5,100.1
15910,NNA,5-15,99.8
15910,NNA,15-30,100.1
15910,NNA,30-60,103.9
15910,NNA,60-120,117.8
15910,NNA,120+,152.0
15910,NNR,0-5,108.1
15910,NNR,5-15,107.9
15910,NNR,15-30,108.2
15910,NNR,30-60,110.9
15910,NNR,60-120,124.5
15910,NNR,120+,154.1
15910,NOQ,0-5,97.9
15910,NOQ,5-15,97.6
15910,NOQ,15-30,97.9
15910,NOQ,30-60,102.2
15910,NOQ,60-120,117.5
15910,NOQ,120+,151.7
15910,NRW,0-5,23.9
15910,NRW,5-15,23.9
15910,NRW,15-30,23.8
15910,NRW,30-60,25.9
15910,NRW,60-120,30.5
15910,NRW,120+,37.4
15910,NTSK,0-5,108.6
15910,NTSK,5-15,108.3
15910,NTSK,15-30,108.7
15910,NTSK,30-60,111.3
15910,NTSK,60-120,124.7
15910,NTSK,120+,157.4
15910,PGK,0-5,19.1
15910,PGK,5-15,19.1
15910,PGK,15-30,19.0
15910,PGK,30-60,21.0
15910,PGK,60-120,20.7
15910,PGK,120+,22.1
15910,PKW,0-5,51.4
15910,PKW,5-15,51.5
15910,PKW,15-30,51.8
15910,PKW,30-60,53.7
15910,PKW,60-120,64.8
15910,PKW,120+,84.2
15910,RMU,0-5,84.5
15910,RMU,5-15,84.5
15910,RMU,15-30,84.9
15910,RMU,30-60,87.8
15910,RMU,60-120,101.6
15910,RMU,120+,129.7
15910,RNY,0-5,105.4
15910,RNY,5-15,105.1
15910,RNY,15-30,105.5
15910,RNY,30-60,108.1
15910,RNY,60-120,119.5
15910,RNY,120+,146.0
15910,ROK,0-5,28.4
15910,ROK,5-15,28.4
15910,ROK,15-30,28.5
15910,ROK,30-60,30.9
15910,ROK,60-120,35.7
15910,ROK,120+,44.0
15910,SEE,0-5,71.2
15910,SEE,5-15,71.3
15910,SEE,15-30,71.6
15910,SEE,30-60,72.7
15910,SEE,60-120,83.4
15910,SEE,120+,106.9
15910,SGRA,0-5,18.7
15910,SGRA,5-15,18.7
15910,SGRA,15-30,18.7
15910,SGRA,30-60,20.6
15910,SGRA,60-120,20.3
15910,SGRA,120+,22.2
15910,SLGR,0-5,123.9
15910,SLGR,5-15,123.6
15910,SLGR,15-30,124.0
15910,SLGR,30-60,127.1
15910,SLGR,60-120,142.5
15910,SLGR,120+,170.0
15910,SOG,0-5,16.8
15910,SOG,5-15,16.9
15910,SOG,15-30,16.7
15910,SOG,30-60,18.5
15910,SOG,60-120,17.9
15910,SOG,120+,18.0
15910,SPJ,0-5,88.7
15910,SPJ,5-15,88.8
15910,SPJ,15-30,89.1
15910,SPJ,30-60,90.9
15910,SPJ,60-120,102.0
15910,SPJ,120+,126.0
15910,SPN,0-5,112.5
15910,SPN,5-15,112.3
15910,SPN,15-30,112.6
15910,SPN,30-60,116.4
15910,SPN,60-120,129.9
15910,SPN,120+,161.3
15910,SSB,0-5,32.6
15910,SSB,5-15,32.6
15910,SSB,15-30,32.8
15910,SSB,30-60,35.6
15910,SSB,60-120,41.3
15910,SSB,120+,55.0
15910,SV,0-5,89.2
15910,SV,5-15,89.3
15910,SV,15-30,89.6
15910,SV,30-60,92.3
15910,SV,60-120,103.2
15910,SV,120+,126.3
15910,SZR,0-5,123.8
15910,SZR,5-15,123.5
15910,SZR,15-30,123.9
15910,SZR,30-60,127.0
15910,SZR,60-120,142.6
15910,SZR,120+,170.1
15910,THB,0-5,105.4
15910,THB,5-15,105.1
15910,THB,15-30,105.4
15910,THB,30-60,108.1
15910,THB,60-120,119.3
15910,THB,120+,144.2
15910,TUN,0-5,17.0
15910,TUN,5-15,17.0
15910,TUN,15-30,17.0
15910,TUN,30-60,18.8
15910,TUN,60-120,17.6
15910,TUN,120+,18.0
16525,AFK,0-5,32.7
16525,AFK,5-15,32.7
16525,AFK,15-30,32.9
16525,AFK,30-60,36.4
16525,AFK,60-120,62.4
16525,AFK,120+,99.6
16525,AWY,0-5,24.7
16525,AWY,5-15,24.8
16525,AWY,15-30,24.1
16525,AWY,30-60,30.8
16525,AWY,60-120,56.2
16525,AWY,120+,96.3
16525,BNC,0-5,33.0
16525,BNC,5-15,33.0
16525,BNC,15-30,33.7
16525,BNC,30-60,40.5
16525,BNC,60-120,73.9
16525,BNC,120+,122.8
16525,BNCE,0-5,23.9
16525,BNCE,5-15,23.9
16525,BNCE,15-30,24.4
16525,BNCE,30-60,31.2
16525,BNCE,60-120,58.4
16525,BNCE,120+,100.7
16525,BWT,0-5,11.4
16525,BWT,5-15,11.4
16525,BWT,15-30,11.8
16525,BWT,30-60,17.1
16525,BWT,60-120,37.3
16525,BWT,120+,70.7
16525,CAPE,0-5,2.9
16525,CAPE,5-15,3.0
16525,CAPE,15-30,3.1
16525,CAPE,30-60,6.2
16525,CAPE,60-120,20.0
16525,CAPE,120+,42.0
16525,CBE,0-5,15.8
16525,CBE,5-15,15.8
16525,CBE,15-30,16.1
16525,CBE,30-60,21.8
16525,CBE,60-120,40.0
16525,CBE,120+,76.4
16525,CGY,0-5,29.1
16525,CGY,5-15,29.2
16525,CGY,15-30,29.6
16525,CGY,30-60,35.8
16525,CGY,60-120,65.6
16525,CGY,120+,110.6
16525,CKI,0-5,30.6
16525,CKI,5-15,30.7
16525,CKI,15-30,31.1
16525,CKI,30-60,37.1
16525,CKI,60-120,67.8
16525,CKI,120+,113.0
16525,CNGR,0-5,28.9
16525,CNGR,5-15,28.9
16525,CNGR,15-30,29.3
16525,CNGR,30-60,35.2
16525,CNGR,60-120,64.3
16525,CNGR,120+,108.4
16525,CRY,0-5,3.9
16525,CRY,5-15,3.9
16525,CRY,15-30,4.1
16525,CRY,30-60,6.7
16525,CRY,60-120,21.0
16525,CRY,120+,42.2
16525,ED,0-5,24.2
16525,ED,5-15,24.2
16525,ED,15-30,24.5
16525,ED,30-60,30.3
16525,ED,60-120,54.0
16525,ED,120+,91.9
16525,ERL,0-5,17.5
16525,ERL,5-15,17.6
16525,ERL,15-30,18.0
16525,ERL,30-60,23.4
16525,ERL,60-120,43.9
16525,ERL,120+,82.0
16525,ERN,0-5,22.1
16525,ERN,5-15,22.2
16525,ERN,15-30,22.6
16525,ERN,30-60,28.2
16525,ERN,60-120,50.7
16525,ERN,120+,88.6
16525,IJK,0-5,33.3
16525,IJK,5-15,33.3
16525,IJK,15-30,33.9
16525,IJK,30-60,40.0
16525,IJK,60-120,71.6
16525,IJK,120+,117.5
16525,KJM,0-5,27.1
16525,KJM,5-15,27.1
16525,KJM,15-30,27.5
16525,KJM,30-60,33.5
16525,KJM,60-120,60.8
16525,KJM,120+,102.2
16525,KPN,0-5,5.2
16525,KPN,5-15,5.3
16525,KPN,15-30,5.6
16525,KPN,30-60,8.2
16525,KPN,60-120,23.0
16525,KPN,120+,44.6
16525,KPY,0-5,27.1
16525,KPY,5-15,27.1
16525,KPY,15-30,27.5
16525,KPY,30-60,33.5
16525,KPY,60-120,60.6
16525,KPY,120+,102.1
16525,KTYM,0-5,21.6
16525,KTYM,5-15,21.7
16525,KTYM,15-30,22.1
16525,KTYM,30-60,27.7
16525,KTYM,60-120,51.4
16525,KTYM,120+,90.9
16525,KVU,0-5,19.0
16525,KVU,5-15,19.0
16525,KVU,15-30,19.4
16525,KVU,30-60,25.1
16525,KVU,60-120,45.7
16525,KVU,120+,84.6
16525,KYJ,0-5,26.0
16525,KYJ,5-15,26.1
16525,KYJ,15-30,26.5
16525,KYJ,30-60,32.4
16525,KYJ,60-120,58.3
16525,KYJ,120+,98.7
16525,KZK,0-5,15.8
16525,KZK,5-15,15.8
16525,KZK,15-30,16.2
16525,KZK,30-60,21.6
16525,KZK,60-120,39.6
16525,KZK,120+,76.2
16525,KZT,0-5,22.6
16525,KZT,5-15,22.6
16525,KZT,15-30,23.1
16525,KZT,30-60,28.9
16525,KZT,60-120,52.6
16525,KZT,120+,91.6
16525,MLO,0-5,21.9
16525,MLO,5-15,21.9
16525,MLO,15-30,22.4
16525,MLO,30-60,28.0
16525,MLO,60-120,51.4
16525,MLO,120+,90.7
16525,MVLK,0-5,28.2
16525,MVLK,5-15,28.2
16525,MVLK,15-30,28.7
16525,MVLK,30-60,34.5
16525,MVLK,60-120,61.6
16525,MVLK,120+,103.9
16525,NCJ,0-5,8.7
16525,NCJ,5-15,8.7
16525,NCJ,15-30,9.1
16525,NCJ,30-60,12.8
16525,NCJ,60-120,29.6
16525,NCJ,120+,54.3
16525,NYY,0-5,33.2
16525,NYY,5-15,33.3
16525,NYY,15-30,33.7
16525,NYY,30-60,39.5
16525,NYY,60-120,69.5
16525,NYY,120+,114.8
16525,OTP,0-5,22.1
16525,OTP,5-15,22.1
16525,OTP,15-30,22.4
16525,OTP,30-60,27.5
16525,OTP,60-120,46.9
16525,OTP,120+,80.4
16525,PASA,0-5,25.0
16525,PASA,5-15,25.0
16525,PASA,15-30,25.5
16525,PASA,30-60,31.3
16525,PASA,60-120,56.8
16525,PASA,120+,96.6
16525,PGT,0-5,30.8
16525,PGT,5-15,30.8
16525,PGT,15-30,31.2
16525,PGT,30-60,36.5
16525,PGT,60-120,62.7
16525,PGT,120+,101.5
16525,PUK,0-5,35.0
16525,PUK,5-15,35.0
16525,PUK,15-30,35.6
16525,PUK,30-60,41.9
16525,PUK,60-120,72.1
16525,PUK,120+,117.9
16525,PVRD,0-5,23.5
16525,PVRD,5-15,23.5
16525,PVRD,15-30,23.9
16525,PVRD,30-60,29.8
16525,PVRD,60-120,54.1
16525,PVRD,120+,94.0
16525,PVU,0-5,22.3
16525,PVU,5-15,22.4
16525,PVU,15-30,22.8
16525,PVU,30-60,28.4
16525,PVU,60-120,52.0
16525,PVU,120+,91.4
16525,QLN,0-5,23.5
16525,QLN,5-15,23.6
16525,QLN,15-30,24.0
16525,QLN,30-60,29.8
16525,QLN,60-120,53.5
16525,QLN,120+,93.4
16525,SA,0-5,28.1
16525,SA,5-15,28.2
16525,SA,15-30,28.5
16525,SA,30-60,34.2
16525,SA,60-120,59.4
16525,SA,120+,99.2
16525,SBC,0-5,22.6
16525,SBC,5-15,22.6
16525,SBC,15-30,23.0
16525,SBC,30-60,28.8
16525,SBC,60-120,52.0
16525,SBC,120+,91.0
16525,STKT,0-5,26.3
16525,STKT,5-15,26.3
16525,STKT,15-30,26.8
16525,STKT,30-60,32.7
16525,STKT,60-120,58.6
16525,STKT,120+,98.9
16525,TCR,0-5,37.8
16525,TCR,5-15,37.8
16525,TCR,15-30,38.3
16525,TCR,30-60,44.4
16525,TCR,60-120,73.9
16525,TCR,120+,122.6
16525,TPT,0-5,14.5
16525,TPT,5-15,14.6
16525,TPT,15-30,14.9
16525,TPT,30-60,20.2
16525,TPT,60-120,37.7
16525,TPT,120+,72.1
16525,TRTR,0-5,22.4
16525,TRTR,5-15,22.4
16525,TRTR,15-30,22.9
16525,TRTR,30-60,28.6
16525,TRTR,60-120,51.7
16525,TRTR,120+,90.6
16525,TRVL,0-5,29.4
16525,TRVL,5-15,29.4
16525,TRVL,15-30,29.8
16525,TRVL,30-60,35.7
16525,TRVL,60-120,63.3
16525,TRVL,120+,106.7
16525,TUP,0-5,14.5
16525,TUP,5-15,14.5
16525,TUP,15-30,14.9
16525,TUP,30-60,20.0
16525,TUP,60-120,35.7
16525,TUP,120+,68.0
16525,TVC,0-5,8.5
16525,TVC,5-15,8.5
16525,TVC,15-30,8.9
16525,TVC,30-60,12.6
16525,TVC,60-120,29.3
16525,TVC,120+,54.0
16525,VAK,0-5,19.8
16525,VAK,5-15,19.9
16525,VAK,15-30,20.3
16525,VAK,30-60,25.9
16525,VAK,60-120,46.6
16525,VAK,120+,85.5
16525,WFD,0-5,17.1
16525,WFD,5-15,17.1
16525,WFD,15-30,17.5
16525,WFD,30-60,23.0
16525,WFD,60-120,41.6
16525,WFD,120+,79.0
16525,WKI,0-5,41.3
16525,WKI,5-15,41.3
16525,WKI,15-30,42.0
16525,WKI,30-60,48.6
16525,WKI,60-120,81.0
16525,WKI,120+,131.6
16526,AFK,0-5,39.1
16526,AFK,5-15,39.2
16526,AFK,15-30,39.1
16526,AFK,30-60,41.6
16526,AFK,60-120,69.2
16526,AFK,120+,111.0
16526,AWY,0-5,31.9
16526,AWY,5-15,31.9
16526,AWY,15-30,32.0
16526,AWY,30-60,38.7
16526,AWY,60-120,70.2
16526,AWY,120+,118.4
16526,BNC,0-5,6.9
16526,BNC,5-15,7.0
16526,BNC,15-30,7.1
16526,BNC,30-60,11.2
16526,BNC,60-120,28.6
16526,BNC,120+,53.7
16526,BWT,0-5,18.8
16526,BWT,5-15,18.9
16526,BWT,15-30,19.1
16526,BWT,30-60,25.3
16526,BWT,60-120,49.9
16526,BWT,120+,90.6
16526,CAPE,0-5,11.8
16526,CAPE,5-15,11.8
16526,CAPE,15-30,12.0
16526,CAPE,30-60,18.0
16526,CAPE,60-120,38.0
16526,CAPE,120+,75.5
16526,CBE,0-5,14.1
16526,CBE,5-15,14.1
16526,CBE,15-30,14.3
16526,CBE,30-60,19.7
16526,CBE,60-120,39.5
16526,CBE,120+,75.3
16526,CGY,0-5,35.8
16526,CGY,5-15,35.8
16526,CGY,15-30,36.1
16526,CGY,30-60,42.7
16526,CGY,60-120,73.9
16526,CGY,120+,125.4
16526,CKI,0-5,29.0
16526,CKI,5-15,29.0
16526,CKI,15-30,29.3
16526,CKI,30-60,35.1
16526,CKI,60-120,65.5
16526,CKI,120+,111.5
16526,CNGR,0-5,35.9
16526,CNGR,5-15,35.9
16526,CNGR,15-30,36.3
16526,CNGR,30-60,42.5
16526,CNGR,60-120,73.2
16526,CNGR,120+,124.4
16526,CRY,0-5,15.3
16526,CRY,5-15,15.3
16526,CRY,15-30,15.5
16526,CRY,30-60,20.6
16526,CRY,60-120,41.1
16526,CRY,120+,78.6
16526,ED,0-5,17.3
16526,ED,5-15,17.4
16526,ED,15-30,17.5
16526,ED,30-60,22.4
16526,ED,60-120,42.9
16526,ED,120+,78.3
16526,ERL,0-5,45.3
16526,ERL,5-15,45.3
16526,ERL,15-30,46.0
16526,ERL,30-60,51.8
16526,ERL,60-120,83.5
16526,ERL,120+,135.3
16526,ERN,0-5,34.8
16526,ERN,5-15,34.8
16526,ERN,15-30,35.1
16526,ERN,30-60,41.1
16526,ERN,60-120,70.2
16526,ERN,120+,118.8
16526,IJK,0-5,26.9
16526,IJK,5-15,26.9
16526,IJK,15-30,26.9
16526,IJK,30-60,32.5
16526,IJK,60-120,60.1
16526,IJK,120+,102.8
16526,KJM,0-5,11.7
16526,KJM,5-15,11.7
16526,KJM,15-30,11.8
16526,KJM,30-60,16.7
16526,KJM,60-120,32.3
16526,KJM,120+,65.7
16526,KPN,0-5,21.5
16526,KPN,5-15,21.5
16526,KPN,15-30,21.5
16526,KPN,30-60,27.1
16526,KPN,60-120,51.0
16526,KPN,120+,90.0
16526,KPY,0-5,34.7
16526,KPY,5-15,34.8
16526,KPY,15-30,35.1
16526,KPY,30-60,41.4
16526,KPY,60-120,70.8
16526,KPY,120+,120.4
16526,KTYM,0-5,33.2
16526,KTYM,5-15,33.3
16526,KTYM,15-30,33.6
16526,KTYM,30-60,39.6
16526,KTYM,60-120,68.9
16526,KTYM,120+,116.8
16526,KVU,0-5,40.4
16526,KVU,5-15,40.4
16526,KVU,15-30,41.2
16526,KVU,30-60,47.5
16526,KVU,60-120,78.8
16526,KVU,120+,129.4
16526,KYJ,0-5,35.4
16526,KYJ,5-15,35.5
16526,KYJ,15-30,35.8
16526,KYJ,30-60,42.0
16526,KYJ,60-120,71.3
16526,KYJ,120+,121.3
16526,KZK,0-5,42.2
16526,KZK,5-15,42.2
16526,KZK,15-30,42.9
16526,KZK,30-60,49.1
16526,KZK,60-120,80.6
16526,KZK,120+,131.6
16526,KZT,0-5,45.9
16526,KZT,5-15,45.9
16526,KZT,15-30,46.6
16526,KZT,30-60,52.3
16526,KZT,60-120,83.9
16526,KZT,120+,135.2
16526,MLO,0-5,16.7
16526,MLO,5-15,16.8
16526,MLO,15-30,16.9
16526,MLO,30-60,21.9
16526,MLO,60-120,42.7
16526,MLO,120+,79.1
16526,MVLK,0-5,35.6
16526,MVLK,5-15,35.7
16526,MVLK,15-30,36.0
16526,MVLK,30-60,42.2
16526,MVLK,60-120,71.6
16526,MVLK,120+,121.5
16526,NCJ,0-5,42.9
16526,NCJ,5-15,42.9
16526,NCJ,15-30,43.7
16526,NCJ,30-60,49.9
16526,NCJ,60-120,81.8
16526,NCJ,120+,132.7
16526,NYY,0-5,39.9
16526,NYY,5-15,40.0
16526,NYY,15-30,40.6
16526,NYY,30-60,46.9
16526,NYY,60-120,77.2
16526,NYY,120+,128.2
16526,OTP,0-5,19.6
16526,OTP,5-15,19.6
16526,OTP,15-30,19.7
16526,OTP,30-60,25.0
16526,OTP,60-120,45.9
16526,OTP,120+,82.6
16526,PASA,0-5,39.8
16526,PASA,5-15,39.9
16526,PASA,15-30,40.1
16526,PASA,30-60,46.4
16526,PASA,60-120,76.3
16526,PASA,120+,127.3
16526,PGT,0-5,16.7
16526,PGT,5-15,16.8
16526,PGT,15-30,16.9
16526,PGT,30-60,21.8
16526,PGT,60-120,40.8
16526,PGT,120+,75.4
16526,PUK,0-5,25.1
16526,PUK,5-15,25.1
16526,PUK,15-30,25.3
16526,PUK,30-60,30.7
16526,PUK,60-120,56.6
16526,PUK,120+,98.8
16526,PVRD,0-5,34.0
16526,PVRD,5-15,34.0
16526,PVRD,15-30,34.2
16526,PVRD,30-60,40.4
16526,PVRD,60-120,69.9
16526,PVRD,120+,119.2
16526,PVU,0-5,39.0
16526,PVU,5-15,39.1
16526,PVU,15-30,39.4
16526,PVU,30-60,45.8
16526,PVU,60-120,76.6
16526,PVU,120+,127.2
16526,QLN,0-5,36.8
16526,QLN,5-15,36.8
16526,QLN,15-30,37.2
16526,QLN,30-60,43.5
16526,QLN,60-120,73.4
16526,QLN,120+,123.9
16526,SA,0-5,12.4
16526,SA,5-15,12.4
16526,SA,15-30,12.4
16526,SA,30-60,17.2
16526,SA,60-120,32.9
16526,SA,120+,65.3
16526,SBC,0-5,3.9
16526,SBC,5-15,4.0
16526,SBC,15-30,4.1
16526,SBC,30-60,7.3
16526,SBC,60-120,20.2
16526,SBC,120+,40.8
16526,STKT,0-5,35.2
16526,STKT,5-15,35.2
16526,STKT,15-30,35.4
16526,STKT,30-60,41.8
16526,STKT,60-120,71.3
16526,STKT,120+,121.3
16526,TCR,0-5,20.8
16526,TCR,5-15,20.8
16526,TCR,15-30,21.0
16526,TCR,30-60,26.5
16526,TCR,60-120,48.9
16526,TCR,120+,86.2
16526,TPT,0-5,11.5
16526,TPT,5-15,11.5
16526,TPT,15-30,11.6
16526,TPT,30-60,16.6
16526,TPT,60-120,32.6
16526,TPT,120+,66.6
16526,TRTR,0-5,33.8
16526,TRTR,5-15,33.8
16526,TRTR,15-30,34.0
16526,TRTR,30-60,40.2
16526,TRTR,60-120,69.7
16526,TRTR,120+,119.0
16526,TRVL,0-5,35.3
16526,TRVL,5-15,35.4
16526,TRVL,15-30,35.7
16526,TRVL,30-60,42.0
16526,TRVL,60-120,71.4
16526,TRVL,120+,121.4
16526,TUP,0-5,20.2
16526,TUP,5-15,20.2
16526,TUP,15-30,20.4
16526,TUP,30-60,26.1
16526,TUP,60-120,49.0
16526,TUP,120+,87.9
16526,TVC,0-5,36.6
16526,TVC,5-15,36.6
16526,TVC,15-30,36.8
16526,TVC,30-60,43.2
16526,TVC,60-120,73.3
16526,TVC,120+,124.0
16526,TVP,0-5,16.6
16526,TVP,5-15,16.6
16526,TVP,15-30,16.8
16526,TVP,30-60,21.9
16526,TVP,60-120,42.8
16526,TVP,120+,78.8
16526,VAK,0-5,40.3
16526,VAK,5-15,40.3
16526,VAK,15-30,41.0
16526,VAK,30-60,47.4
16526,VAK,60-120,78.7
16526,VAK,120+,129.6
16526,WFD,0-5,12.9
16526,WFD,5-15,12.9
16526,WFD,15-30,13.0
16526,WFD,30-60,17.9
16526,WFD,60-120,35.6
16526,WFD,120+,71.0
16526,WKI,0-5,18.7
16526,WKI,5-15,18.7
16526,WKI,15-30,18.9
16526,WKI,30-60,24.4
16526,WKI,60-120,46.5
16526,WKI,120+,86.0
16587,ABR,0-5,50.9
16587,ABR,5-15,51.2
16587,ABR,15-30,51.7
16587,ABR,30-60,51.6
16587,ABR,60-120,99.6
16587,ABR,120+,160.7
16587,ADI,0-5,52.0
16587,ADI,5-15,52.2
16587,ADI,15-30,52.7
16587,ADI,30-60,60.6
16587,ADI,60-120,117.7
16587,ADI,120+,190.2
16587,AKV,0-5,50.1
16587,AKV,5-15,50.3
16587,AKV,15-30,50.4
16587,AKV,30-60,57.9
16587,AKV,60-120,119.6
16587,AKV,120+,181.9
16587,ANND,0-5,48.1
16587,ANND,5-15,48.3
16587,ANND,15-30,48.4
16587,ANND,30-60,56.6
16587,ANND,60-120,112.4
16587,ANND,120+,181.6
16587,ASK,0-5,1.6
16587,ASK,5-15,1.6
16587,ASK,15-30,1.5
16587,ASK,30-60,6.3
16587,ASK,60-120,35.1
16587,ASK,120+,75.1
16587,BGK,0-5,0.0
16587,BGK,5-15,0.0
16587,BGK,15-30,0.0
16587,BGK,30-60,0.7
16587,BGK,60-120,12.7
16587,BGK,120+,35.7
16587,BJP,0-5,0.0
16587,BJP,5-15,0.0
16587,BJP,15-30,0.0
16587,BJP,30-60,0.0
16587,BJP,60-120,11.7
16587,BJP,120+,35.3
16587,BKN,0-5,47.8
16587,BKN,5-15,48.0
16587,BKN,15-30,47.4
16587,BKN,30-60,53.5
16587,BKN,60-120,77.4
16587,BKN,120+,123.7
16587,BOR,0-5,27.5
16587,BOR,5-15,27.6
16587,BOR,15-30,27.5
16587,BOR,30-60,33.6
16587,BOR,60-120,82.6
16587,BOR,120+,154.2
16587,BRC,0-5,46.0
16587,BRC,5-15,46.2
16587,BRC,15-30,46.2
16587,BRC,30-60,54.5
16587,BRC,60-120,108.4
16587,BRC,120+,176.5
16587,BSR,0-5,20.9
16587,BSR,5-15,20.9
16587,BSR,15-30,20.9
16587,BSR,30-60,27.4
16587,BSR,60-120,60.6
16587,BSR,120+,123.8
16587,DVG,0-5,8.1
16587,DVG,5-15,8.1
16587,DVG,15-30,8.1
16587,DVG,30-60,13.5
16587,DVG,60-120,47.2
16587,DVG,120+,104.7
16587,FA,0-5,31.1
16587,FA,5-15,31.1
16587,FA,15-30,31.6
16587,FA,30-60,39.5
16587,FA,60-120,94.8
16587,FA,120+,160.7
16587,GDG,0-5,1.4
16587,GDG,5-15,1.4
16587,GDG,15-30,1.4
16587,GDG,30-60,5.4
16587,GDG,60-120,29.3
16587,GDG,120+,64.0
16587,JU,0-5,34.0
16587,JU,5-15,34.2
16587,JU,15-30,34.7
16587,JU,30-60,42.7
16587,JU,60-120,97.8
16587,JU,120+,163.7
16587,KYN,0-5,22.1
16587,KYN,5-15,22.1
16587,KYN,15-30,22.0
16587,KYN,30-60,28.1
16587,KYN,60-120,65.6
16587,KYN,120+,121.2
16587,LMT,0-5,0.0
16587,LMT,5-15,0.0
16587,LMT,15-30,0.0
16587,LMT,30-60,0.0
16587,LMT,60-120,10.4
16587,LMT,120+,28.4
16587,LUNI,0-5,47.3
16587,LUNI,5-15,47.5
16587,LUNI,15-30,47.3
16587,LUNI,30-60,52.8
16587,LUNI,60-120,75.6
16587,LUNI,120+,121.5
16587,MJ,0-5,30.2
16587,MJ,5-15,30.2
16587,MJ,15-30,30.7
16587,MJ,30-60,38.8
16587,MJ,60-120,94.2
16587,MJ,120+,160.4
16587,MSH,0-5,42.8
16587,MSH,5-15,43.0
16587,MSH,15-30,43.5
16587,MSH,30-60,51.7
16587,MSH,60-120,112.9
16587,MSH,120+,173.6
16587,MTD,0-5,33.4
16587,MTD,5-15,33.6
16587,MTD,15-30,33.4
16587,MTD,30-60,41.4
16587,MTD,60-120,96.0
16587,MTD,120+,163.1
16587,ND,0-5,43.8
16587,ND,5-15,44.0
16587,ND,15-30,43.8
16587,ND,30-60,52.0
16587,ND,60-120,114.1
16587,ND,120+,174.4
16587,NGO,0-5,40.0
16587,NGO,5-15,40.3
16587,NGO,15-30,40.0
16587,NGO,30-60,46.6
16587,NGO,60-120,98.7
16587,NGO,120+,153.5
16587,NOK,0-5,42.1
16587,NOK,5-15,42.3
16587,NOK,15-30,42.1
16587,NOK,30-60,49.0
16587,NOK,60-120,101.1
16587,NOK,120+,154.2
16587,PMY,0-5,30.3
16587,PMY,5-15,30.4
16587,PMY,15-30,30.6
16587,PMY,30-60,38.7
16587,PMY,60-120,94.2
16587,PMY,120+,160.8
16587,PNU,0-5,31.3
16587,PNU,5-15,31.5
16587,PNU,15-30,31.7
16587,PNU,30-60,39.4
16587,PNU,60-120,95.6
16587,PNU,120+,163.3
16587,PUNE,0-5,0.0
16587,PUNE,5-15,0.0
16587,PUNE,15-30,0.0
16587,PUNE,30-60,1.6
16587,PUNE,60-120,18.6
16587,PUNE,120+,48.0
16587,RANI,0-5,30.7
16587,RANI,5-15,30.7
16587,RANI,15-30,31.0
16587,RANI,30-60,39.2
16587,RANI,60-120,95.4
16587,RANI,120+,161.9
16587,RNR,0-5,9.0
16587,RNR,5-15,9.0
16587,RNR,15-30,8.9
16587,RNR,30-60,12.4
16587,RNR,60-120,45.4
16587,RNR,120+,89.5
16587,RRB,0-5,4.7
16587,RRB,5-15,4.7
16587,RRB,15-30,4.3
16587,RRB,30-60,7.9
16587,RRB,60-120,37.1
16587,RRB,120+,75.8
16587,ST,0-5,46.8
16587,ST,5-15,47.0
16587,ST,15-30,46.8
16587,ST,30-60,55.0
16587,ST,60-120,118.0
16587,ST,120+,177.6
16587,SUR,0-5,1.4
16587,SUR,5-15,1.4
16587,SUR,15-30,1.0
16587,SUR,30-60,5.2
16587,SUR,60-120,27.9
16587,SUR,120+,68.0
16587,TK,0-5,0.0
16587,TK,5-15,0.0
16587,TK,15-30,0.0
16587,TK,30-60,1.8
16587,TK,60-120,17.9
16587,TK,120+,46.3
16587,TTR,0-5,1.3
16587,TTR,5-15,1.3
16587,TTR,15-30,1.0
16587,TTR,30-60,5.1
16587,TTR,60-120,28.9
16587,TTR,120+,67.2
16587,UBL,0-5,0.0
16587,UBL,5-15,0.0
16587,UBL,15-30,0.0
16587,UBL,30-60,2.8
16587,UBL,60-120,20.9
16587,UBL,120+,54.6
16587,VAPI,0-5,26.8
16587,VAPI,5-15,26.8
16587,VAPI,15-30,26.6
16587,VAPI,30-60,33.3
16587,VAPI,60-120,80.9
16587,VAPI,120+,142.2
16587,YPR,0-5,0.0
16587,YPR,5-15,0.0
16587,YPR,15-30,0.0
16587,YPR,30-60,0.0
16587,YPR,60-120,8.1
16587,YPR,120+,13.6
16588,ABR,0-5,78.0
16588,ABR,5-15,78.0
16588,ABR,15-30,77.4
16588,ABR,30-60,76.1
16588,ABR,60-120,96.5
16588,ABR,120+,127.7
16588,ADI,0-5,36.7
16588,ADI,5-15,36.7
16588,ADI,15-30,36.1
16588,ADI,30-60,37.4
16588,ADI,60-120,65.4
16588,ADI,120+,111.0
16588,AKV,0-5,43.5
16588,AKV,5-15,43.8
16588,AKV,15-30,43.0
16588,AKV,30-60,48.4
16588,AKV,60-120,71.8
16588,AKV,120+,117.9
16588,ANND,0-5,33.3
16588,ANND,5-15,33.4
16588,ANND,15-30,32.7
16588,ANND,30-60,35.7
16588,ANND,60-120,58.7
16588,ANND,120+,106.1
16588,ASK,0-5,117.3
16588,ASK,5-15,117.6
16588,ASK,15-30,115.7
16588,ASK,30-60,119.1
16588,ASK,60-120,139.6
16588,ASK,120+,185.8
16588,BGK,0-5,115.6
16588,BGK,5-15,115.8
16588,BGK,15-30,115.9
16588,BGK,30-60,119.9
16588,BGK,60-120,140.8
16588,BGK,120+,188.8
16588,BJP,0-5,116.7
16588,BJP,5-15,117.0
16588,BJP,15-30,117.1
16588,BJP,30-60,122.3
16588,BJP,60-120,142.5
16588,BJP,120+,187.3
16588,BKN,0-5,27.8
16588,BKN,5-15,27.6
16588,BKN,15-30,26.9
16588,BKN,30-60,34.0
16588,BKN,60-120,62.8
16588,BKN,120+,105.2
16588,BOR,0-5,53.4
16588,BOR,5-15,53.6
16588,BOR,15-30,52.8
16588,BOR,30-60,57.6
16588,BOR,60-120,81.0
16588,BOR,120+,127.5
16588,BRC,0-5,29.9
16588,BRC,5-15,29.9
16588,BRC,15-30,29.2
16588,BRC,30-60,34.3
16588,BRC,60-120,60.6
16588,BRC,120+,107.5
16588,BSR,0-5,41.7
16588,BSR,5-15,41.9
16588,BSR,15-30,41.1
16588,BSR,30-60,45.9
16588,BSR,60-120,70.7
16588,BSR,120+,116.0
16588,DVG,0-5,105.7
16588,DVG,5-15,105.9
16588,DVG,15-30,104.5
16588,DVG,30-60,109.6
16588,DVG,60-120,133.1
16588,DVG,120+,177.8
16588,FA,0-5,29.8
16588,FA,5-15,29.8
16588,FA,15-30,29.3
16588,FA,30-60,34.1
16588,FA,60-120,60.3
16588,FA,120+,105.9
16588,GDG,0-5,99.2
16588,GDG,5-15,99.4
16588,GDG,15-30,98.4
16588,GDG,30-60,103.7
16588,GDG,60-120,127.5
16588,GDG,120+,175.9
16588,JU,0-5,29.8
16588,JU,5-15,29.8
16588,JU,15-30,29.3
16588,JU,30-60,35.3
16588,JU,60-120,60.7
16588,JU,120+,106.6
16588,KYN,0-5,36.6
16588,KYN,5-15,36.8
16588,KYN,15-30,35.8
16588,KYN,30-60,41.2
16588,KYN,60-120,63.9
16588,KYN,120+,108.4
16588,LMT,0-5,134.8
16588,LMT,5-15,135.0
16588,LMT,15-30,133.6
16588,LMT,30-60,138.7
16588,LMT,60-120,158.6
16588,LMT,120+,202.7
16588,LUNI,0-5,30.5
16588,LUNI,5-15,30.3
16588,LUNI,15-30,29.8
16588,LUNI,30-60,36.3
16588,LUNI,60-120,61.4
16588,LUNI,120+,102.3
16588,MJ,0-5,31.4
16588,MJ,5-15,31.4
16588,MJ,15-30,30.7
16588,MJ,30-60,34.8
16588,MJ,60-120,59.0
16588,MJ,120+,104.0
16588,MSH,0-5,22.6
16588,MSH,5-15,22.6
16588,MSH,15-30,21.9
16588,MSH,30-60,25.9
16588,MSH,60-120,49.1
16588,MSH,120+,91.2
16588,MTD,0-5,31.2
16588,MTD,5-15,31.2
16588,MTD,15-30,30.3
16588,MTD,30-60,36.5
16588,MTD,60-120,61.0
16588,MTD,120+,106.1
16588,ND,0-5,33.0
16588,ND,5-15,33.0
16588,ND,15-30,32.1
16588,ND,30-60,37.1
16588,ND,60-120,66.2
16588,ND,120+,111.0
16588,NGO,0-5,39.0
16588,NGO,5-15,39.1
16588,NGO,15-30,38.0
16588,NGO,30-60,42.1
16588,NGO,60-120,68.1
16588,NGO,120+,111.8
16588,NOK,0-5,34.2
16588,NOK,5-15,34.2
16588,NOK,15-30,33.0
16588,NOK,30-60,36.6
16588,NOK,60-120,60.7
16588,NOK,120+,102.0
16588,PMY,0-5,32.2
16588,PMY,5-15,32.2
16588,PMY,15-30,31.7
16588,PMY,30-60,36.5
16588,PMY,60-120,65.9
16588,PMY,120+,111.3
16588,PNU,0-5,23.3
16588,PNU,5-15,23.3
16588,PNU,15-30,22.6
16588,PNU,30-60,26.6
16588,PNU,60-120,53.8
16588,PNU,120+,95.9
16588,PUNE,0-5,38.8
16588,PUNE,5-15,39.0
16588,PUNE,15-30,38.1
16588,PUNE,30-60,43.7
16588,PUNE,60-120,73.6
16588,PUNE,120+,117.2
16588,RANI,0-5,32.3
16588,RANI,5-15,32.3
16588,RANI,15-30,31.8
16588,RANI,30-60,36.5
16588,RANI,60-120,65.9
16588,RANI,120+,111.5
16588,RNR,0-5,108.5
16588,RNR,5-15,108.8
16588,RNR,15-30,107.4
16588,RNR,30-60,112.5
16588,RNR,60-120,140.4
16588,RNR,120+,185.7
16588,RRB,0-5,119.6
16588,RRB,5-15,119.8
16588,RRB,15-30,118.4
16588,RRB,30-60,123.5
16588,RRB,60-120,147.8
16588,RRB,120+,193.2
16588,ST,0-5,39.1
16588,ST,5-15,39.4
16588,ST,15-30,38.4
16588,ST,30-60,44.3
16588,ST,60-120,73.9
16588,ST,120+,117.5
16588,SUR,0-5,129.2
16588,SUR,5-15,129.4
16588,SUR,15-30,128.0
16588,SUR,30-60,133.5
16588,SUR,60-120,154.8
16588,SUR,120+,197.3
16588,TK,0-5,120.2
16588,TK,5-15,120.4
16588,TK,15-30,119.0
16588,TK,30-60,124.1
16588,TK,60-120,149.4
16588,TK,120+,194.9
16588,TTR,0-5,108.5
16588,TTR,5-15,108.8
16588,TTR,15-30,107.4
16588,TTR,30-60,112.5
16588,TTR,60-120,140.4
16588,TTR,120+,185.7
16588,UBL,0-5,90.6
16588,UBL,5-15,90.9
16588,UBL,15-30,89.8
16588,UBL,30-60,94.6
16588,UBL,60-120,122.3
16588,UBL,120+,170.1
16588,VAPI,0-5,35.1
16588,VAPI,5-15,35.3
16588,VAPI,15-30,34.3
16588,VAPI,30-60,40.3
16588,VAPI,60-120,69.0
16588,VAPI,120+,112.7
16588,YPR,0-5,80.4
16588,YPR,5-15,80.6
16588,YPR,15-30,79.6
16588,YPR,30-60,84.4
16588,YPR,60-120,110.8
16588,YPR,120+,156.1
17229,BPP,0-5,20.6
17229,BPP,5-15,20.6
17229,BPP,15-30,19.2
17229,BPP,30-60,23.5
17229,BPP,60-120,38.3
17229,BPP,120+,62.5
17229,CBE,0-5,26.4
17229,CBE,5-15,26.4
17229,CBE,15-30,26.9
17229,CBE,30-60,32.0
17229,CBE,60-120,63.4
17229,CBE,120+,102.2
17229,CGY,0-5,22.3
17229,CGY,5-15,22.3
17229,CGY,15-30,22.9
17229,CGY,30-60,30.4
17229,CGY,60-120,56.5
17229,CGY,120+,101.0
17229,CHZ,0-5,21.6
17229,CHZ,5-15,21.6
17229,CHZ,15-30,22.1
17229,CHZ,30-60,29.0
17229,CHZ,60-120,54.5
17229,CHZ,120+,97.8
17229,CLX,0-5,28.7
17229,CLX,5-15,28.7
17229,CLX,15-30,29.2
17229,CLX,30-60,35.0
17229,CLX,60-120,66.7
17229,CLX,120+,104.5
17229,CNGR,0-5,28.3
17229,CNGR,5-15,28.4
17229,CNGR,15-30,28.6
17229,CNGR,30-60,34.0
17229,CNGR,60-120,64.9
17229,CNGR,120+,101.2
17229,CTO,0-5,30.3
17229,CTO,5-15,30.3
17229,CTO,15-30,30.5
17229,CTO,30-60,35.1
17229,CTO,60-120,62.2
17229,CTO,120+,93.9
17229,ED,0-5,29.8
17229,ED,5-15,29.8
17229,ED,15-30,29.8
17229,ED,30-60,34.3
17229,ED,60-120,64.2
17229,ED,120+,102.0
17229,ERN,0-5,31.0
17229,ERN,5-15,31.0
17229,ERN,15-30,31.1
17229,ERN,30-60,36.6
17229,ERN,60-120,66.4
17229,ERN,120+,99.5
17229,GDR,0-5,31.1
17229,GDR,5-15,31.1
17229,GDR,15-30,31.5
17229,GDR,30-60,37.6
17229,GDR,60-120,68.0
17229,GDR,120+,111.5
17229,GNT,0-5,31.9
17229,GNT,5-15,31.9
17229,GNT,15-30,32.1
17229,GNT,30-60,37.5
17229,GNT,60-120,64.3
17229,GNT,120+,92.3
17229,JTJ,0-5,31.3
17229,JTJ,5-15,31.3
17229,JTJ,15-30,31.6
17229,JTJ,30-60,37.4
17229,JTJ,60-120,65.9
17229,JTJ,120+,98.4
17229,KPD,0-5,30.3
17229,KPD,5-15,30.3
17229,KPD,15-30,30.7
17229,KPD,30-60,37.3
17229,KPD,60-120,67.6
17229,KPD,120+,103.0
17229,KPY,0-5,31.2
17229,KPY,5-15,31.2
17229,KPY,15-30,31.6
17229,KPY,30-60,38.0
17229,KPY,60-120,66.0
17229,KPY,120+,104.8
17229,KTYM,0-5,32.1
17229,KTYM,5-15,32.1
17229,KTYM,15-30,32.6
17229,KTYM,30-60,38.6
17229,KTYM,60-120,66.3
17229,KTYM,120+,109.5
17229,KYJ,0-5,30.5
17229,KYJ,5-15,30.5
17229,KYJ,15-30,31.0
17229,KYJ,30-60,37.1
17229,KYJ,60-120,64.3
17229,KYJ,120+,106.0
17229,MAP,0-5,29.6
17229,MAP,5-15,29.6
17229,MAP,15-30,30.2
17229,MAP,30-60,36.1
17229,MAP,60-120,61.9
17229,MAP,120+,103.1
17229,MRGA,0-5,29.7
17229,MRGA,5-15,29.7
17229,MRGA,15-30,30.0
17229,MRGA,30-60,35.4
17229,MRGA,60-120,59.8
17229,MRGA,120+,93.4
17229,MVLK,0-5,29.0
17229,MVLK,5-15,29.0
17229,MVLK,15-30,29.4
17229,MVLK,30-60,34.6
17229,MVLK,60-120,65.1
17229,MVLK,120+,101.0
17229,NDO,0-5,28.2
17229,NDO,5-15,28.2
17229,NDO,15-30,29.0
17229,NDO,30-60,34.5
17229,NDO,60-120,67.1
17229,NDO,120+,99.8
17229,NLDA,0-5,31.4
17229,NLDA,5-15,31.4
17229,NLDA,15-30,31.4
17229,NLDA,30-60,35.5
17229,NLDA,60-120,62.8
17229,NLDA,120+,89.0
17229,NLR,0-5,30.2
17229,NLR,5-15,30.2
17229,NLR,15-30,30.2
17229,NLR,30-60,34.7
17229,NLR,60-120,64.6
17229,NLR,120+,102.6
17229,OGL,0-5,28.7
17229,OGL,5-15,28.7
17229,OGL,15-30,28.8
17229,OGL,30-60,33.5
17229,OGL,60-120,63.9
17229,OGL,120+,102.6
17229,OTP,0-5,30.6
17229,OTP,5-15,30.7
17229,OTP,15-30,30.6
17229,OTP,30-60,34.8
17229,OTP,60-120,63.5
17229,OTP,120+,102.1
17229,PGRL,0-5,30.7
17229,PGRL,5-15,30.7
17229,PGRL,15-30,30.7
17229,PGRL,30-60,34.5
17229,PGRL,60-120,61.6
17229,PGRL,120+,94.5
17229,PGT,0-5,30.5
17229,PGT,5-15,30.6
17229,PGT,15-30,30.5
17229,PGT,30-60,34.9
17229,PGT,60-120,64.8
17229,PGT,120+,104.8
17229,QLN,0-5,28.6
17229,QLN,5-15,28.6
17229,QLN,15-30,28.8
17229,QLN,30-60,33.6
17229,QLN,60-120,64.3
17229,QLN,120+,105.0
17229,RU,0-5,29.8
17229,RU,5-15,29.8
17229,RU,15-30,29.8
17229,RU,30-60,34.0
17229,RU,60-120,61.1
17229,RU,120+,95.2
17229,SA,0-5,29.8
17229,SA,5-15,29.8
17229,SA,15-30,29.8
17229,SA,30-60,34.5
17229,SA,60-120,64.7
17229,SA,120+,104.6
17229,SC,0-5,30.2
17229,SC,5-15,30.2
17229,SC,15-30,30.2
17229,SC,30-60,34.8
17229,SC,60-120,64.6
17229,SC,120+,105.4
17229,SKM,0-5,27.9
17229,SKM,5-15,27.9
17229,SKM,15-30,28.5
17229,SKM,30-60,33.7
17229,SKM,60-120,66.8
17229,SKM,120+,108.4
17229,TCR,0-5,30.4
17229,TCR,5-15,30.4
17229,TCR,15-30,30.2
17229,TCR,30-60,34.9
17229,TCR,60-120,65.3
17229,TCR,120+,107.0
17229,TEL,0-5,29.6
17229,TEL,5-15,29.6
17229,TEL,15-30,29.5
17229,TEL,30-60,34.2
17229,TEL,60-120,65.3
17229,TEL,120+,105.7
17229,TPTY,0-5,31.4
17229,TPTY,5-15,31.4
17229,TPTY,15-30,31.1
17229,TPTY,30-60,35.3
17229,TPTY,60-120,63.1
17229,TPTY,120+,100.8
17229,TRVL,0-5,28.8
17229,TRVL,5-15,28.8
17229,TRVL,15-30,28.7
17229,TRVL,30-60,33.4
17229,TRVL,60-120,65.2
17229,TRVL,120+,108.3
17229,TUP,0-5,30.6
17229,TUP,5-15,30.6
17229,TUP,15-30,30.3
17229,TUP,30-60,34.9
17229,TUP,60-120,65.0
17229,TUP,120+,106.6
17229,VAK,0-5,28.8
17229,VAK,5-15,28.8
17229,VAK,15-30,28.8
17229,VAK,30-60,33.4
17229,VAK,60-120,64.4
17229,VAK,120+,104.8
17229,WKI,0-5,27.2
17229,WKI,5-15,27.2
17229,WKI,15-30,27.6
17229,WKI,30-60,32.8
17229,WKI,60-120,66.0
17229,WKI,120+,105.1
17230,BPP,0-5,29.6
17230,BPP,5-15,29.6
17230,BPP,15-30,29.6
17230,BPP,30-60,34.5
17230,BPP,60-120,62.3
17230,BPP,120+,92.7
17230,CBE,0-5,21.6
17230,CBE,5-15,21.7
17230,CBE,15-30,22.1
17230,CBE,30-60,27.0
17230,CBE,60-120,52.5
17230,CBE,120+,85.1
17230,CGY,0-5,16.7
17230,CGY,5-15,16.7
17230,CGY,15-30,17.2
17230,CGY,30-60,21.9
17230,CGY,60-120,45.0
17230,CGY,120+,74.7
17230,CHZ,0-5,17.6
17230,CHZ,5-15,17.7
17230,CHZ,15-30,18.1
17230,CHZ,30-60,22.8
17230,CHZ,60-120,46.1
17230,CHZ,120+,77.0
17230,CLX,0-5,16.5
17230,CLX,5-15,16.5
17230,CLX,15-30,16.9
17230,CLX,30-60,21.3
17230,CLX,60-120,43.7
17230,CLX,120+,73.1
17230,CNGR,0-5,16.7
17230,CNGR,5-15,16.7
17230,CNGR,15-30,17.1
17230,CNGR,30-60,21.6
17230,CNGR,60-120,44.1
17230,CNGR,120+,73.2
17230,CTO,0-5,17.7
17230,CTO,5-15,17.7
17230,CTO,15-30,18.0
17230,CTO,30-60,22.0
17230,CTO,60-120,41.7
17230,CTO,120+,66.2
17230,ED,0-5,17.7
17230,ED,5-15,17.7
17230,ED,15-30,18.0
17230,ED,30-60,22.0
17230,ED,60-120,43.1
17230,ED,120+,71.5
17230,ERN,0-5,17.7
17230,ERN,5-15,17.7
17230,ERN,15-30,18.0
17230,ERN,30-60,22.0
17230,ERN,60-120,43.1
17230,ERN,120+,71.5
17230,GDR,0-5,18.6
17230,GDR,5-15,18.6
17230,GDR,15-30,19.1
17230,GDR,30-60,23.3
17230,GDR,60-120,45.5
17230,GDR,120+,75.7
17230,GNT,0-5,18.0
17230,GNT,5-15,18.0
17230,GNT,15-30,18.4
17230,GNT,30-60,21.8
17230,GNT,60-120,41.3
17230,GNT,120+,65.3
17230,JTJ,0-5,17.2
17230,JTJ,5-15,17.2
17230,JTJ,15-30,17.6
17230,JTJ,30-60,21.6
17230,JTJ,60-120,43.4
17230,JTJ,120+,72.1
17230,KPD,0-5,17.1
17230,KPD,5-15,17.1
17230,KPD,15-30,17.5
17230,KPD,30-60,21.5
17230,KPD,60-120,43.6
17230,KPD,120+,72.1
17230,KPY,0-5,16.9
17230,KPY,5-15,16.9
17230,KPY,15-30,17.4
17230,KPY,30-60,21.4
17230,KPY,60-120,43.4
17230,KPY,120+,71.9
17230,KTYM,0-5,17.1
17230,KTYM,5-15,17.1
17230,KTYM,15-30,17.5
17230,KTYM,30-60,21.5
17230,KTYM,60-120,42.9
17230,KTYM,120+,71.4
17230,KYJ,0-5,17.5
17230,KYJ,5-15,17.5
17230,KYJ,15-30,17.9
17230,KYJ,30-60,21.9
17230,KYJ,60-120,43.5
17230,KYJ,120+,72.0
17230,MAP,0-5,17.5
17230,MAP,5-15,17.5
17230,MAP,15-30,17.9
17230,MAP,30-60,21.9
17230,MAP,60-120,43.2
17230,MAP,120+,71.7
17230,MRGA,0-5,18.2
17230,MRGA,5-15,18.2
17230,MRGA,15-30,18.5
17230,MRGA,30-60,22.2
17230,MRGA,60-120,40.6
17230,MRGA,120+,64.1
17230,MVLK,0-5,17.8
17230,MVLK,5-15,17.8
17230,MVLK,15-30,18.2
17230,MVLK,30-60,22.3
17230,MVLK,60-120,43.7
17230,MVLK,120+,72.0
17230,NDKD,0-5,18.2
17230,NDKD,5-15,18.2
17230,NDKD,15-30,18.5
17230,NDKD,30-60,22.1
17230,NDKD,60-120,40.5
17230,NDKD,120+,64.0
17230,NDO,0-5,19.0
17230,NDO,5-15,19.0
17230,NDO,15-30,19.4
17230,NDO,30-60,23.7
17230,NDO,60-120,45.8
17230,NDO,120+,75.0
17230,NLDA,0-5,19.0
17230,NLDA,5-15,19.0
17230,NLDA,15-30,19.3
17230,NLDA,30-60,22.9
17230,NLDA,60-120,41.9
17230,NLDA,120+,66.6
17230,NLR,0-5,19.2
17230,NLR,5-15,19.2
17230,NLR,15-30,19.6
17230,NLR,30-60,23.7
17230,NLR,60-120,44.7
17230,NLR,120+,73.0
17230,OGL,0-5,18.3
17230,OGL,5-15,18.3
17230,OGL,15-30,18.7
17230,OGL,30-60,22.8
17230,OGL,60-120,43.8
17230,OGL,120+,71.9
17230,OTP,0-5,17.7
17230,OTP,5-15,17.7
17230,OTP,15-30,18.1
17230,OTP,30-60,21.9
17230,OTP,60-120,41.7
17230,OTP,120+,68.4
17230,PGRL,0-5,17.5
17230,PGRL,5-15,17.5
17230,PGRL,15-30,17.8
17230,PGRL,30-60,21.2
17230,PGRL,60-120,39.7
17230,PGRL,120+,63.2
17230,PGT,0-5,18.1
17230,PGT,5-15,18.1
17230,PGT,15-30,18.4
17230,PGT,30-60,22.4
17230,PGT,60-120,42.4
17230,PGT,120+,69.3
17230,QLN,0-5,17.5
17230,QLN,5-15,17.6
17230,QLN,15-30,18.0
17230,QLN,30-60,21.9
17230,QLN,60-120,42.8
17230,QLN,120+,70.9
17230,RU,0-5,17.2
17230,RU,5-15,17.2
17230,RU,15-30,17.6
17230,RU,30-60,21.0
17230,RU,60-120,39.4
17230,RU,120+,63.6
17230,SA,0-5,17.5
17230,SA,5-15,17.5
17230,SA,15-30,17.9
17230,SA,30-60,21.8
17230,SA,60-120,42.1
17230,SA,120+,69.7
17230,SAP,0-5,17.3
17230,SAP,5-15,17.3
17230,SAP,15-30,17.6
17230,SAP,30-60,21.1
17230,SAP,60-120,39.4
17230,SAP,120+,62.7
17230,SKM,0-5,17.6
17230,SKM,5-15,17.6
17230,SKM,15-30,18.1
17230,SKM,30-60,22.0
17230,SKM,60-120,43.3
17230,SKM,120+,71.4
17230,TCR,0-5,17.8
17230,TCR,5-15,17.9
17230,TCR,15-30,18.3
17230,TCR,30-60,22.2
17230,TCR,60-120,42.5
17230,TCR,120+,70.3
17230,TEL,0-5,18.0
17230,TEL,5-15,18.0
17230,TEL,15-30,18.5
17230,TEL,30-60,22.5
17230,TEL,60-120,43.5
17230,TEL,120+,71.6
17230,TPTY,0-5,18.0
17230,TPTY,5-15,18.0
17230,TPTY,15-30,18.4
17230,TPTY,30-60,21.8
17230,TPTY,60-120,40.2
17230,TPTY,120+,63.7
17230,TRVL,0-5,18.0
17230,TRVL,5-15,18.0
17230,TRVL,15-30,18.4
17230,TRVL,30-60,22.4
17230,TRVL,60-120,43.9
17230,TRVL,120+,72.0
17230,TUP,0-5,18.6
17230,TUP,5-15,18.6
17230,TUP,15-30,18.9
17230,TUP,30-60,22.7
17230,TUP,60-120,42.9
17230,TUP,120+,70.6
17230,TVC,0-5,18.0
17230,TVC,5-15,18.0
17230,TVC,15-30,18.4
17230,TVC,30-60,22.5
17230,TVC,60-120,43.8
17230,TVC,120+,72.1
17230,VAK,0-5,17.2
17230,VAK,5-15,17.2
17230,VAK,15-30,17.6
17230,VAK,30-60,21.5
17230,VAK,60-120,42.3
17230,VAK,120+,70.2
17230,WKI,0-5,17.2
17230,WKI,5-15,17.2
17230,WKI,15-30,17.6
17230,WKI,30-60,21.6
17230,WKI,60-120,42.9
17230,WKI,120+,70.8
18237,AGC,0-5,46.4
18237,AGC,5-15,46.5
18237,AGC,15-30,46.4
18237,AGC,30-60,45.3
18237,AGC,60-120,66.5
18237,AGC,120+,97.0
18237,AGN,0-5,65.9
18237,AGN,5-15,65.9
18237,AGN,15-30,65.7
18237,AGN,30-60,68.7
18237,AGN,60-120,97.6
18237,AGN,120+,135.5
18237,AKT,0-5,22.2
18237,AKT,5-15,22.3
18237,AKT,15-30,22.0
18237,AKT,30-60,24.4
18237,AKT,60-120,41.0
18237,AKT,120+,69.2
18237,AMLA,0-5,63.4
18237,AMLA,5-15,63.4
18237,AMLA,15-30,63.4
18237,AMLA,30-60,66.7
18237,AMLA,60-120,96.7
18237,AMLA,120+,139.9
18237,ASR,0-5,78.9
18237,ASR,5-15,78.9
18237,ASR,15-30,78.8
18237,ASR,30-60,82.2
18237,ASR,60-120,112.8
18237,ASR,120+,155.3
18237,BAB,0-5,37.8
18237,BAB,5-15,37.9
18237,BAB,15-30,37.8
18237,BAB,30-60,41.1
18237,BAB,60-120,66.3
18237,BAB,120+,106.4
18237,BAQ,0-5,34.2
18237,BAQ,5-15,34.2
18237,BAQ,15-30,34.2
18237,BAQ,30-60,37.0
18237,BAQ,60-120,60.6
18237,BAQ,120+,98.5
18237,BEAS,0-5,85.6
18237,BEAS,5-15,85.7
18237,BEAS,15-30,86.1
18237,BEAS,30-60,90.1
18237,BEAS,60-120,116.7
18237,BEAS,120+,155.2
18237,BHS,0-5,30.9
18237,BHS,5-15,30.9
18237,BHS,15-30,30.9
18237,BHS,30-60,33.4
18237,BHS,60-120,55.2
18237,BHS,120+,89.4
18237,BINA,0-5,52.5
18237,BINA,5-15,52.5
18237,BINA,15-30,52.4
18237,BINA,30-60,55.3
18237,BINA,60-120,82.0
18237,BINA,120+,122.8
18237,BPHB,0-5,30.9
18237,BPHB,5-15,31.0
18237,BPHB,15-30,30.9
18237,BPHB,30-60,33.4
18237,BPHB,60-120,55.0
18237,BPHB,120+,88.4
18237,BPL,0-5,32.7
18237,BPL,5-15,32.8
18237,BPL,15-30,32.8
18237,BPL,30-60,35.7
18237,BPL,60-120,59.6
18237,BPL,120+,94.3
18237,BPRH,0-5,10.7
18237,BPRH,5-15,10.8
18237,BPRH,15-30,10.6
18237,BPRH,30-60,12.6
18237,BPRH,60-120,25.3
18237,BPRH,120+,52.4
18237,BRD,0-5,61.4
18237,BRD,5-15,61.4
18237,BRD,15-30,61.3
18237,BRD,30-60,63.6
18237,BRD,60-120,88.7
18237,BRD,120+,123.9
18237,BSP,0-5,10.7
18237,BSP,5-15,10.8
18237,BSP,15-30,10.4
18237,BSP,30-60,11.0
18237,BSP,60-120,19.9
18237,BSP,120+,35.9
18237,BVH,0-5,35.7
18237,BVH,5-15,35.8
18237,BVH,15-30,35.7
18237,BVH,30-60,38.8
18237,BVH,60-120,62.7
18237,BVH,120+,100.7
18237,BYL,0-5,17.8
18237,BYL,5-15,17.9
18237,BYL,15-30,17.8
18237,BYL,30-60,20.0
18237,BYL,60-120,38.2
18237,BYL,120+,67.7
18237,BYT,0-5,25.0
18237,BYT,5-15,25.1
18237,BYT,15-30,24.8
18237,BYT,30-60,26.9
18237,BYT,60-120,45.8
18237,BYT,120+,75.3
18237,BZU,0-5,69.2
18237,BZU,5-15,69.2
18237,BZU,15-30,69.1
18237,BZU,30-60,74.1
18237,BZU,60-120,102.3
18237,BZU,120+,146.2
18237,BZY,0-5,34.8
18237,BZY,5-15,34.9
18237,BZY,15-30,34.8
18237,BZY,30-60,37.7
18237,BZY,60-120,60.7
18237,BZY,120+,97.5
18237,CHJ,0-5,18.1
18237,CHJ,5-15,18.1
18237,CHJ,15-30,18.0
18237,CHJ,30-60,20.2
18237,CHJ,60-120,38.4
18237,CHJ,120+,67.8
18237,CPH,0-5,16.9
18237,CPH,5-15,16.9
18237,CPH,15-30,16.7
18237,CPH,30-60,18.3
18237,CPH,60-120,31.4
18237,CPH,120+,54.3
18237,DAA,0-5,47.3
18237,DAA,5-15,47.4
18237,DAA,15-30,47.3
18237,DAA,30-60,50.3
18237,DAA,60-120,75.1
18237,DAA,120+,114.5
18237,DBA,0-5,33.0
18237,DBA,5-15,33.0
18237,DBA,15-30,32.9
18237,DBA,30-60,36.0
18237,DBA,60-120,58.7
18237,DBA,120+,94.6
18237,DBD,0-5,70.6
18237,DBD,5-15,70.7
18237,DBD,15-30,70.5
18237,DBD,30-60,74.1
18237,DBD,60-120,101.4
18237,DBD,120+,139.2
18237,DGG,0-5,44.0
18237,DGG,5-15,44.0
18237,DGG,15-30,44.0
18237,DGG,30-60,47.7
18237,DGG,60-120,72.8
18237,DGG,120+,112.1
18237,DHO,0-5,30.6
18237,DHO,5-15,30.6
18237,DHO,15-30,30.6
18237,DHO,30-60,33.8
18237,DHO,60-120,56.9
18237,DHO,120+,92.6
18237,DUA,0-5,48.1
18237,DUA,5-15,48.1
18237,DUA,15-30,48.0
18237,DUA,30-60,50.9
18237,DUA,60-120,75.3
18237,DUA,120+,115.6
18237,DURG,0-5,18.8
18237,DURG,5-15,18.8
18237,DURG,15-30,18.6
18237,DURG,30-60,20.9
18237,DURG,60-120,36.7
18237,DURG,120+,65.1
18237,ET,0-5,82.9
18237,ET,5-15,82.9
18237,ET,15-30,82.8
18237,ET,30-60,87.3
18237,ET,60-120,117.3
18237,ET,120+,165.4
18237,FDB,0-5,10.8
18237,FDB,5-15,10.8
18237,FDB,15-30,10.6
18237,FDB,30-60,12.8
18237,FDB,60-120,25.1
18237,FDB,120+,51.5
18237,G,0-5,42.5
18237,G,5-15,42.6
18237,G,15-30,42.4
18237,G,30-60,45.8
18237,G,60-120,69.3
18237,G,120+,108.8
18237,GDYA,0-5,74.6
18237,GDYA,5-15,74.6
18237,GDYA,15-30,74.5
18237,GDYA,30-60,78.9
18237,GDYA,60-120,107.9
18237,GDYA,120+,153.9
18237,GVG,0-5,57.7
18237,GVG,5-15,57.8
18237,GVG,15-30,57.6
18237,GVG,30-60,60.3
18237,GVG,60-120,85.1
18237,GVG,120+,123.5
18237,GWL,0-5,23.2
18237,GWL,5-15,23.2
18237,GWL,15-30,23.0
18237,GWL,30-60,25.8
18237,GWL,60-120,46.0
18237,GWL,120+,77.8
18237,GZB,0-5,20.7
18237,GZB,5-15,20.7
18237,GZB,15-30,20.5
18237,GZB,30-60,23.3
18237,GZB,60-120,43.2
18237,GZB,120+,74.6
18237,HN,0-5,22.9
18237,HN,5-15,22.9
18237,HN,15-30,22.7
18237,HN,30-60,25.4
18237,HN,60-120,45.2
18237,HN,120+,75.9
18237,JNL,0-5,81.2
18237,JNL,5-15,81.2
18237,JNL,15-30,81.0
18237,JNL,30-60,84.4
18237,JNL,60-120,112.8
18237,JNL,120+,150.1
18237,JRC,0-5,79.3
18237,JRC,5-15,79.4
18237,JRC,15-30,79.3
18237,JRC,30-60,83.7
18237,JRC,60-120,113.6
18237,JRC,120+,160.9
18237,JRMG,0-5,17.9
18237,JRMG,5-15,17.9
18237,JRMG,15-30,17.7
18237,JRMG,30-60,20.5
18237,JRMG,60-120,38.5
18237,JRMG,120+,68.9
18237,JUC,0-5,82.9
18237,JUC,5-15,83.0
18237,JUC,15-30,82.8
18237,JUC,30-60,86.2
18237,JUC,60-120,113.0
18237,JUC,120+,149.5
18237,JUDW,0-5,43.8
18237,JUDW,5-15,43.8
18237,JUDW,15-30,43.7
18237,JUDW,30-60,47.4
18237,JUDW,60-120,71.7
18237,JUDW,120+,111.8
18237,KAT,0-5,63.7
18237,KAT,5-15,63.7
18237,KAT,15-30,63.5
18237,KAT,30-60,66.6
18237,KAT,60-120,93.0
18237,KAT,120+,129.3
18237,KATL,0-5,53.8
18237,KATL,5-15,53.8
18237,KATL,15-30,53.6
18237,KATL,30-60,56.7
18237,KATL,60-120,80.2
18237,KATL,120+,119.5
18237,KNN,0-5,60.5
18237,KNN,5-15,60.6
18237,KNN,15-30,60.4
18237,KNN,30-60,63.0
18237,KNN,60-120,87.4
18237,KNN,120+,125.1
18237,KP,0-5,59.6
18237,KP,5-15,59.6
18237,KP,15-30,59.4
18237,KP,30-60,62.0
18237,KP,60-120,86.2
18237,KP,120+,124.0
18237,KRBA,0-5,1.3
18237,KRBA,5-15,1.3
18237,KRBA,15-30,1.1
18237,KRBA,30-60,1.1
18237,KRBA,60-120,8.7
18237,KRBA,120+,21.9
18237,KSV,0-5,31.1
18237,KSV,5-15,31.1
18237,KSV,15-30,31.0
18237,KSV,30-60,34.1
18237,KSV,60-120,55.9
18237,KSV,120+,90.6
18237,KTHD,0-5,10.8
18237,KTHD,5-15,10.8
18237,KTHD,15-30,10.6
18237,KTHD,30-60,13.0
18237,KTHD,60-120,25.3
18237,KTHD,120+,53.3
18237,LAR,0-5,9.7
18237,LAR,5-15,9.8
18237,LAR,15-30,9.5
18237,LAR,30-60,11.6
18237,LAR,60-120,22.9
18237,LAR,120+,48.8
18237,LDH,0-5,65.3
18237,LDH,5-15,65.3
18237,LDH,15-30,65.1
18237,LDH,30-60,68.7
18237,LDH,60-120,96.1
18237,LDH,120+,137.2
18237,MABA,0-5,46.1
18237,MABA,5-15,46.1
18237,MABA,15-30,46.0
18237,MABA,30-60,49.5
18237,MABA,60-120,73.7
18237,MABA,120+,113.8
18237,MDNR,0-5,43.8
18237,MDNR,5-15,43.8
18237,MDNR,15-30,43.7
18237,MDNR,30-60,47.4
18237,MDNR,60-120,71.4
18237,MDNR,120+,110.9
18237,MOZ,0-5,65.6
18237,MOZ,5-15,65.7
18237,MOZ,15-30,65.6
18237,MOZ,30-60,70.0
18237,MOZ,60-120,98.8
18237,MOZ,120+,140.3
18237,MRA,0-5,29.3
18237,MRA,5-15,29.3
18237,MRA,15-30,29.3
18237,MRA,30-60,32.2
18237,MRA,60-120,54.1
18237,MRA,120+,87.6
18237,MTC,0-5,54.2
18237,MTC,5-15,54.3
18237,MTC,15-30,54.4
18237,MTC,30-60,57.8
18237,MTC,60-120,82.8
18237,MTC,120+,121.2
18237,MTJ,0-5,17.5
18237,MTJ,5-15,17.6
18237,MTJ,15-30,17.3
18237,MTJ,30-60,19.9
18237,MTJ,60-120,35.5
18237,MTJ,120+,62.8
18237,MTY,0-5,60.2
18237,MTY,5-15,60.2
18237,MTY,15-30,60.0
18237,MTY,30-60,62.6
18237,MTY,60-120,86.0
18237,MTY,120+,124.7
18237,MUD,0-5,32.5
18237,MUD,5-15,32.5
18237,MUD,15-30,32.5
18237,MUD,30-60,35.9
18237,MUD,60-120,56.3
18237,MUD,120+,90.9
18237,MUT,0-5,62.5
18237,MUT,5-15,62.6
18237,MUT,15-30,62.4
18237,MUT,30-60,64.9
18237,MUT,60-120,89.4
18237,MUT,120+,124.1
18237,MWRN,0-5,9.8
18237,MWRN,5-15,9.8
18237,MWRN,15-30,9.7
18237,MWRN,30-60,12.0
18237,MWRN,60-120,23.1
18237,MWRN,120+,47.0
18237,NDPM,0-5,86.0
18237,NDPM,5-15,86.0
18237,NDPM,15-30,86.5
18237,NDPM,30-60,91.2
18237,NDPM,60-120,119.1
18237,NDPM,120+,163.1
18237,NGP,0-5,58.8
18237,NGP,5-15,58.8
18237,NGP,15-30,58.6
18237,NGP,30-60,60.8
18237,NGP,60-120,83.2
18237,NGP,120+,115.3
18237,NIA,0-5,17.9
18237,NIA,5-15,17.9
18237,NIA,15-30,17.8
18237,NIA,30-60,20.6
18237,NIA,60-120,37.5
18237,NIA,120+,65.9
18237,NRKR,0-5,40.9
18237,NRKR,5-15,40.9
18237,NRKR,15-30,40.8
18237,NRKR,30-60,44.5
18237,NRKR,60-120,67.4
18237,NRKR,120+,104.7
18237,NZM,0-5,15.1
18237,NZM,5-15,15.1
18237,NZM,15-30,14.9
18237,NZM,30-60,17.4
18237,NZM,60-120,32.8
18237,NZM,120+,60.4
18237,ODG,0-5,30.5
18237,ODG,5-15,30.6
18237,ODG,15-30,30.6
18237,ODG,30-60,34.1
18237,ODG,60-120,55.3
18237,ODG,120+,88.2
18237,PAR,0-5,53.4
18237,PAR,5-15,53.4
18237,PAR,15-30,53.3
18237,PAR,30-60,56.7
18237,PAR,60-120,81.0
18237,PAR,120+,119.5
18237,PGW,0-5,72.2
18237,PGW,5-15,72.3
18237,PGW,15-30,72.1
18237,PGW,30-60,75.1
18237,PGW,60-120,100.4
18237,PGW,120+,133.2
18237,PHR,0-5,68.6
18237,PHR,5-15,68.6
18237,PHR,15-30,68.4
18237,PHR,30-60,71.5
18237,PHR,60-120,96.5
18237,PHR,120+,130.0
18237,PWL,0-5,36.5
18237,PWL,5-15,36.5
18237,PWL,15-30,36.4
18237,PWL,30-60,39.6
18237,PWL,60-120,60.3
18237,PWL,120+,96.3
18237,R,0-5,43.6
18237,R,5-15,43.7
18237,R,15-30,43.5
18237,R,30-60,46.3
18237,R,60-120,66.7
18237,R,120+,98.8
18237,RAA,0-5,45.3
18237,RAA,5-15,45.4
18237,RAA,15-30,45.3
18237,RAA,30-60,48.6
18237,RAA,60-120,71.3
18237,RAA,120+,109.8
18237,RJN,0-5,32.1
18237,RJN,5-15,32.1
18237,RJN,15-30,32.0
18237,RJN,30-60,34.0
18237,RJN,60-120,52.0
18237,RJN,120+,80.2
18237,RKM,0-5,11.9
18237,RKM,5-15,11.9
18237,RKM,15-30,11.5
18237,RKM,30-60,13.3
18237,RKM,60-120,23.6
18237,RKM,120+,48.1
18237,RKMP,0-5,33.0
18237,RKMP,5-15,33.0
18237,RKMP,15-30,33.0
18237,RKMP,30-60,36.8
18237,RKMP,60-120,58.7
18237,RKMP,120+,92.5
18237,RPJ,0-5,45.4
18237,RPJ,5-15,45.4
18237,RPJ,15-30,45.3
18237,RPJ,30-60,48.7
18237,RPJ,60-120,71.4
18237,RPJ,120+,109.9
18237,SBB,0-5,16.2
18237,SBB,5-15,16.2
18237,SBB,15-30,16.2
18237,SBB,30-60,19.0
18237,SBB,60-120,35.3
18237,SBB,120+,63.6
18237,SIR,0-5,49.1
18237,SIR,5-15,49.1
18237,SIR,15-30,49.1
18237,SIR,30-60,52.6
18237,SIR,60-120,76.8
18237,SIR,120+,116.1
18237,SKS,0-5,49.6
18237,SKS,5-15,49.6
18237,SKS,15-30,49.5
18237,SKS,30-60,52.1
18237,SKS,60-120,74.4
18237,SKS,120+,113.4
18237,SOR,0-5,29.5
18237,SOR,5-15,29.5
18237,SOR,15-30,29.5
18237,SOR,30-60,32.4
18237,SOR,60-120,54.3
18237,SOR,120+,87.7
18237,SRBA,0-5,8.5
18237,SRBA,5-15,8.6
18237,SRBA,15-30,8.4
18237,SRBA,30-60,10.7
18237,SRBA,60-120,21.0
18237,SRBA,120+,42.3
18237,SRE,0-5,72.0
18237,SRE,5-15,72.0
18237,SRE,15-30,71.9
18237,SRE,30-60,76.5
18237,SRE,60-120,102.7
18237,SRE,120+,142.9
18237,TBT,0-5,20.5
18237,TBT,5-15,20.6
18237,TBT,15-30,20.4
18237,TBT,30-60,23.6
18237,TBT,60-120,42.1
18237,TBT,120+,71.4
18237,TLD,0-5,24.9
18237,TLD,5-15,25.0
18237,TLD,15-30,24.7
18237,TLD,30-60,26.9
18237,TLD,60-120,44.4
18237,TLD,120+,72.5
18237,TMR,0-5,67.5
18237,TMR,5-15,67.6
18237,TMR,15-30,67.4
18237,TMR,30-60,71.8
18237,TMR,60-120,98.1
18237,TMR,120+,138.0
18237,TRO,0-5,68.6
18237,TRO,5-15,68.7
18237,TRO,15-30,68.5
18237,TRO,30-60,71.6
18237,TRO,60-120,96.6
18237,TRO,120+,130.1
18237,UBC,0-5,48.6
18237,UBC,5-15,48.6
18237,UBC,15-30,48.5
18237,UBC,30-60,51.1
18237,UBC,60-120,73.4
18237,UBC,120+,112.5
18237,UMB,0-5,50.3
18237,UMB,5-15,50.3
18237,UMB,15-30,50.2
18237,UMB,30-60,52.7
18237,UMB,60-120,73.8
18237,UMB,120+,106.0
18237,URGA,0-5,6.5
18237,URGA,5-15,6.5
18237,URGA,15-30,6.3
18237,URGA,30-60,7.9
18237,URGA,60-120,17.9
18237,URGA,120+,37.6
18237,VGLJ,0-5,42.2
18237,VGLJ,5-15,42.3
18237,VGLJ,15-30,42.2
18237,VGLJ,30-60,46.1
18237,VGLJ,60-120,70.0
18237,VGLJ,120+,108.0
18237,YJUD,0-5,73.0
18237,YJUD,5-15,73.0
18237,YJUD,15-30,72.9
18237,YJUD,30-60,77.5
18237,YJUD,60-120,104.5
18237,YJUD,120+,144.8
18238,AGC,0-5,61.1
18238,AGC,5-15,61.1
18238,AGC,15-30,62.4
18238,AGC,30-60,65.4
18238,AGC,60-120,92.0
18238,AGC,120+,127.0
18238,AGN,0-5,19.0
18238,AGN,5-15,19.1
18238,AGN,15-30,19.0
18238,AGN,30-60,26.1
18238,AGN,60-120,51.7
18238,AGN,120+,87.2
18238,AMLA,0-5,29.5
18238,AMLA,5-15,29.5
18238,AMLA,15-30,30.5
18238,AMLA,30-60,39.3
18238,AMLA,60-120,68.2
18238,AMLA,120+,116.4
18238,ASR,0-5,5.0
18238,ASR,5-15,5.0
18238,ASR,15-30,5.4
18238,ASR,30-60,10.9
18238,ASR,60-120,24.6
18238,ASR,120+,41.9
18238,BAB,0-5,26.0
18238,BAB,5-15,26.0
18238,BAB,15-30,27.0
18238,BAB,30-60,35.7
18238,BAB,60-120,64.7
18238,BAB,120+,110.2
18238,BAQ,0-5,25.3
18238,BAQ,5-15,25.3
18238,BAQ,15-30,26.3
18238,BAQ,30-60,34.6
18238,BAQ,60-120,63.9
18238,BAQ,120+,109.6
18238,BEAS,0-5,13.1
18238,BEAS,5-15,13.2
18238,BEAS,15-30,13.8
18238,BEAS,30-60,20.3
18238,BEAS,60-120,40.0
18238,BEAS,120+,69.1
18238,BHS,0-5,29.4
18238,BHS,5-15,29.5
18238,BHS,15-30,30.4
18238,BHS,30-60,38.7
18238,BHS,60-120,66.3
18238,BHS,120+,114.3
18238,BINA,0-5,19.5
18238,BINA,5-15,19.6
18238,BINA,15-30,20.2
18238,BINA,30-60,27.0
18238,BINA,60-120,51.5
18238,BINA,120+,92.2
18238,BPHB,0-5,14.2
18238,BPHB,5-15,14.2
18238,BPHB,15-30,14.9
18238,BPHB,30-60,21.5
18238,BPHB,60-120,43.0
18238,BPHB,120+,78.6
18238,BPL,0-5,27.6
18238,BPL,5-15,27.7
18238,BPL,15-30,28.6
18238,BPL,30-60,36.4
18238,BPL,60-120,64.2
18238,BPL,120+,110.7
18238,BRD,0-5,17.5
18238,BRD,5-15,17.5
18238,BRD,15-30,18.1
18238,BRD,30-60,24.6
18238,BRD,60-120,45.1
18238,BRD,120+,78.1
18238,BSP,0-5,14.9
18238,BSP,5-15,15.0
18238,BSP,15-30,15.6
18238,BSP,30-60,21.9
18238,BSP,60-120,42.0
18238,BSP,120+,70.9
18238,BVH,0-5,27.9
18238,BVH,5-15,27.9
18238,BVH,15-30,28.9
18238,BVH,30-60,36.7
18238,BVH,60-120,62.7
18238,BVH,120+,108.2
18238,BYL,0-5,21.0
18238,BYL,5-15,21.0
18238,BYL,15-30,21.6
18238,BYL,30-60,28.4
18238,BYL,60-120,52.3
18238,BYL,120+,92.0
18238,BYT,0-5,20.5
18238,BYT,5-15,20.6
18238,BYT,15-30,21.2
18238,BYT,30-60,28.0
18238,BYT,60-120,49.9
18238,BYT,120+,87.2
18238,BZU,0-5,28.3
18238,BZU,5-15,28.3
18238,BZU,15-30,29.3
18238,BZU,30-60,37.2
18238,BZU,60-120,63.0
18238,BZU,120+,108.7
18238,BZY,0-5,25.7
18238,BZY,5-15,25.7
18238,BZY,15-30,26.7
18238,BZY,30-60,34.4
18238,BZY,60-120,59.9
18238,BZY,120+,103.5
18238,CHA,0-5,15.5
18238,CHA,5-15,15.5
18238,CHA,15-30,16.1
18238,CHA,30-60,23.0
18238,CHA,60-120,45.0
18238,CHA,120+,80.8
18238,CHBT,0-5,20.9
18238,CHBT,5-15,20.9
18238,CHBT,15-30,21.5
18238,CHBT,30-60,28.2
18238,CHBT,60-120,52.1
18238,CHBT,120+,91.8
18238,CHJ,0-5,33.0
18238,CHJ,5-15,33.1
18238,CHJ,15-30,34.4
18238,CHJ,30-60,42.2
18238,CHJ,60-120,69.4
18238,CHJ,120+,115.9
18238,DAA,0-5,24.4
18238,DAA,5-15,24.5
18238,DAA,15-30,25.4
18238,DAA,30-60,32.8
18238,DAA,60-120,58.1
18238,DAA,120+,99.1
18238,DBA,0-5,24.9
18238,DBA,5-15,24.9
18238,DBA,15-30,25.9
18238,DBA,30-60,33.2
18238,DBA,60-120,58.5
18238,DBA,120+,100.0
18238,DBD,0-5,6.7
18238,DBD,5-15,6.8
18238,DBD,15-30,7.2
18238,DBD,30-60,12.6
18238,DBD,60-120,26.9
18238,DBD,120+,52.8
18238,DGG,0-5,21.2
18238,DGG,5-15,21.3
18238,DGG,15-30,21.9
18238,DGG,30-60,28.6
18238,DGG,60-120,53.3
18238,DGG,120+,93.0
18238,DHO,0-5,19.5
18238,DHO,5-15,19.5
18238,DHO,15-30,20.1
18238,DHO,30-60,26.9
18238,DHO,60-120,50.3
18238,DHO,120+,89.5
18238,DOA,0-5,12.9
18238,DOA,5-15,13.0
18238,DOA,15-30,13.6
18238,DOA,30-60,20.2
18238,DOA,60-120,41.0
18238,DOA,120+,75.2
18238,DRLA,0-5,9.2
18238,DRLA,5-15,9.3
18238,DRLA,15-30,9.8
18238,DRLA,30-60,15.9
18238,DRLA,60-120,32.4
18238,DRLA,120+,63.4
18238,DUA,0-5,32.8
18238,DUA,5-15,32.8
18238,DUA,15-30,33.7
18238,DUA,30-60,41.6
18238,DUA,60-120,68.7
18238,DUA,120+,115.2
18238,DURG,0-5,24.6
18238,DURG,5-15,24.7
18238,DURG,15-30,25.6
18238,DURG,30-60,32.9
18238,DURG,60-120,57.5
18238,DURG,120+,97.0
18238,ET,0-5,23.4
18238,ET,5-15,23.5
18238,ET,15-30,24.5
18238,ET,30-60,31.2
18238,ET,60-120,57.1
18238,ET,120+,97.9
18238,G,0-5,23.6
18238,G,5-15,23.7
18238,G,15-30,24.3
18238,G,30-60,30.9
18238,G,60-120,55.1
18238,G,120+,93.9
18238,GDYA,0-5,24.6
18238,GDYA,5-15,24.6
18238,GDYA,15-30,25.6
18238,GDYA,30-60,32.9
18238,GDYA,60-120,58.2
18238,GDYA,120+,100.9
18238,GUH,0-5,16.8
18238,GUH,5-15,16.8
18238,GUH,15-30,17.4
18238,GUH,30-60,24.3
18238,GUH,60-120,47.2
18238,GUH,120+,84.1
18238,GVG,0-5,15.6
18238,GVG,5-15,15.6
18238,GVG,15-30,16.2
18238,GVG,30-60,23.2
18238,GVG,60-120,45.5
18238,GVG,120+,81.7
18238,GWL,0-5,18.8
18238,GWL,5-15,18.8
18238,GWL,15-30,19.4
18238,GWL,30-60,26.4
18238,GWL,60-120,49.5
18238,GWL,120+,88.3
18238,GZB,0-5,19.2
18238,GZB,5-15,19.2
18238,GZB,15-30,19.8
18238,GZB,30-60,26.7
18238,GZB,60-120,50.3
18238,GZB,120+,89.4
18238,HN,0-5,19.7
18238,HN,5-15,19.7
18238,HN,15-30,20.3
18238,HN,30-60,27.2
18238,HN,60-120,50.9
18238,HN,120+,90.1
18238,JNL,0-5,10.1
18238,JNL,5-15,10.2
18238,JNL,15-30,10.8
18238,JNL,30-60,17.1
18238,JNL,60-120,34.2
18238,JNL,120+,65.9
18238,JRC,0-5,9.2
18238,JRC,5-15,9.3
18238,JRC,15-30,9.9
18238,JRC,30-60,16.1
18238,JRC,60-120,32.7
18238,JRC,120+,63.1
18238,JUC,0-5,9.3
18238,JUC,5-15,9.3
18238,JUC,15-30,10.0
18238,JUC,30-60,15.7
18238,JUC,60-120,29.6
18238,JUC,120+,54.3
18238,JUDW,0-5,25.6
18238,JUDW,5-15,25.6
18238,JUDW,15-30,26.6
18238,JUDW,30-60,34.4
18238,JUDW,60-120,60.5
18238,JUDW,120+,104.5
18238,KAT,0-5,8.1
18238,KAT,5-15,8.1
18238,KAT,15-30,8.6
18238,KAT,30-60,14.8
18238,KAT,60-120,29.9
18238,KAT,120+,60.0
18238,KATL,0-5,43.2
18238,KATL,5-15,43.2
18238,KATL,15-30,44.6
18238,KATL,30-60,51.8
18238,KATL,60-120,80.7
18238,KATL,120+,127.7
18238,KNN,0-5,19.2
18238,KNN,5-15,19.3
18238,KNN,15-30,19.9
18238,KNN,30-60,26.8
18238,KNN,60-120,50.2
18238,KNN,120+,89.5
18238,KP,0-5,13.6
18238,KP,5-15,13.6
18238,KP,15-30,14.2
18238,KP,30-60,21.1
18238,KP,60-120,42.5
18238,KP,120+,76.9
18238,KSV,0-5,29.0
18238,KSV,5-15,29.1
18238,KSV,15-30,30.0
18238,KSV,30-60,37.9
18238,KSV,60-120,64.4
18238,KSV,120+,110.9
18238,LAR,0-5,27.3
18238,LAR,5-15,27.4
18238,LAR,15-30,28.3
18238,LAR,30-60,36.1
18238,LAR,60-120,63.1
18238,LAR,120+,109.0
18238,LDH,0-5,16.1
18238,LDH,5-15,16.1
18238,LDH,15-30,16.7
18238,LDH,30-60,23.6
18238,LDH,60-120,44.5
18238,LDH,120+,79.1
18238,MABA,0-5,24.8
18238,MABA,5-15,24.9
18238,MABA,15-30,25.8
18238,MABA,30-60,33.3
18238,MABA,60-120,58.7
18238,MABA,120+,101.4
18238,MDNR,0-5,13.4
18238,MDNR,5-15,13.4
18238,MDNR,15-30,14.0
18238,MDNR,30-60,20.8
18238,MDNR,60-120,42.1
18238,MDNR,120+,76.1
18238,MOZ,0-5,6.4
18238,MOZ,5-15,6.5
18238,MOZ,15-30,6.9
18238,MOZ,30-60,12.5
18238,MOZ,60-120,27.5
18238,MOZ,120+,54.0
18238,MRA,0-5,27.7
18238,MRA,5-15,27.8
18238,MRA,15-30,28.7
18238,MRA,30-60,36.7
18238,MRA,60-120,64.2
18238,MRA,120+,109.8
18238,MTC,0-5,8.3
18238,MTC,5-15,8.3
18238,MTC,15-30,8.8
18238,MTC,30-60,15.0
18238,MTC,60-120,30.7
18238,MTC,120+,61.7
18238,MTJ,0-5,30.6
18238,MTJ,5-15,30.6
18238,MTJ,15-30,31.5
18238,MTJ,30-60,39.6
18238,MTJ,60-120,66.3
18238,MTJ,120+,113.6
18238,MTY,0-5,32.9
18238,MTY,5-15,32.9
18238,MTY,15-30,33.8
18238,MTY,30-60,41.2
18238,MTY,60-120,68.1
18238,MTY,120+,114.6
18238,MUT,0-5,11.5
18238,MUT,5-15,11.5
18238,MUT,15-30,12.1
18238,MUT,30-60,18.8
18238,MUT,60-120,37.4
18238,MUT,120+,69.8
18238,NDPM,0-5,37.3
18238,NDPM,5-15,37.3
18238,NDPM,15-30,38.6
18238,NDPM,30-60,46.2
18238,NDPM,60-120,76.0
18238,NDPM,120+,123.3
18238,NGP,0-5,13.3
18238,NGP,5-15,13.3
18238,NGP,15-30,13.9
18238,NGP,30-60,19.6
18238,NGP,60-120,37.3
18238,NGP,120+,66.6
18238,NRKR,0-5,38.6
18238,NRKR,5-15,38.6
18238,NRKR,15-30,39.9
18238,NRKR,30-60,47.2
18238,NRKR,60-120,76.3
18238,NRKR,120+,123.6
18238,NZM,0-5,19.8
18238,NZM,5-15,19.9
18238,NZM,15-30,20.4
18238,NZM,30-60,27.4
18238,NZM,60-120,51.0
18238,NZM,120+,90.5
18238,ODG,0-5,35.2
18238,ODG,5-15,35.3
18238,ODG,15-30,36.6
18238,ODG,30-60,44.7
18238,ODG,60-120,74.2
18238,ODG,120+,121.5
18238,PAR,0-5,37.5
18238,PAR,5-15,37.5
18238,PAR,15-30,38.8
18238,PAR,30-60,46.4
18238,PAR,60-120,75.1
18238,PAR,120+,122.4
18238,PGW,0-5,13.2
18238,PGW,5-15,13.2
18238,PGW,15-30,13.8
18238,PGW,30-60,19.5
18238,PGW,60-120,37.1
18238,PGW,120+,66.0
18238,PHR,0-5,13.6
18238,PHR,5-15,13.6
18238,PHR,15-30,14.2
18238,PHR,30-60,21.0
18238,PHR,60-120,41.9
18238,PHR,120+,77.2
18238,PWL,0-5,24.9
18238,PWL,5-15,24.9
18238,PWL,15-30,25.9
18238,PWL,30-60,33.4
18238,PWL,60-120,58.2
18238,PWL,120+,100.6
18238,R,0-5,23.5
18238,R,5-15,23.5
18238,R,15-30,24.0
18238,R,30-60,30.1
18238,R,60-120,52.7
18238,R,120+,88.1
18238,RAA,0-5,19.7
18238,RAA,5-15,19.7
18238,RAA,15-30,20.3
18238,RAA,30-60,27.3
18238,RAA,60-120,50.4
18238,RAA,120+,89.4
18238,RJN,0-5,24.0
18238,RJN,5-15,24.1
18238,RJN,15-30,25.0
18238,RJN,30-60,31.3
18238,RJN,60-120,54.4
18238,RJN,120+,92.1
18238,RKM,0-5,44.5
18238,RKM,5-15,44.5
18238,RKM,15-30,45.8
18238,RKM,30-60,52.6
18238,RKM,60-120,81.4
18238,RKM,120+,127.8
18238,RKMP,0-5,29.9
18238,RKMP,5-15,29.9
18238,RKMP,15-30,30.8
18238,RKMP,30-60,38.9
18238,RKMP,60-120,66.5
18238,RKMP,120+,113.6
18238,RPJ,0-5,15.5
18238,RPJ,5-15,15.5
18238,RPJ,15-30,16.1
18238,RPJ,30-60,23.0
18238,RPJ,60-120,44.8
18238,RPJ,120+,80.9
18238,SBB,0-5,15.4
18238,SBB,5-15,15.4
18238,SBB,15-30,16.0
18238,SBB,30-60,23.1
18238,SBB,60-120,44.9
18238,SBB,120+,80.9
18238,SIR,0-5,13.3
18238,SIR,5-15,13.3
18238,SIR,15-30,13.9
18238,SIR,30-60,20.8
18238,SIR,60-120,41.5
18238,SIR,120+,75.3
18238,SKS,0-5,20.6
18238,SKS,5-15,20.6
18238,SKS,15-30,21.2
18238,SKS,30-60,28.2
18238,SKS,60-120,51.9
18238,SKS,120+,91.4
18238,SNL,0-5,9.3
18238,SNL,5-15,9.3
18238,SNL,15-30,9.9
18238,SNL,30-60,16.1
18238,SNL,60-120,32.2
18238,SNL,120+,63.6
18238,SOR,0-5,23.2
18238,SOR,5-15,23.3
18238,SOR,15-30,24.2
18238,SOR,30-60,31.2
18238,SOR,60-120,56.5
18238,SOR,120+,97.1
18238,SRE,0-5,5.1
18238,SRE,5-15,5.2
18238,SRE,15-30,5.6
18238,SRE,30-60,10.5
18238,SRE,60-120,24.0
18238,SRE,120+,45.6
18238,TBT,0-5,25.2
18238,TBT,5-15,25.2
18238,TBT,15-30,26.2
18238,TBT,30-60,33.9
18238,TBT,60-120,58.6
18238,TBT,120+,101.9
18238,TLD,0-5,12.2
18238,TLD,5-15,12.2
18238,TLD,15-30,12.8
18238,TLD,30-60,18.9
18238,TLD,60-120,35.8
18238,TLD,120+,66.2
18238,TMR,0-5,14.5
18238,TMR,5-15,14.5
18238,TMR,15-30,15.1
18238,TMR,30-60,22.1
18238,TMR,60-120,43.3
18238,TMR,120+,78.5
18238,TRO,0-5,13.6
18238,TRO,5-15,13.6
18238,TRO,15-30,14.2
18238,TRO,30-60,21.0
18238,TRO,60-120,41.7
18238,TRO,120+,77.0
18238,UBC,0-5,17.8
18238,UBC,5-15,17.8
18238,UBC,15-30,18.4
18238,UBC,30-60,25.3
18238,UBC,60-120,47.6
18238,UBC,120+,85.5
18238,UMB,0-5,24.2
18238,UMB,5-15,24.2
18238,UMB,15-30,25.2
18238,UMB,30-60,31.2
18238,UMB,60-120,53.6
18238,UMB,120+,89.9
18238,VGLJ,0-5,20.9
18238,VGLJ,5-15,20.9
18238,VGLJ,15-30,21.5
18238,VGLJ,30-60,28.4
18238,VGLJ,60-120,52.3
18238,VGLJ,120+,91.9
18238,YJUD,0-5,28.1
18238,YJUD,5-15,28.1
18238,YJUD,15-30,29.0
18238,YJUD,30-60,37.1
18238,YJUD,60-120,62.5
18238,YJUD,120+,108.0
19015,ADI,0-5,37.9
19015,ADI,5-15,37.9
19015,ADI,15-30,37.1
19015,ADI,30-60,41.7
19015,ADI,60-120,64.6
19015,ADI,120+,97.7
19015,AKV,0-5,29.4
19015,AKV,5-15,29.4
19015,AKV,15-30,28.7
19015,AKV,30-60,36.4
19015,AKV,60-120,61.8
19015,AKV,120+,101.2
19015,AML,0-5,22.6
19015,AML,5-15,22.6
19015,AML,15-30,21.9
19015,AML,30-60,29.3
19015,AML,60-120,51.3
19015,AML,120+,87.9
19015,ANND,0-5,28.3
19015,ANND,5-15,28.3
19015,ANND,15-30,27.9
19015,ANND,30-60,35.6
19015,ANND,60-120,61.0
19015,ANND,120+,98.6
19015,BH,0-5,27.4
19015,BH,5-15,27.4
19015,BH,15-30,26.9
19015,BH,30-60,34.7
19015,BH,60-120,60.2
19015,BH,120+,96.9
19015,BIM,0-5,31.2
19015,BIM,5-15,31.3
19015,BIM,15-30,30.9
19015,BIM,30-60,38.7
19015,BIM,60-120,64.3
19015,BIM,120+,103.8
19015,BJD,0-5,22.4
19015,BJD,5-15,22.4
19015,BJD,15-30,21.9
19015,BJD,30-60,28.6
19015,BJD,60-120,48.2
19015,BJD,120+,81.4
19015,BL,0-5,26.0
19015,BL,5-15,26.0
19015,BL,15-30,25.6
19015,BL,30-60,32.0
19015,BL,60-120,54.4
19015,BL,120+,89.7
19015,BLD,0-5,28.0
19015,BLD,5-15,28.0
19015,BLD,15-30,27.6
19015,BLD,30-60,33.7
19015,BLD,60-120,56.9
19015,BLD,120+,92.7
19015,BNVD,0-5,27.9
19015,BNVD,5-15,28.0
19015,BNVD,15-30,27.5
19015,BNVD,30-60,33.6
19015,BNVD,60-120,56.9
19015,BNVD,120+,93.1
19015,BOR,0-5,22.4
19015,BOR,5-15,22.4
19015,BOR,15-30,21.8
19015,BOR,30-60,27.5
19015,BOR,60-120,45.5
19015,BOR,120+,78.2
19015,BRC,0-5,27.9
19015,BRC,5-15,28.0
19015,BRC,15-30,27.5
19015,BRC,30-60,33.6
19015,BRC,60-120,56.3
19015,BRC,120+,91.9
19015,BSR,0-5,23.0
19015,BSR,5-15,23.1
19015,BSR,15-30,22.5
19015,BSR,30-60,28.2
19015,BSR,60-120,47.2
19015,BSR,120+,80.0
19015,BVI,0-5,26.1
19015,BVI,5-15,26.1
19015,BVI,15-30,25.6
19015,BVI,30-60,31.7
19015,BVI,60-120,53.1
19015,BVI,120+,87.9
19015,CLDY,0-5,32.3
19015,CLDY,5-15,32.3
19015,CLDY,15-30,31.9
19015,CLDY,30-60,38.4
19015,CLDY,60-120,62.0
19015,CLDY,120+,100.5
19015,DDR,0-5,4.5
19015,DDR,5-15,4.5
19015,DDR,15-30,3.5
19015,DDR,30-60,5.9
19015,DDR,60-120,15.1
19015,DDR,120+,27.4
19015,DRD,0-5,22.4
19015,DRD,5-15,22.4
19015,DRD,15-30,21.8
19015,DRD,30-60,27.5
19015,DRD,60-120,45.3
19015,DRD,120+,78.1
19015,GVD,0-5,18.8
19015,GVD,5-15,18.8
19015,GVD,15-30,18.3
19015,GVD,30-60,23.4
19015,GVD,60-120,40.1
19015,GVD,120+,67.8
19015,HAPA,0-5,29.1
19015,HAPA,5-15,29.1
19015,HAPA,15-30,28.7
19015,HAPA,30-60,34.9
19015,HAPA,60-120,57.3
19015,HAPA,120+,92.9
19015,ITA,0-5,25.9
19015,ITA,5-15,26.0
19015,ITA,15-30,25.5
19015,ITA,30-60,31.6
19015,ITA,60-120,52.8
19015,ITA,120+,87.4
19015,JAM,0-5,33.5
19015,JAM,5-15,33.5
19015,JAM,15-30,33.0
19015,JAM,30-60,39.5
19015,JAM,60-120,63.2
19015,JAM,120+,102.2
19015,KBRV,0-5,29.2
19015,KBRV,5-15,29.2
19015,KBRV,15-30,28.9
19015,KBRV,30-60,35.0
19015,KBRV,60-120,57.6
19015,KBRV,120+,94.0
19015,KIM,0-5,25.9
19015,KIM,5-15,25.9
19015,KIM,15-30,25.4
19015,KIM,30-60,31.6
19015,KIM,60-120,52.9
19015,KIM,120+,87.5
19015,KSB,0-5,27.2
19015,KSB,5-15,27.2
19015,KSB,15-30,26.8
19015,KSB,30-60,32.9
19015,KSB,60-120,54.9
19015,KSB,120+,89.8
19015,LPJ,0-5,27.1
19015,LPJ,5-15,27.1
19015,LPJ,15-30,26.6
19015,LPJ,30-60,32.8
19015,LPJ,60-120,54.4
19015,LPJ,120+,89.4
19015,MAN,0-5,16.2
19015,MAN,5-15,16.3
19015,MAN,15-30,15.7
19015,MAN,30-60,20.4
19015,MAN,60-120,36.0
19015,MAN,120+,60.6
19015,MHD,0-5,31.2
19015,MHD,5-15,31.2
19015,MHD,15-30,30.8
19015,MHD,30-60,37.3
19015,MHD,60-120,60.1
19015,MHD,120+,97.8
19015,MRL,0-5,25.5
19015,MRL,5-15,25.5
19015,MRL,15-30,25.0
19015,MRL,30-60,31.2
19015,MRL,60-120,52.0
19015,MRL,120+,86.2
19015,MYG,0-5,22.7
19015,MYG,5-15,22.7
19015,MYG,15-30,22.3
19015,MYG,30-60,28.1
19015,MYG,60-120,46.2
19015,MYG,120+,79.0
19015,ND,0-5,30.5
19015,ND,5-15,30.5
19015,ND,15-30,30.1
19015,ND,30-60,37.1
19015,ND,60-120,59.9
19015,ND,120+,97.6
19015,NIU,0-5,23.0
19015,NIU,5-15,23.0
19015,NIU,15-30,22.5
19015,NIU,30-60,29.0
19015,NIU,60-120,47.7
19015,NIU,120+,81.1
19015,NVS,0-5,26.2
19015,NVS,5-15,26.3
19015,NVS,15-30,25.8
19015,NVS,30-60,32.5
19015,NVS,60-120,54.0
19015,NVS,120+,88.9
19015,PAD,0-5,26.1
19015,PAD,5-15,26.1
19015,PAD,15-30,25.6
19015,PAD,30-60,32.3
19015,PAD,60-120,53.8
19015,PAD,120+,88.8
19015,PAO,0-5,33.8
19015,PAO,5-15,33.9
19015,PAO,15-30,33.4
19015,PAO,30-60,40.4
19015,PAO,60-120,65.7
19015,PAO,120+,104.4
19015,PBR,0-5,9.5
19015,PBR,5-15,9.6
19015,PBR,15-30,9.0
19015,PBR,30-60,13.4
19015,PBR,60-120,27.9
19015,PBR,120+,46.6
19015,PLG,0-5,21.0
19015,PLG,5-15,21.0
19015,PLG,15-30,20.5
19015,PLG,30-60,26.7
19015,PLG,60-120,43.7
19015,PLG,120+,75.9
19015,PLJ,0-5,24.8
19015,PLJ,5-15,24.9
19015,PLJ,15-30,24.4
19015,PLJ,30-60,31.1
19015,PLJ,60-120,51.9
19015,PLJ,120+,86.1
19015,RJT,0-5,21.5
19015,RJT,5-15,21.5
19015,RJT,15-30,20.9
19015,RJT,30-60,27.2
19015,RJT,60-120,44.7
19015,RJT,120+,76.8
19015,RWO,0-5,32.9
19015,RWO,5-15,33.0
19015,RWO,15-30,32.5
19015,RWO,30-60,39.5
19015,RWO,60-120,64.1
19015,RWO,120+,102.7
19015,SAH,0-5,20.2
19015,SAH,5-15,20.2
19015,SAH,15-30,19.7
19015,SAH,30-60,25.7
19015,SAH,60-120,42.0
19015,SAH,120+,73.2
19015,SAU,0-5,35.2
19015,SAU,5-15,35.3
19015,SAU,15-30,34.8
19015,SAU,30-60,41.7
19015,SAU,60-120,67.6
19015,SAU,120+,107.6
19015,SBT,0-5,29.2
19015,SBT,5-15,29.2
19015,SBT,15-30,28.8
19015,SBT,30-60,35.7
19015,SBT,60-120,58.0
19015,SBT,120+,94.6
19015,SJN,0-5,24.8
19015,SJN,5-15,24.8
19015,SJN,15-30,24.4
19015,SJN,30-60,31.0
19015,SJN,60-120,51.9
19015,SJN,120+,86.1
19015,ST,0-5,16.0
19015,ST,5-15,16.0
19015,ST,15-30,15.5
19015,ST,30-60,20.6
19015,ST,60-120,36.3
19015,ST,120+,63.5
19015,SUNR,0-5,21.0
19015,SUNR,5-15,21.0
19015,SUNR,15-30,20.5
19015,SUNR,30-60,26.7
19015,SUNR,60-120,43.8
19015,SUNR,120+,75.9
19015,SYN,0-5,21.0
19015,SYN,5-15,21.1
19015,SYN,15-30,20.5
19015,SYN,30-60,26.7
19015,SYN,60-120,43.8
19015,SYN,120+,76.0
19015,THAN,0-5,26.1
19015,THAN,5-15,26.2
19015,THAN,15-30,25.7
19015,THAN,30-60,32.4
19015,THAN,60-120,53.9
19015,THAN,120+,88.9
19015,UBR,0-5,21.0
19015,UBR,5-15,21.0
19015,UBR,15-30,20.5
19015,UBR,30-60,26.7
19015,UBR,60-120,43.7
19015,UBR,120+,75.9
19015,UDN,0-5,21.0
19015,UDN,5-15,21.0
19015,UDN,15-30,20.5
19015,UDN,30-60,26.7
19015,UDN,60-120,43.7
19015,UDN,120+,75.8
19015,UVD,0-5,26.0
19015,UVD,5-15,26.1
19015,UVD,15-30,25.6
19015,UVD,30-60,32.3
19015,UVD,60-120,53.8
19015,UVD,120+,88.4
19015,VAPI,0-5,26.5
19015,VAPI,5-15,26.6
19015,VAPI,15-30,26.1
19015,VAPI,30-60,32.7
19015,VAPI,60-120,54.4
19015,VAPI,120+,89.0
19015,VDA,0-5,29.2
19015,VDA,5-15,29.2
19015,VDA,15-30,28.8
19015,VDA,30-60,35.6
19015,VDA,60-120,58.0
19015,VDA,120+,94.2
19015,VG,0-5,28.1
19015,VG,5-15,28.1
19015,VG,15-30,27.7
19015,VG,30-60,34.4
19015,VG,60-120,56.6
19015,VG,120+,92.2
19015,VR,0-5,20.1
19015,VR,5-15,20.1
19015,VR,15-30,19.6
19015,VR,30-60,25.7
19015,VR,60-120,42.0
19015,VR,120+,72.8
19015,VS,0-5,25.0
19015,VS,5-15,25.0
19015,VS,15-30,24.5
19015,VS,30-60,31.2
19015,VS,60-120,52.3
19015,VS,120+,86.0
19015,WKR,0-5,26.6
19015,WKR,5-15,26.7
19015,WKR,15-30,26.2
19015,WKR,30-60,32.9
19015,WKR,60-120,55.0
19015,WKR,120+,89.6
19015,WSJ,0-5,30.4
19015,WSJ,5-15,30.5
19015,WSJ,15-30,30.1
19015,WSJ,30-60,37.1
19015,WSJ,60-120,59.9
19015,WSJ,120+,97.2
19016,ADI,0-5,55.9
19016,ADI,5-15,55.6
19016,ADI,15-30,51.2
19016,ADI,30-60,53.5
19016,ADI,60-120,76.2
19016,ADI,120+,105.1
19016,AKV,0-5,51.2
19016,AKV,5-15,51.0
19016,AKV,15-30,48.1
19016,AKV,30-60,54.7
19016,AKV,60-120,84.0
19016,AKV,120+,124.7
19016,AML,0-5,32.0
19016,AML,5-15,31.8
19016,AML,15-30,27.6
19016,AML,30-60,33.2
19016,AML,60-120,54.5
19016,AML,120+,90.6
19016,ANND,0-5,32.9
19016,ANND,5-15,32.6
19016,ANND,15-30,28.8
19016,ANND,30-60,34.8
19016,ANND,60-120,57.1
19016,ANND,120+,92.5
19016,BH,0-5,46.8
19016,BH,5-15,46.5
19016,BH,15-30,42.7
19016,BH,30-60,49.2
19016,BH,60-120,79.6
19016,BH,120+,123.3
19016,BIM,0-5,31.7
19016,BIM,5-15,31.4
19016,BIM,15-30,27.6
19016,BIM,30-60,33.7
19016,BIM,60-120,55.2
19016,BIM,120+,91.2
19016,BJD,0-5,27.8
19016,BJD,5-15,27.5
19016,BJD,15-30,23.6
19016,BJD,30-60,29.0
19016,BJD,60-120,45.8
19016,BJD,120+,78.8
19016,BL,0-5,32.8
19016,BL,5-15,32.6
19016,BL,15-30,28.7
19016,BL,30-60,33.7
19016,BL,60-120,54.6
19016,BL,120+,89.8
19016,BLD,0-5,31.0
19016,BLD,5-15,30.8
19016,BLD,15-30,26.9
19016,BLD,30-60,31.4
19016,BLD,60-120,50.6
19016,BLD,120+,85.2
19016,BNVD,0-5,32.9
19016,BNVD,5-15,32.6
19016,BNVD,15-30,28.7
19016,BNVD,30-60,33.3
19016,BNVD,60-120,53.7
19016,BNVD,120+,89.1
19016,BOR,0-5,32.3
19016,BOR,5-15,32.1
19016,BOR,15-30,28.2
19016,BOR,30-60,32.7
19016,BOR,60-120,52.4
19016,BOR,120+,87.1
19016,BRC,0-5,34.8
19016,BRC,5-15,34.5
19016,BRC,15-30,30.8
19016,BRC,30-60,35.4
19016,BRC,60-120,56.3
19016,BRC,120+,92.1
19016,BVI,0-5,47.4
19016,BVI,5-15,47.1
19016,BVI,15-30,43.3
19016,BVI,30-60,48.1
19016,BVI,60-120,76.5
19016,BVI,120+,119.0
19016,CLDY,0-5,40.1
19016,CLDY,5-15,39.8
19016,CLDY,15-30,36.0
19016,CLDY,30-60,40.8
19016,CLDY,60-120,64.8
19016,CLDY,120+,102.3
19016,DDR,0-5,21.6
19016,DDR,5-15,21.3
19016,DDR,15-30,17.3
19016,DDR,30-60,20.0
19016,DDR,60-120,33.4
19016,DDR,120+,54.9
19016,DRD,0-5,31.0
19016,DRD,5-15,30.7
19016,DRD,15-30,26.8
19016,DRD,30-60,31.4
19016,DRD,60-120,49.8
19016,DRD,120+,83.7
19016,GVD,0-5,31.8
19016,GVD,5-15,31.5
19016,GVD,15-30,27.6
19016,GVD,30-60,32.1
19016,GVD,60-120,51.2
19016,GVD,120+,85.0
19016,HAPA,0-5,39.8
19016,HAPA,5-15,39.5
19016,HAPA,15-30,35.6
19016,HAPA,30-60,40.5
19016,HAPA,60-120,63.8
19016,HAPA,120+,100.4
19016,ITA,0-5,38.8
19016,ITA,5-15,38.5
19016,ITA,15-30,34.6
19016,ITA,30-60,39.5
19016,ITA,60-120,62.0
19016,ITA,120+,98.0
19016,JAM,0-5,36.0
19016,JAM,5-15,35.7
19016,JAM,15-30,31.9
19016,JAM,30-60,36.8
19016,JAM,60-120,57.5
19016,JAM,120+,91.6
19016,KBRV,0-5,30.8
19016,KBRV,5-15,30.6
19016,KBRV,15-30,26.7
19016,KBRV,30-60,31.2
19016,KBRV,60-120,49.6
19016,KBRV,120+,82.2
19016,KIM,0-5,42.9
19016,KIM,5-15,42.6
19016,KIM,15-30,38.8
19016,KIM,30-60,43.7
19016,KIM,60-120,69.1
19016,KIM,120+,108.4
19016,KSB,0-5,40.6
19016,KSB,5-15,40.4
19016,KSB,15-30,36.5
19016,KSB,30-60,41.4
19016,KSB,60-120,65.4
19016,KSB,120+,102.3
19016,LPJ,0-5,32.4
19016,LPJ,5-15,32.1
19016,LPJ,15-30,28.4
19016,LPJ,30-60,32.9
19016,LPJ,60-120,53.1
19016,LPJ,120+,86.5
19016,MAN,0-5,25.5
19016,MAN,5-15,25.3
19016,MAN,15-30,21.2
19016,MAN,30-60,25.8
19016,MAN,60-120,40.1
19016,MAN,120+,70.3
19016,MHD,0-5,35.0
19016,MHD,5-15,34.7
19016,MHD,15-30,31.0
19016,MHD,30-60,36.4
19016,MHD,60-120,57.4
19016,MHD,120+,91.4
19016,MRL,0-5,31.4
19016,MRL,5-15,31.1
19016,MRL,15-30,27.3
19016,MRL,30-60,32.3
19016,MRL,60-120,52.0
19016,MRL,120+,85.4
19016,MYG,0-5,40.1
19016,MYG,5-15,39.8
19016,MYG,15-30,35.9
19016,MYG,30-60,41.4
19016,MYG,60-120,65.9
19016,MYG,120+,102.8
19016,ND,0-5,26.9
19016,ND,5-15,26.7
19016,ND,15-30,22.8
19016,ND,30-60,27.4
19016,ND,60-120,43.0
19016,ND,120+,73.8
19016,NIU,0-5,52.2
19016,NIU,5-15,51.9
19016,NIU,15-30,48.5
19016,NIU,30-60,54.7
19016,NIU,60-120,82.8
19016,NIU,120+,125.2
19016,NVS,0-5,34.9
19016,NVS,5-15,34.7
19016,NVS,15-30,30.9
19016,NVS,30-60,36.3
19016,NVS,60-120,57.3
19016,NVS,120+,91.3
19016,PAD,0-5,31.7
19016,PAD,5-15,31.5
19016,PAD,15-30,27.7
19016,PAD,30-60,32.7
19016,PAD,60-120,52.8
19016,PAD,120+,86.3
19016,PAO,0-5,46.2
19016,PAO,5-15,45.9
19016,PAO,15-30,42.2
19016,PAO,30-60,47.6
19016,PAO,60-120,75.3
19016,PAO,120+,116.5
19016,PBR,0-5,24.7
19016,PBR,5-15,24.4
19016,PBR,15-30,17.9
19016,PBR,30-60,18.6
19016,PBR,60-120,25.7
19016,PBR,120+,37.9
19016,PLG,0-5,27.8
19016,PLG,5-15,27.5
19016,PLG,15-30,23.7
19016,PLG,30-60,28.5
19016,PLG,60-120,44.8
19016,PLG,120+,76.1
19016,PLJ,0-5,45.9
19016,PLJ,5-15,45.6
19016,PLJ,15-30,41.8
19016,PLJ,30-60,47.2
19016,PLJ,60-120,75.1
19016,PLJ,120+,116.3
19016,RJT,0-5,41.6
19016,RJT,5-15,41.3
19016,RJT,15-30,37.4
19016,RJT,30-60,42.8
19016,RJT,60-120,68.0
19016,RJT,120+,106.8
19016,RWO,0-5,11.0
19016,RWO,5-15,10.7
19016,RWO,15-30,6.7
19016,RWO,30-60,8.3
19016,RWO,60-120,18.7
19016,RWO,120+,33.1
19016,SAH,0-5,31.4
19016,SAH,5-15,31.1
19016,SAH,15-30,27.2
19016,SAH,30-60,32.3
19016,SAH,60-120,52.0
19016,SAH,120+,85.4
19016,SAU,0-5,33.2
19016,SAU,5-15,32.9
19016,SAU,15-30,29.2
19016,SAU,30-60,34.4
19016,SAU,60-120,54.7
19016,SAU,120+,89.2
19016,SBT,0-5,41.4
19016,SBT,5-15,41.1
19016,SBT,15-30,37.3
19016,SBT,30-60,42.7
19016,SBT,60-120,67.9
19016,SBT,120+,106.7
19016,SJN,0-5,31.4
19016,SJN,5-15,31.1
19016,SJN,15-30,27.2
19016,SJN,30-60,32.3
19016,SJN,60-120,52.0
19016,SJN,120+,85.4
19016,ST,0-5,27.3
19016,ST,5-15,27.1
19016,ST,15-30,23.2
19016,ST,30-60,28.0
19016,ST,60-120,44.0
19016,ST,120+,74.7
19016,SUNR,0-5,33.1
19016,SUNR,5-15,32.8
19016,SUNR,15-30,29.0
19016,SUNR,30-60,34.2
19016,SUNR,60-120,54.7
19016,SUNR,120+,89.8
19016,SYN,0-5,46.1
19016,SYN,5-15,45.8
19016,SYN,15-30,41.9
19016,SYN,30-60,47.3
19016,SYN,60-120,75.3
19016,SYN,120+,116.5
19016,THAN,0-5,41.4
19016,THAN,5-15,41.1
19016,THAN,15-30,37.3
19016,THAN,30-60,42.7
19016,THAN,60-120,67.9
19016,THAN,120+,106.7
19016,UBR,0-5,30.5
19016,UBR,5-15,30.2
19016,UBR,15-30,26.3
19016,UBR,30-60,31.4
19016,UBR,60-120,50.5
19016,UBR,120+,83.9
19016,UDN,0-5,30.7
19016,UDN,5-15,30.4
19016,UDN,15-30,26.6
19016,UDN,30-60,31.7
19016,UDN,60-120,50.9
19016,UDN,120+,84.3
19016,UVD,0-5,30.8
19016,UVD,5-15,30.5
19016,UVD,15-30,26.7
19016,UVD,30-60,31.8
19016,UVD,60-120,51.5
19016,UVD,120+,84.3
19016,VAPI,0-5,29.0
19016,VAPI,5-15,28.8
19016,VAPI,15-30,24.9
19016,VAPI,30-60,30.1
19016,VAPI,60-120,48.5
19016,VAPI,120+,79.6
19016,VDA,0-5,32.4
19016,VDA,5-15,32.2
19016,VDA,15-30,28.4
19016,VDA,30-60,33.8
19016,VDA,60-120,54.3
19016,VDA,120+,87.8
19016,VG,0-5,23.9
19016,VG,5-15,23.6
19016,VG,15-30,19.6
19016,VG,30-60,24.2
19016,VG,60-120,38.5
19016,VG,120+,65.8
19016,VR,0-5,32.4
19016,VR,5-15,32.1
19016,VR,15-30,28.4
19016,VR,30-60,33.7
19016,VR,60-120,53.9
19016,VR,120+,88.1
19016,VS,0-5,31.6
19016,VS,5-15,31.3
19016,VS,15-30,27.6
19016,VS,30-60,32.7
19016,VS,60-120,52.9
19016,VS,120+,86.4
19016,WKR,0-5,41.5
19016,WKR,5-15,41.2
19016,WKR,15-30,37.4
19016,WKR,30-60,42.9
19016,WKR,60-120,68.3
19016,WKR,120+,106.7
19016,WSJ,0-5,23.9
19016,WSJ,5-15,23.6
19016,WSJ,15-30,19.6
19016,WSJ,30-60,24.2
19016,WSJ,60-120,38.5
19016,WSJ,120+,65.8
19019,AKV,0-5,15.0
19019,AKV,5-15,15.0
19019,AKV,15-30,15.6
19019,AKV,30-60,21.4
19019,AKV,60-120,38.6
19019,AKV,120+,66.1
19019,ANAS,0-5,11.7
19019,ANAS,5-15,11.7
19019,ANAS,15-30,12.3
19019,ANAS,30-60,20.8
19019,ANAS,60-120,39.9
19019,ANAS,120+,74.1
19019,BDTS,0-5,1.4
19019,BDTS,5-15,1.5
19019,BDTS,15-30,1.8
19019,BDTS,30-60,7.9
19019,BDTS,60-120,22.1
19019,BDTS,120+,42.1
19019,BH,0-5,9.1
19019,BH,5-15,9.2
19019,BH,15-30,9.9
19019,BH,30-60,18.3
19019,BH,60-120,37.2
19019,BH,120+,69.5
19019,BILD,0-5,17.5
19019,BILD,5-15,17.5
19019,BILD,15-30,18.1
19019,BILD,30-60,27.0
19019,BILD,60-120,52.1
19019,BILD,120+,91.2
19019,BIM,0-5,17.2
19019,BIM,5-15,17.3
19019,BIM,15-30,17.9
19019,BIM,30-60,26.9
19019,BIM,60-120,52.1
19019,BIM,120+,91.2
19019,BIO,0-5,11.5
19019,BIO,5-15,11.5
19019,BIO,15-30,12.3
19019,BIO,30-60,20.4
19019,BIO,60-120,40.3
19019,BIO,120+,76.2
19019,BL,0-5,11.5
19019,BL,5-15,11.5
19019,BL,15-30,12.3
19019,BL,30-60,20.3
19019,BL,60-120,40.3
19019,BL,120+,76.3
19019,BMI,0-5,14.0
19019,BMI,5-15,14.1
19019,BMI,15-30,14.7
19019,BMI,30-60,22.4
19019,BMI,60-120,43.0
19019,BMI,120+,78.1
19019,BOD,0-5,11.1
19019,BOD,5-15,11.1
19019,BOD,15-30,11.9
19019,BOD,30-60,19.6
19019,BOD,60-120,38.0
19019,BOD,120+,73.0
19019,BOG,0-5,14.4
19019,BOG,5-15,14.4
19019,BOG,15-30,15.0
19019,BOG,30-60,22.8
19019,BOG,60-120,43.1
19019,BOG,120+,79.1
19019,BRC,0-5,7.1
19019,BRC,5-15,7.2
19019,BRC,15-30,7.9
19019,BRC,30-60,14.8
19019,BRC,60-120,31.3
19019,BRC,120+,56.3
19019,BSR,0-5,8.8
19019,BSR,5-15,8.8
19019,BSR,15-30,9.6
19019,BSR,30-60,16.7
19019,BSR,60-120,33.2
19019,BSR,120+,62.6
19019,BTE,0-5,11.5
19019,BTE,5-15,11.6
19019,BTE,15-30,12.4
19019,BTE,30-60,20.1
19019,BTE,60-120,39.4
19019,BTE,120+,74.2
19019,BVI,0-5,7.4
19019,BVI,5-15,7.5
19019,BVI,15-30,8.2
19019,BVI,30-60,15.1
19019,BVI,60-120,31.4
19019,BVI,120+,57.0
19019,BWM,0-5,11.3
19019,BWM,5-15,11.4
19019,BWM,15-30,12.1
19019,BWM,30-60,19.8
19019,BWM,60-120,38.9
19019,BWM,120+,73.8
19019,BXN,0-5,17.4
19019,BXN,5-15,17.5
19019,BXN,15-30,18.1
19019,BXN,30-60,26.3
19019,BXN,60-120,49.4
19019,BXN,120+,86.7
19019,CMU,0-5,12.0
19019,CMU,5-15,12.0
19019,CMU,15-30,12.8
19019,CMU,30-60,20.5
19019,CMU,60-120,40.6
19019,CMU,120+,75.5
19019,CPN,0-5,17.3
19019,CPN,5-15,17.3
19019,CPN,15-30,17.9
19019,CPN,30-60,26.1
19019,CPN,60-120,49.0
19019,CPN,120+,84.9
19019,DARA,0-5,12.2
19019,DARA,5-15,12.2
19019,DARA,15-30,13.0
19019,DARA,30-60,20.7
19019,DARA,60-120,40.4
19019,DARA,120+,75.8
19019,DHD,0-5,17.8
19019,DHD,5-15,17.8
19019,DHD,15-30,18.4
19019,DHD,30-60,26.6
19019,DHD,60-120,48.7
19019,DHD,120+,85.9
19019,DKNT,0-5,8.5
19019,DKNT,5-15,8.5
19019,DKNT,15-30,9.4
19019,DKNT,30-60,15.6
19019,DKNT,60-120,36.8
19019,DKNT,120+,62.2
19019,DRD,0-5,10.3
19019,DRD,5-15,10.3
19019,DRD,15-30,11.1
19019,DRD,30-60,19.1
19019,DRD,60-120,37.2
19019,DRD,120+,70.1
19019,DRL,0-5,11.0
19019,DRL,5-15,11.0
19019,DRL,15-30,11.8
19019,DRL,30-60,19.8
19019,DRL,60-120,37.5
19019,DRL,120+,71.7
19019,FDB,0-5,9.1
19019,FDB,5-15,9.2
19019,FDB,15-30,9.9
19019,FDB,30-60,17.2
19019,FDB,60-120,33.3
19019,FDB,120+,63.5
19019,FSP,0-5,17.7
19019,FSP,5-15,17.7
19019,FSP,15-30,18.4
19019,FSP,30-60,26.6
19019,FSP,60-120,50.0
19019,FSP,120+,87.2
19019,GDA,0-5,8.9
19019,GDA,5-15,8.9
19019,GDA,15-30,9.7
19019,GDA,30-60,17.0
19019,GDA,60-120,32.7
19019,GDA,120+,61.6
19019,GGC,0-5,17.0
19019,GGC,5-15,17.0
19019,GGC,15-30,17.7
19019,GGC,30-60,25.8
19019,GGC,60-120,48.3
19019,GGC,120+,85.0
19019,GOH,0-5,14.3
19019,GOH,5-15,14.4
19019,GOH,15-30,15.0
19019,GOH,30-60,22.9
19019,GOH,60-120,42.2
19019,GOH,120+,77.7
19019,GZB,0-5,19.4
19019,GZB,5-15,19.4
19019,GZB,15-30,20.1
19019,GZB,30-60,29.3
19019,GZB,60-120,55.8
19019,GZB,120+,92.1
19019,HAN,0-5,16.7
19019,HAN,5-15,16.7
19019,HAN,15-30,17.4
19019,HAN,30-60,25.6
19019,HAN,60-120,47.5
19019,HAN,120+,84.3
19019,HW,0-5,19.9
19019,HW,5-15,19.9
19019,HW,15-30,20.8
19019,HW,30-60,30.0
19019,HW,60-120,57.2
19019,HW,120+,94.1
19019,IDG,0-5,24.1
19019,IDG,5-15,24.2
19019,IDG,15-30,24.8
19019,IDG,30-60,33.9
19019,IDG,60-120,62.7
19019,IDG,120+,102.8
19019,JHW,0-5,11.7
19019,JHW,5-15,11.8
19019,JHW,15-30,12.6
19019,JHW,30-60,20.3
19019,JHW,60-120,39.0
19019,JHW,120+,73.9
19019,JWP,0-5,28.1
19019,JWP,5-15,28.1
19019,JWP,15-30,29.1
19019,JWP,30-60,38.3
19019,JWP,60-120,68.1
19019,JWP,120+,109.9
19019,KOTA,0-5,10.1
19019,KOTA,5-15,10.1
19019,KOTA,15-30,10.8
19019,KOTA,30-60,18.8
19019,KOTA,60-120,36.0
19019,KOTA,120+,68.1
19019,KPTN,0-5,20.5
19019,KPTN,5-15,20.5
19019,KPTN,15-30,21.1
19019,KPTN,30-60,30.4
19019,KPTN,60-120,57.9
19019,KPTN,120+,95.0
19019,KPZ,0-5,24.1
19019,KPZ,5-15,24.2
19019,KPZ,15-30,24.8
19019,KPZ,30-60,33.9
19019,KPZ,60-120,62.7
19019,KPZ,120+,102.8
19019,KRSA,0-5,16.3
19019,KRSA,5-15,16.3
19019,KRSA,15-30,16.9
19019,KRSA,30-60,25.1
19019,KRSA,60-120,46.6
19019,KRSA,120+,81.6
19019,KSB,0-5,9.6
19019,KSB,5-15,9.6
19019,KSB,15-30,10.4
19019,KSB,30-60,18.3
19019,KSB,60-120,35.1
19019,KSB,120+,65.9
19019,KSV,0-5,11.6
19019,KSV,5-15,11.6
19019,KSV,15-30,12.4
19019,KSV,30-60,20.0
19019,KSV,60-120,35.9
19019,KSV,120+,69.1
19019,KUH,0-5,11.3
19019,KUH,5-15,11.3
19019,KUH,15-30,12.0
19019,KUH,30-60,19.7
19019,KUH,60-120,38.0
19019,KUH,120+,72.9
19019,LKE,0-5,24.1
19019,LKE,5-15,24.2
19019,LKE,15-30,24.8
19019,LKE,30-60,33.9
19019,LKE,60-120,62.7
19019,LKE,120+,102.8
19019,LMK,0-5,14.0
19019,LMK,5-15,14.0
19019,LMK,15-30,14.6
19019,LMK,30-60,22.3
19019,LMK,60-120,41.7
19019,LMK,120+,76.5
19019,MAM,0-5,16.4
19019,MAM,5-15,16.4
19019,MAM,15-30,17.1
19019,MAM,30-60,25.3
19019,MAM,60-120,47.0
19019,MAM,120+,83.8
19019,MEP,0-5,11.3
19019,MEP,5-15,11.3
19019,MEP,15-30,12.0
19019,MEP,30-60,19.7
19019,MEP,60-120,38.0
19019,MEP,120+,72.9
19019,MGN,0-5,11.8
19019,MGN,5-15,11.8
19019,MGN,15-30,12.6
19019,MGN,30-60,20.2
19019,MGN,60-120,39.6
19019,MGN,120+,73.9
19019,MKX,0-5,10.1
19019,MKX,5-15,10.1
19019,MKX,15-30,10.9
19019,MKX,30-60,18.9
19019,MKX,60-120,35.8
19019,MKX,120+,68.3
19019,MLZ,0-5,19.7
19019,MLZ,5-15,19.7
19019,MLZ,15-30,20.4
19019,MLZ,30-60,29.6
19019,MLZ,60-120,56.5
19019,MLZ,120+,92.9
19019,MOZ,0-5,28.4
19019,MOZ,5-15,28.5
19019,MOZ,15-30,29.8
19019,MOZ,30-60,40.4
19019,MOZ,60-120,71.9
19019,MOZ,120+,115.6
19019,MRN,0-5,17.6
19019,MRN,5-15,17.7
19019,MRN,15-30,18.3
19019,MRN,30-60,26.5
19019,MRN,60-120,50.1
19019,MRN,120+,87.2
19019,MTC,0-5,28.6
19019,MTC,5-15,28.6
19019,MTC,15-30,29.6
19019,MTC,30-60,39.5
19019,MTC,60-120,71.0
19019,MTC,120+,113.5
19019,MTJ,0-5,5.8
19019,MTJ,5-15,5.8
19019,MTJ,15-30,6.5
19019,MTJ,30-60,12.7
19019,MTJ,60-120,24.4
19019,MTJ,120+,45.5
19019,MYG,0-5,8.8
19019,MYG,5-15,8.9
19019,MYG,15-30,9.6
19019,MYG,30-60,16.9
19019,MYG,60-120,32.4
19019,MYG,120+,61.1
19019,NAD,0-5,6.1
19019,NAD,5-15,6.1
19019,NAD,15-30,6.9
19019,NAD,30-60,13.2
19019,NAD,60-120,27.7
19019,NAD,120+,51.1
19019,NKOT,0-5,9.8
19019,NKOT,5-15,9.8
19019,NKOT,15-30,10.5
19019,NKOT,30-60,18.3
19019,NKOT,60-120,35.0
19019,NKOT,120+,64.9
19019,NNW,0-5,19.7
19019,NNW,5-15,19.8
19019,NNW,15-30,20.4
19019,NNW,30-60,29.6
19019,NNW,60-120,56.5
19019,NNW,120+,92.7
19019,NVS,0-5,17.8
19019,NVS,5-15,17.8
19019,NVS,15-30,18.4
19019,NVS,30-60,26.6
19019,NVS,60-120,49.5
19019,NVS,120+,86.0
19019,NZM,0-5,14.3
19019,NZM,5-15,14.4
19019,NZM,15-30,15.0
19019,NZM,30-60,22.8
19019,NZM,60-120,42.5
19019,NZM,120+,77.3
19019,PCN,0-5,11.8
19019,PCN,5-15,11.8
19019,PCN,15-30,12.6
19019,PCN,30-60,20.3
19019,PCN,60-120,39.0
19019,PCN,120+,73.7
19019,PLG,0-5,9.2
19019,PLG,5-15,9.2
19019,PLG,15-30,10.0
19019,PLG,30-60,17.3
19019,PLG,60-120,33.6
19019,PLG,120+,63.6
19019,PPD,0-5,11.3
19019,PPD,5-15,11.3
19019,PPD,15-30,12.1
19019,PPD,30-60,19.9
19019,PPD,60-120,38.2
19019,PPD,120+,72.9
19019,RK,0-5,20.4
19019,RK,5-15,20.4
19019,RK,15-30,21.3
19019,RK,30-60,30.6
19019,RK,60-120,58.1
19019,RK,120+,95.1
19019,RMA,0-5,8.8
19019,RMA,5-15,8.9
19019,RMA,15-30,9.6
19019,RMA,30-60,16.9
19019,RMA,60-120,32.4
19019,RMA,120+,61.1
19019,RNH,0-5,10.8
19019,RNH,5-15,10.8
19019,RNH,15-30,11.5
19019,RNH,30-60,19.4
19019,RNH,60-120,36.5
19019,RNH,120+,70.1
19019,RTM,0-5,8.8
19019,RTM,5-15,8.8
19019,RTM,15-30,9.5
19019,RTM,30-60,17.0
19019,RTM,60-120,33.3
19019,RTM,120+,62.9
19019,SAT,0-5,10.7
19019,SAT,5-15,10.7
19019,SAT,15-30,11.5
19019,SAT,30-60,19.7
19019,SAT,60-120,36.8
19019,SAT,120+,70.4
19019,SGZ,0-5,14.6
19019,SGZ,5-15,14.6
19019,SGZ,15-30,15.2
19019,SGZ,30-60,23.3
19019,SGZ,60-120,43.2
19019,SGZ,120+,78.6
19019,SMLA,0-5,11.1
19019,SMLA,5-15,11.1
19019,SMLA,15-30,11.9
19019,SMLA,30-60,19.7
19019,SMLA,60-120,37.8
19019,SMLA,120+,72.6
19019,SMVJ,0-5,17.7
19019,SMVJ,5-15,17.8
19019,SMVJ,15-30,18.4
19019,SMVJ,30-60,26.7
19019,SMVJ,60-120,52.0
19019,SMVJ,120+,88.1
19019,ST,0-5,7.4
19019,ST,5-15,7.4
19019,ST,15-30,8.1
19019,ST,30-60,15.1
19019,ST,60-120,30.6
19019,ST,120+,56.0
19019,SVA,0-5,14.5
19019,SVA,5-15,14.6
19019,SVA,15-30,15.2
19019,SVA,30-60,23.2
19019,SVA,60-120,43.1
19019,SVA,120+,78.6
19019,SWM,0-5,17.2
19019,SWM,5-15,17.2
19019,SWM,15-30,17.9
19019,SWM,30-60,26.1
19019,SWM,60-120,50.4
19019,SWM,120+,87.0
19019,THDR,0-5,11.8
19019,THDR,5-15,11.9
19019,THDR,15-30,12.7
19019,THDR,30-60,20.5
19019,THDR,60-120,39.7
19019,THDR,120+,74.5
19019,TPZ,0-5,22.1
19019,TPZ,5-15,22.1
19019,TPZ,15-30,22.7
19019,TPZ,30-60,32.0
19019,TPZ,60-120,60.3
19019,TPZ,120+,98.6
19019,VAPI,0-5,17.3
19019,VAPI,5-15,17.4
19019,VAPI,15-30,18.0
19019,VAPI,30-60,26.3
19019,VAPI,60-120,51.5
19019,VAPI,120+,87.6
19019,VMA,0-5,9.7
19019,VMA,5-15,9.7
19019,VMA,15-30,10.4
19019,VMA,30-60,18.6
19019,VMA,60-120,35.4
19019,VMA,120+,67.3
19020,AKV,0-5,32.0
19020,AKV,5-15,32.0
19020,AKV,15-30,33.0
19020,AKV,30-60,38.8
19020,AKV,60-120,67.6
19020,AKV,120+,98.1
19020,ANAS,0-5,21.0
19020,ANAS,5-15,21.1
19020,ANAS,15-30,22.2
19020,ANAS,30-60,32.1
19020,ANAS,60-120,63.8
19020,ANAS,120+,101.6
19020,BDTS,0-5,9.1
19020,BDTS,5-15,9.2
19020,BDTS,15-30,9.9
19020,BDTS,30-60,18.0
19020,BDTS,60-120,36.7
19020,BDTS,120+,68.7
19020,BH,0-5,19.6
19020,BH,5-15,19.7
19020,BH,15-30,20.4
19020,BH,30-60,30.9
19020,BH,60-120,62.8
19020,BH,120+,103.1
19020,BIM,0-5,16.4
19020,BIM,5-15,16.4
19020,BIM,15-30,17.4
19020,BIM,30-60,27.8
19020,BIM,60-120,57.8
19020,BIM,120+,96.2
19020,BIO,0-5,18.8
19020,BIO,5-15,18.8
19020,BIO,15-30,19.8
19020,BIO,30-60,30.2
19020,BIO,60-120,61.6
19020,BIO,120+,101.8
19020,BL,0-5,15.1
19020,BL,5-15,15.2
19020,BL,15-30,16.1
19020,BL,30-60,25.7
19020,BL,60-120,53.8
19020,BL,120+,92.2
19020,BMI,0-5,19.1
19020,BMI,5-15,19.1
19020,BMI,15-30,19.9
19020,BMI,30-60,29.7
19020,BMI,60-120,59.9
19020,BMI,120+,99.5
19020,BOD,0-5,15.4
19020,BOD,5-15,15.4
19020,BOD,15-30,16.3
19020,BOD,30-60,25.6
19020,BOD,60-120,53.1
19020,BOD,120+,91.3
19020,BOG,0-5,16.4
19020,BOG,5-15,16.4
19020,BOG,15-30,17.4
19020,BOG,30-60,27.0
19020,BOG,60-120,55.1
19020,BOG,120+,93.5
19020,BRC,0-5,21.4
19020,BRC,5-15,21.5
19020,BRC,15-30,22.3
19020,BRC,30-60,31.8
19020,BRC,60-120,62.3
19020,BRC,120+,103.0
19020,BTE,0-5,25.5
19020,BTE,5-15,25.5
19020,BTE,15-30,26.7
19020,BTE,30-60,36.4
19020,BTE,60-120,69.0
19020,BTE,120+,111.2
19020,BVI,0-5,21.4
19020,BVI,5-15,21.4
19020,BVI,15-30,22.2
19020,BVI,30-60,31.8
19020,BVI,60-120,61.8
19020,BVI,120+,102.4
19020,BWM,0-5,29.3
19020,BWM,5-15,29.3
19020,BWM,15-30,30.6
19020,BWM,30-60,41.3
19020,BWM,60-120,74.6
19020,BWM,120+,122.9
19020,BXN,0-5,27.4
19020,BXN,5-15,27.4
19020,BXN,15-30,28.6
19020,BXN,30-60,38.7
19020,BXN,60-120,71.4
19020,BXN,120+,117.8
19020,CMU,0-5,29.7
19020,CMU,5-15,29.7
19020,CMU,15-30,31.0
19020,CMU,30-60,41.8
19020,CMU,60-120,74.5
19020,CMU,120+,123.0
19020,CPN,0-5,29.1
19020,CPN,5-15,29.1
19020,CPN,15-30,30.4
19020,CPN,30-60,40.8
19020,CPN,60-120,72.8
19020,CPN,120+,118.4
19020,CYI,0-5,36.1
19020,CYI,5-15,36.1
19020,CYI,15-30,37.8
19020,CYI,30-60,47.6
19020,CYI,60-120,84.7
19020,CYI,120+,129.8
19020,DARA,0-5,31.2
19020,DARA,5-15,31.2
19020,DARA,15-30,32.5
19020,DARA,30-60,43.4
19020,DARA,60-120,76.1
19020,DARA,120+,125.1
19020,DHD,0-5,22.9
19020,DHD,5-15,23.0
19020,DHD,15-30,23.7
19020,DHD,30-60,33.2
19020,DHD,60-120,63.0
19020,DHD,120+,103.7
19020,DKNT,0-5,19.6
19020,DKNT,5-15,19.6
19020,DKNT,15-30,20.7
19020,DKNT,30-60,30.6
19020,DKNT,60-120,61.2
19020,DKNT,120+,103.8
19020,DRL,0-5,18.7
19020,DRL,5-15,18.7
19020,DRL,15-30,19.7
19020,DRL,30-60,29.2
19020,DRL,60-120,57.4
19020,DRL,120+,95.9
19020,FDB,0-5,32.3
19020,FDB,5-15,32.3
19020,FDB,15-30,33.6
19020,FDB,30-60,44.4
19020,FDB,60-120,78.2
19020,FDB,120+,127.3
19020,FSP,0-5,28.5
19020,FSP,5-15,28.5
19020,FSP,15-30,29.7
19020,FSP,30-60,40.4
19020,FSP,60-120,73.6
19020,FSP,120+,121.0
19020,GDA,0-5,15.0
19020,GDA,5-15,15.0
19020,GDA,15-30,15.9
19020,GDA,30-60,25.2
19020,GDA,60-120,51.6
19020,GDA,120+,87.7
19020,GGC,0-5,30.3
19020,GGC,5-15,30.3
19020,GGC,15-30,31.6
19020,GGC,30-60,42.5
19020,GGC,60-120,75.6
19020,GGC,120+,124.0
19020,GOH,0-5,30.2
19020,GOH,5-15,30.3
19020,GOH,15-30,31.6
19020,GOH,30-60,42.4
19020,GOH,60-120,75.5
19020,GOH,120+,123.9
19020,GZB,0-5,14.5
19020,GZB,5-15,14.5
19020,GZB,15-30,15.3
19020,GZB,30-60,23.9
19020,GZB,60-120,49.1
19020,GZB,120+,84.7
19020,HAN,0-5,27.4
19020,HAN,5-15,27.5
19020,HAN,15-30,28.7
19020,HAN,30-60,38.9
19020,HAN,60-120,71.8
19020,HAN,120+,118.3
19020,HW,0-5,2.8
19020,HW,5-15,2.9
19020,HW,15-30,3.6
19020,HW,30-60,8.6
19020,HW,60-120,21.5
19020,HW,120+,38.9
19020,IDG,0-5,28.7
19020,IDG,5-15,28.7
19020,IDG,15-30,29.9
19020,IDG,30-60,40.6
19020,IDG,60-120,73.3
19020,IDG,120+,120.2
19020,JHW,0-5,27.9
19020,JHW,5-15,27.9
19020,JHW,15-30,29.1
19020,JHW,30-60,39.4
19020,JHW,60-120,72.6
19020,JHW,120+,119.2
19020,JWP,0-5,6.8
19020,JWP,5-15,6.8
19020,JWP,15-30,7.3
19020,JWP,30-60,14.2
19020,JWP,60-120,30.7
19020,JWP,120+,58.7
19020,KOTA,0-5,26.2
19020,KOTA,5-15,26.2
19020,KOTA,15-30,27.4
19020,KOTA,30-60,37.5
19020,KOTA,60-120,70.0
19020,KOTA,120+,112.7
19020,KPTN,0-5,31.1
19020,KPTN,5-15,31.1
19020,KPTN,15-30,32.4
19020,KPTN,30-60,43.3
19020,KPTN,60-120,76.3
19020,KPTN,120+,124.3
19020,KPZ,0-5,28.6
19020,KPZ,5-15,28.7
19020,KPZ,15-30,29.9
19020,KPZ,30-60,40.7
19020,KPZ,60-120,73.5
19020,KPZ,120+,120.4
19020,KRSA,0-5,26.2
19020,KRSA,5-15,26.3
19020,KRSA,15-30,27.3
19020,KRSA,30-60,36.8
19020,KRSA,60-120,68.2
19020,KRSA,120+,109.3
19020,KSB,0-5,22.2
19020,KSB,5-15,22.2
19020,KSB,15-30,23.2
19020,KSB,30-60,32.9
19020,KSB,60-120,63.5
19020,KSB,120+,104.2
19020,KSV,0-5,25.8
19020,KSV,5-15,25.8
19020,KSV,15-30,27.0
19020,KSV,30-60,37.0
19020,KSV,60-120,68.4
19020,KSV,120+,110.4
19020,KUH,0-5,20.3
19020,KUH,5-15,20.3
19020,KUH,15-30,21.3
19020,KUH,30-60,30.9
19020,KUH,60-120,60.5
19020,KUH,120+,100.3
19020,LKE,0-5,27.9
19020,LKE,5-15,27.9
19020,LKE,15-30,29.1
19020,LKE,30-60,39.5
19020,LKE,60-120,72.4
19020,LKE,120+,118.6
19020,LMK,0-5,20.8
19020,LMK,5-15,20.8
19020,LMK,15-30,21.8
19020,LMK,30-60,31.5
19020,LMK,60-120,61.3
19020,LMK,120+,101.5
19020,MEP,0-5,25.1
19020,MEP,5-15,25.2
19020,MEP,15-30,26.4
19020,MEP,30-60,36.1
19020,MEP,60-120,68.3
19020,MEP,120+,110.2
19020,MGN,0-5,17.8
19020,MGN,5-15,17.8
19020,MGN,15-30,18.6
19020,MGN,30-60,28.1
19020,MGN,60-120,56.1
19020,MGN,120+,93.4
19020,MKX,0-5,27.5
19020,MKX,5-15,27.5
19020,MKX,15-30,28.7
19020,MKX,30-60,39.7
19020,MKX,60-120,72.9
19020,MKX,120+,119.3
19020,MLZ,0-5,30.8
19020,MLZ,5-15,30.8
19020,MLZ,15-30,32.1
19020,MLZ,30-60,43.1
19020,MLZ,60-120,76.1
19020,MLZ,120+,124.4
19020,MOZ,0-5,7.5
19020,MOZ,5-15,7.6
19020,MOZ,15-30,8.1
19020,MOZ,30-60,15.4
19020,MOZ,60-120,31.9
19020,MOZ,120+,62.6
19020,MTC,0-5,7.7
19020,MTC,5-15,7.8
19020,MTC,15-30,8.3
19020,MTC,30-60,15.6
19020,MTC,60-120,32.4
19020,MTC,120+,62.9
19020,MTJ,0-5,25.5
19020,MTJ,5-15,25.6
19020,MTJ,15-30,26.7
19020,MTJ,30-60,36.6
19020,MTJ,60-120,68.2
19020,MTJ,120+,110.1
19020,MYG,0-5,21.2
19020,MYG,5-15,21.2
19020,MYG,15-30,22.2
19020,MYG,30-60,31.8
19020,MYG,60-120,62.6
19020,MYG,120+,102.9
19020,NAD,0-5,15.2
19020,NAD,5-15,15.2
19020,NAD,15-30,16.1
19020,NAD,30-60,25.7
19020,NAD,60-120,53.0
19020,NAD,120+,90.2
19020,NKOT,0-5,32.0
19020,NKOT,5-15,32.0
19020,NKOT,15-30,33.3
19020,NKOT,30-60,44.6
19020,NKOT,60-120,78.1
19020,NKOT,120+,126.0
19020,NNW,0-5,31.0
19020,NNW,5-15,31.0
19020,NNW,15-30,32.2
19020,NNW,30-60,43.2
19020,NNW,60-120,76.8
19020,NNW,120+,124.9
19020,NVS,0-5,14.7
19020,NVS,5-15,14.7
19020,NVS,15-30,15.6
19020,NVS,30-60,24.9
19020,NVS,60-120,51.9
19020,NVS,120+,87.6
19020,NZM,0-5,24.7
19020,NZM,5-15,24.7
19020,NZM,15-30,25.5
19020,NZM,30-60,35.0
19020,NZM,60-120,67.5
19020,NZM,120+,109.2
19020,PCN,0-5,20.7
19020,PCN,5-15,20.7
19020,PCN,15-30,21.7
19020,PCN,30-60,31.3
19020,PCN,60-120,61.7
19020,PCN,120+,101.9
19020,PLG,0-5,21.2
19020,PLG,5-15,21.2
19020,PLG,15-30,22.2
19020,PLG,30-60,31.8
19020,PLG,60-120,62.5
19020,PLG,120+,102.7
19020,PPD,0-5,18.3
19020,PPD,5-15,18.4
19020,PPD,15-30,19.3
19020,PPD,30-60,29.0
19020,PPD,60-120,58.1
19020,PPD,120+,96.5
19020,RK,0-5,4.8
19020,RK,5-15,4.8
19020,RK,15-30,5.3
19020,RK,30-60,11.2
19020,RK,60-120,26.7
19020,RK,120+,51.2
19020,RMA,0-5,25.8
19020,RMA,5-15,25.8
19020,RMA,15-30,27.0
19020,RMA,30-60,37.3
19020,RMA,60-120,70.1
19020,RMA,120+,112.9
19020,RNH,0-5,14.8
19020,RNH,5-15,14.8
19020,RNH,15-30,15.7
19020,RNH,30-60,25.0
19020,RNH,60-120,51.2
19020,RNH,120+,87.2
19020,RTM,0-5,14.3
19020,RTM,5-15,14.3
19020,RTM,15-30,15.1
19020,RTM,30-60,23.8
19020,RTM,60-120,49.5
19020,RTM,120+,85.0
19020,SAT,0-5,18.7
19020,SAT,5-15,18.8
19020,SAT,15-30,19.7
19020,SAT,30-60,29.3
19020,SAT,60-120,58.2
19020,SAT,120+,96.5
19020,SGZ,0-5,31.0
19020,SGZ,5-15,31.0
19020,SGZ,15-30,32.2
19020,SGZ,30-60,43.2
19020,SGZ,60-120,76.2
19020,SGZ,120+,125.1
19020,SMLA,0-5,20.8
19020,SMLA,5-15,20.8
19020,SMLA,15-30,21.8
19020,SMLA,30-60,31.4
19020,SMLA,60-120,61.1
19020,SMLA,120+,101.1
19020,SMVJ,0-5,27.7
19020,SMVJ,5-15,27.7
19020,SMVJ,15-30,28.9
19020,SMVJ,30-60,39.2
19020,SMVJ,60-120,71.9
19020,SMVJ,120+,118.2
19020,ST,0-5,13.6
19020,ST,5-15,13.7
19020,ST,15-30,14.5
19020,ST,30-60,22.9
19020,ST,60-120,47.0
19020,ST,120+,82.7
19020,SVA,0-5,32.2
19020,SVA,5-15,32.3
19020,SVA,15-30,33.5
19020,SVA,30-60,44.5
19020,SVA,60-120,78.0
19020,SVA,120+,126.4
19020,SWM,0-5,26.9
19020,SWM,5-15,26.9
19020,SWM,15-30,28.1
19020,SWM,30-60,38.3
19020,SWM,60-120,70.6
19020,SWM,120+,116.2
19020,THDR,0-5,20.8
19020,THDR,5-15,20.8
19020,THDR,15-30,21.8
19020,THDR,30-60,31.4
19020,THDR,60-120,60.9
19020,THDR,120+,100.8
19020,TPZ,0-5,4.4
19020,TPZ,5-15,4.4
19020,TPZ,15-30,4.8
19020,TPZ,30-60,10.8
19020,TPZ,60-120,25.9
19020,TPZ,120+,49.0
19020,VAPI,0-5,15.0
19020,VAPI,5-15,15.0
19020,VAPI,15-30,15.8
19020,VAPI,30-60,25.1
19020,VAPI,60-120,51.1
19020,VAPI,120+,87.3
19020,VMA,0-5,27.6
19020,VMA,5-15,27.7
19020,VMA,15-30,28.8
19020,VMA,30-60,39.2
19020,VMA,60-120,72.0
19020,VMA,120+,118.4
19020,VR,0-5,22.2
19020,VR,5-15,22.2
19020,VR,15-30,23.2
19020,VR,30-60,32.8
19020,VR,60-120,63.0
19020,VR,120+,103.5
20901,ADI,0-5,14.5
20901,ADI,5-15,14.5
20901,ADI,15-30,15.1
20901,ADI,30-60,21.3
20901,ADI,60-120,41.8
20901,ADI,120+,67.9
20901,ANND,0-5,11.7
20901,ANND,5-15,11.7
20901,ANND,15-30,12.2
20901,ANND,30-60,19.8
20901,ANND,60-120,42.6
20901,ANND,120+,71.8
20901,BL,0-5,5.4
20901,BL,5-15,5.4
20901,BL,15-30,6.1
20901,BL,30-60,9.9
20901,BL,60-120,27.7
20901,BL,120+,51.3
20901,BRC,0-5,10.7
20901,BRC,5-15,10.7
20901,BRC,15-30,11.4
20901,BRC,30-60,18.5
20901,BRC,60-120,40.5
20901,BRC,120+,70.2
20901,BVI,0-5,7.7
20901,BVI,5-15,7.7
20901,BVI,15-30,8.3
20901,BVI,30-60,13.8
20901,BVI,60-120,33.9
20901,BVI,120+,61.4
20901,GNC,0-5,7.1
20901,GNC,5-15,7.1
20901,GNC,15-30,7.8
20901,GNC,30-60,12.8
20901,GNC,60-120,32.9
20901,GNC,120+,60.7
20901,MMCT,0-5,3.2
20901,MMCT,5-15,3.2
20901,MMCT,15-30,3.6
20901,MMCT,30-60,6.9
20901,MMCT,60-120,20.2
20901,MMCT,120+,42.0
20901,NVS,0-5,7.3
20901,NVS,5-15,7.4
20901,NVS,15-30,8.0
20901,NVS,30-60,12.7
20901,NVS,60-120,32.6
20901,NVS,120+,60.3
20901,ST,0-5,7.9
20901,ST,5-15,7.9
20901,ST,15-30,8.6
20901,ST,30-60,13.4
20901,ST,60-120,33.1
20901,ST,120+,60.6
20901,VAPI,0-5,5.5
20901,VAPI,5-15,5.6
20901,VAPI,15-30,6.2
20901,VAPI,30-60,9.5
20901,VAPI,60-120,26.5
20901,VAPI,120+,49.5
20901,VTA,0-5,2.8
20901,VTA,5-15,2.8
20901,VTA,15-30,3.5
20901,VTA,30-60,8.1
20901,VTA,60-120,24.0
20901,VTA,120+,50.6
20902,ADI,0-5,4.7
20902,ADI,5-15,4.7
20902,ADI,15-30,5.1
20902,ADI,30-60,9.8
20902,ADI,60-120,24.0
20902,ADI,120+,44.5
20902,ANND,0-5,11.5
20902,ANND,5-15,11.5
20902,ANND,15-30,12.1
20902,ANND,30-60,19.8
20902,ANND,60-120,43.3
20902,ANND,120+,74.1
20902,BL,0-5,16.2
20902,BL,5-15,16.2
20902,BL,15-30,17.0
20902,BL,30-60,27.3
20902,BL,60-120,53.8
20902,BL,120+,93.1
20902,BRC,0-5,14.4
20902,BRC,5-15,14.4
20902,BRC,15-30,15.2
20902,BRC,30-60,25.0
20902,BRC,60-120,50.0
20902,BRC,120+,86.4
20902,BVI,0-5,23.2
20902,BVI,5-15,23.2
20902,BVI,15-30,24.3
20902,BVI,30-60,35.1
20902,BVI,60-120,68.7
20902,BVI,120+,112.3
20902,GNC,0-5,2.5
20902,GNC,5-15,2.5
20902,GNC,15-30,3.0
20902,GNC,30-60,7.7
20902,GNC,60-120,22.0
20902,GNC,120+,43.1
20902,MMCT,0-5,6.4
20902,MMCT,5-15,6.4
20902,MMCT,15-30,7.2
20902,MMCT,30-60,12.8
20902,MMCT,60-120,33.8
20902,MMCT,120+,61.5
20902,NVS,0-5,18.3
20902,NVS,5-15,18.3
20902,NVS,15-30,19.4
20902,NVS,30-60,29.3
20902,NVS,60-120,56.4
20902,NVS,120+,99.1
20902,ST,0-5,17.0
20902,ST,5-15,17.0
20902,ST,15-30,17.8
20902,ST,30-60,27.8
20902,ST,60-120,53.6
20902,ST,120+,95.0
20902,VAPI,0-5,12.5
20902,VAPI,5-15,12.5
20902,VAPI,15-30,13.3
20902,VAPI,30-60,21.4
20902,VAPI,60-120,45.3
20902,VAPI,120+,81.6
20902,VTA,0-5,9.5
20902,VTA,5-15,9.6
20902,VTA,15-30,10.5
20902,VTA,30-60,16.8
20902,VTA,60-120,43.0
20902,VTA,120+,80.9
22435,BSB,0-5,3.7
22435,BSB,5-15,3.7
22435,BSB,15-30,5.1
22435,BSB,30-60,11.2
22435,BSB,60-120,26.1
22435,BSB,120+,54.0
22435,CNB,0-5,22.3
22435,CNB,5-15,22.3
22435,CNB,15-30,21.4
22435,CNB,30-60,28.8
22435,CNB,60-120,51.8
22435,CNB,120+,90.3
22435,NDLS,0-5,27.0
22435,NDLS,5-15,27.0
22435,NDLS,15-30,25.4
22435,NDLS,30-60,36.9
22435,NDLS,60-120,61.3
22435,NDLS,120+,111.0
22435,PRYJ,0-5,18.0
22435,PRYJ,5-15,18.0
22435,PRYJ,15-30,16.4
22435,PRYJ,30-60,22.7
22435,PRYJ,60-120,44.5
22435,PRYJ,120+,80.0
22436,BSB,0-5,4.5
22436,BSB,5-15,4.5
22436,BSB,15-30,5.9
22436,BSB,30-60,12.1
22436,BSB,60-120,30.2
22436,BSB,120+,61.3
22436,CNB,0-5,20.6
22436,CNB,5-15,20.7
22436,CNB,15-30,19.7
22436,CNB,30-60,26.9
22436,CNB,60-120,50.0
22436,CNB,120+,85.8
22436,NDLS,0-5,14.5
22436,NDLS,5-15,14.5
22436,NDLS,15-30,12.7
22436,NDLS,30-60,18.7
22436,NDLS,60-120,33.3
22436,NDLS,120+,62.0
22436,PRYJ,0-5,17.8
22436,PRYJ,5-15,17.8
22436,PRYJ,15-30,16.2
22436,PRYJ,30-60,22.0
22436,PRYJ,60-120,43.8
22436,PRYJ,120+,79.3
22439,JAT,0-5,16.0
22439,JAT,5-15,16.1
22439,JAT,15-30,17.7
22439,JAT,30-60,25.5
22439,JAT,60-120,49.4
22439,JAT,120+,82.5
22439,JRC,0-5,23.7
22439,JRC,5-15,23.8
22439,JRC,15-30,22.8
22439,JRC,30-60,33.4
22439,JRC,60-120,57.2
22439,JRC,120+,96.6
22439,LDH,0-5,20.0
22439,LDH,5-15,20.1
22439,LDH,15-30,18.3
22439,LDH,30-60,25.2
22439,LDH,60-120,44.9
22439,LDH,120+,77.3
22439,NDLS,0-5,14.2
22439,NDLS,5-15,14.3
22439,NDLS,15-30,12.4
22439,NDLS,30-60,18.5
22439,NDLS,60-120,33.4
22439,NDLS,120+,59.1
22439,PTKC,0-5,16.1
22439,PTKC,5-15,16.1
22439,PTKC,15-30,17.1
22439,PTKC,30-60,28.6
22439,PTKC,60-120,55.6
22439,PTKC,120+,102.1
22439,SVDK,0-5,6.9
22439,SVDK,5-15,6.9
22439,SVDK,15-30,7.8
22439,SVDK,30-60,15.3
22439,SVDK,60-120,36.5
22439,SVDK,120+,69.3
22439,UMB,0-5,17.8
22439,UMB,5-15,17.8
22439,UMB,15-30,16.0
22439,UMB,30-60,21.0
22439,UMB,60-120,37.3
22439,UMB,120+,66.3
22440,JAT,0-5,23.2
22440,JAT,5-15,23.2
22440,JAT,15-30,24.5
22440,JAT,30-60,30.9
22440,JAT,60-120,56.3
22440,JAT,120+,95.5
22440,JRC,0-5,27.6
22440,JRC,5-15,27.6
22440,JRC,15-30,29.0
22440,JRC,30-60,37.9
22440,JRC,60-120,70.6
22440,JRC,120+,115.2
22440,LDH,0-5,28.0
22440,LDH,5-15,28.0
22440,LDH,15-30,28.7
22440,LDH,30-60,36.0
22440,LDH,60-120,70.0
22440,LDH,120+,116.3
22440,NDLS,0-5,22.3
22440,NDLS,5-15,22.3
22440,NDLS,15-30,23.2
22440,NDLS,30-60,32.8
22440,NDLS,60-120,63.2
22440,NDLS,120+,108.2
22440,PTKC,0-5,20.6
22440,PTKC,5-15,20.6
22440,PTKC,15-30,21.4
22440,PTKC,30-60,31.2
22440,PTKC,60-120,59.5
22440,PTKC,120+,105.1
22440,SVDK,0-5,4.4
22440,SVDK,5-15,4.4
22440,SVDK,15-30,4.9
22440,SVDK,30-60,9.1
22440,SVDK,60-120,26.7
22440,SVDK,120+,52.2
22440,UMB,0-5,20.5
22440,UMB,5-15,20.6
22440,UMB,15-30,21.2
22440,UMB,30-60,28.1
22440,UMB,60-120,55.0
22440,UMB,120+,97.0
22691,AGC,0-5,26.8
22691,AGC,5-15,26.8
22691,AGC,15-30,27.4
22691,AGC,30-60,32.2
22691,AGC,60-120,59.1
22691,AGC,120+,90.3
22691,BPL,0-5,14.5
22691,BPL,5-15,14.5
22691,BPL,15-30,14.9
22691,BPL,30-60,23.1
22691,BPL,60-120,46.0
22691,BPL,120+,83.6
22691,BPQ,0-5,14.8
22691,BPQ,5-15,14.8
22691,BPQ,15-30,15.3
22691,BPQ,30-60,23.5
22691,BPQ,60-120,47.8
22691,BPQ,120+,85.8
22691,ET,0-5,16.4
22691,ET,5-15,16.4
22691,ET,15-30,17.1
22691,ET,30-60,25.6
22691,ET,60-120,50.3
22691,ET,120+,90.3
22691,GTL,0-5,15.1
22691,GTL,5-15,15.1
22691,GTL,15-30,15.6
22691,GTL,30-60,24.0
22691,GTL,60-120,45.9
22691,GTL,120+,83.6
22691,GWL,0-5,25.8
22691,GWL,5-15,25.9
22691,GWL,15-30,26.6
22691,GWL,30-60,35.7
22691,GWL,60-120,69.6
22691,GWL,120+,117.0
22691,KZJ,0-5,20.8
22691,KZJ,5-15,20.8
22691,KZJ,15-30,21.5
22691,KZJ,30-60,29.9
22691,KZJ,60-120,58.6
22691,KZJ,120+,101.5
22691,NGP,0-5,24.2
22691,NGP,5-15,24.2
22691,NGP,15-30,24.7
22691,NGP,30-60,33.2
22691,NGP,60-120,64.8
22691,NGP,120+,108.6
22691,NZM,0-5,26.2
22691,NZM,5-15,26.2
22691,NZM,15-30,26.9
22691,NZM,30-60,35.4
22691,NZM,60-120,69.6
22691,NZM,120+,116.5
22691,RC,0-5,6.5
22691,RC,5-15,6.6
22691,RC,15-30,7.0
22691,RC,30-60,11.5
22691,RC,60-120,27.7
22691,RC,120+,49.8
22691,SBC,0-5,3.2
22691,SBC,5-15,3.2
22691,SBC,15-30,3.5
22691,SBC,30-60,7.4
22691,SBC,60-120,24.8
22691,SBC,120+,45.3
22691,SC,0-5,10.8
22691,SC,5-15,10.8
22691,SC,15-30,11.3
22691,SC,30-60,17.2
22691,SC,60-120,37.1
22691,SC,120+,68.9
22691,SEM,0-5,18.6
22691,SEM,5-15,18.7
22691,SEM,15-30,19.3
22691,SEM,30-60,27.2
22691,SEM,60-120,54.8
22691,SEM,120+,94.7
22691,SSPN,0-5,15.6
22691,SSPN,5-15,15.7
22691,SSPN,15-30,16.1
22691,SSPN,30-60,23.4
22691,SSPN,60-120,44.7
22691,SSPN,120+,81.8
22691,VGLJ,0-5,18.9
22691,VGLJ,5-15,18.9
22691,VGLJ,15-30,19.6
22691,VGLJ,30-60,27.4
22691,VGLJ,60-120,55.0
22691,VGLJ,120+,95.0
22691,YG,0-5,12.1
22691,YG,5-15,12.1
22691,YG,15-30,12.6
22691,YG,30-60,19.4
22691,YG,60-120,40.1
22691,YG,120+,74.5
22692,AGC,0-5,22.1
22692,AGC,5-15,22.2
22692,AGC,15-30,21.9
22692,AGC,30-60,25.3
22692,AGC,60-120,40.1
22692,AGC,120+,62.1
22692,BPL,0-5,8.6
22692,BPL,5-15,8.6
22692,BPL,15-30,8.2
22692,BPL,30-60,12.9
22692,BPL,60-120,30.0
22692,BPL,120+,58.0
22692,BPQ,0-5,18.0
22692,BPQ,5-15,18.0
22692,BPQ,15-30,17.9
22692,BPQ,30-60,24.1
22692,BPQ,60-120,48.0
22692,BPQ,120+,86.5
22692,ET,0-5,8.3
22692,ET,5-15,8.4
22692,ET,15-30,8.1
22692,ET,30-60,11.9
22692,ET,60-120,29.4
22692,ET,120+,56.0
22692,GTL,0-5,49.0
22692,GTL,5-15,49.0
22692,GTL,15-30,49.6
22692,GTL,30-60,59.2
22692,GTL,60-120,96.0
22692,GTL,120+,151.7
22692,GWL,0-5,9.4
22692,GWL,5-15,9.4
22692,GWL,15-30,9.1
22692,GWL,30-60,13.5
22692,GWL,60-120,30.8
22692,GWL,120+,60.4
22692,KZJ,0-5,42.5
22692,KZJ,5-15,42.5
22692,KZJ,15-30,43.1
22692,KZJ,30-60,51.3
22692,KZJ,60-120,86.7
22692,KZJ,120+,140.8
22692,NGP,0-5,19.0
22692,NGP,5-15,19.0
22692,NGP,15-30,18.9
22692,NGP,30-60,24.3
22692,NGP,60-120,47.9
22692,NGP,120+,85.8
22692,NZM,0-5,2.7
22692,NZM,5-15,2.7
22692,NZM,15-30,2.5
22692,NZM,30-60,3.9
22692,NZM,60-120,14.4
22692,NZM,120+,28.4
22692,RC,0-5,59.5
22692,RC,5-15,59.6
22692,RC,15-30,60.1
22692,RC,30-60,69.5
22692,RC,60-120,108.7
22692,RC,120+,166.0
22692,SBC,0-5,24.0
22692,SBC,5-15,24.0
22692,SBC,15-30,24.3
22692,SBC,30-60,30.9
22692,SBC,60-120,59.3
22692,SBC,120+,102.6
22692,SC,0-5,40.3
22692,SC,5-15,40.3
22692,SC,15-30,40.7
22692,SC,30-60,48.6
22692,SC,60-120,83.0
22692,SC,120+,136.4
22692,SEM,0-5,58.6
22692,SEM,5-15,58.6
22692,SEM,15-30,59.6
22692,SEM,30-60,69.4
22692,SEM,60-120,109.6
22692,SEM,120+,167.0
22692,SSPN,0-5,46.6
22692,SSPN,5-15,46.6
22692,SSPN,15-30,47.2
22692,SSPN,30-60,55.9
22692,SSPN,60-120,90.6
22692,SSPN,120+,144.8
22692,VGLJ,0-5,9.8
22692,VGLJ,5-15,9.9
22692,VGLJ,15-30,9.5
22692,VGLJ,30-60,13.6
22692,VGLJ,60-120,29.7
22692,VGLJ,120+,57.4
22692,YG,0-5,57.2
22692,YG,5-15,57.2
22692,YG,15-30,57.8
22692,YG,30-60,67.2
22692,YG,60-120,105.3
22692,YG,120+,163.8
22707,AKP,0-5,23.5
22707,AKP,5-15,23.5
22707,AKP,15-30,23.7
22707,AKP,30-60,29.8
22707,AKP,60-120,48.3
22707,AKP,120+,84.4
22707,BZA,0-5,15.9
22707,BZA,5-15,15.9
22707,BZA,15-30,15.9
22707,BZA,30-60,24.4
22707,BZA,60-120,43.4
22707,BZA,120+,84.0
22707,CLX,0-5,20.8
22707,CLX,5-15,20.8
22707,CLX,15-30,21.3
22707,CLX,30-60,30.5
22707,CLX,60-120,56.6
22707,CLX,120+,103.2
22707,DVD,0-5,12.1
22707,DVD,5-15,12.1
22707,DVD,15-30,12.3
22707,DVD,30-60,19.8
22707,DVD,60-120,40.5
22707,DVD,120+,80.2
22707,EE,0-5,18.3
22707,EE,5-15,18.3
22707,EE,15-30,18.4
22707,EE,30-60,27.1
22707,EE,60-120,47.5
22707,EE,120+,85.9
22707,GDR,0-5,11.7
22707,GDR,5-15,11.7
22707,GDR,15-30,11.8
22707,GDR,30-60,19.0
22707,GDR,60-120,38.7
22707,GDR,120+,75.9
22707,KHT,0-5,12.8
22707,KHT,5-15,12.8
22707,KHT,15-30,12.9
22707,KHT,30-60,20.0
22707,KHT,60-120,43.3
22707,KHT,120+,80.7
22707,NGNT,0-5,10.6
22707,NGNT,5-15,10.6
22707,NGNT,15-30,10.7
22707,NGNT,30-60,17.2
22707,NGNT,60-120,38.7
22707,NGNT,120+,72.8
22707,NLR,0-5,17.2
22707,NLR,5-15,17.3
22707,NLR,15-30,17.6
22707,NLR,30-60,25.5
22707,NLR,60-120,47.3
22707,NLR,120+,88.4
22707,OGL,0-5,14.0
22707,OGL,5-15,14.0
22707,OGL,15-30,14.2
22707,OGL,30-60,21.1
22707,OGL,60-120,42.4
22707,OGL,120+,81.1
22707,RJY,0-5,16.4
22707,RJY,5-15,16.4
22707,RJY,15-30,16.3
22707,RJY,30-60,23.5
22707,RJY,60-120,42.0
22707,RJY,120+,78.1
22707,RU,0-5,21.9
22707,RU,5-15,21.9
22707,RU,15-30,22.1
22707,RU,30-60,29.8
22707,RU,60-120,54.7
22707,RU,120+,94.0
22707,SLO,0-5,21.8
22707,SLO,5-15,21.8
22707,SLO,15-30,22.0
22707,SLO,30-60,29.7
22707,SLO,60-120,54.6
22707,SLO,120+,92.9
22707,TDD,0-5,19.6
22707,TDD,5-15,19.7
22707,TDD,15-30,19.7
22707,TDD,30-60,27.6
22707,TDD,60-120,48.5
22707,TDD,120+,86.9
22707,TEL,0-5,19.8
22707,TEL,5-15,19.8
22707,TEL,15-30,20.2
22707,TEL,30-60,28.6
22707,TEL,60-120,53.7
22707,TEL,120+,96.7
22707,TPTY,0-5,6.3
22707,TPTY,5-15,6.3
22707,TPTY,15-30,6.0
22707,TPTY,30-60,10.2
22707,TPTY,60-120,23.0
22707,TPTY,120+,44.9
22707,TUNI,0-5,24.1
22707,TUNI,5-15,24.1
22707,TUNI,15-30,24.3
22707,TUNI,30-60,32.7
22707,TUNI,60-120,57.8
22707,TUNI,120+,94.6
22707,VSKP,0-5,8.1
22707,VSKP,5-15,8.2
22707,VSKP,15-30,7.9
22707,VSKP,30-60,12.9
22707,VSKP,60-120,28.2
22707,VSKP,120+,55.7
22708,AKP,0-5,21.7
22708,AKP,5-15,21.7
22708,AKP,15-30,21.7
22708,AKP,30-60,27.6
22708,AKP,60-120,46.6
22708,AKP,120+,75.7
22708,BZA,0-5,26.8
22708,BZA,5-15,26.9
22708,BZA,15-30,27.4
22708,BZA,30-60,37.1
22708,BZA,60-120,69.2
22708,BZA,120+,112.2
22708,CLX,0-5,12.2
22708,CLX,5-15,12.2
22708,CLX,15-30,12.7
22708,CLX,30-60,20.1
22708,CLX,60-120,41.3
22708,CLX,120+,79.1
22708,DVD,0-5,4.0
22708,DVD,5-15,4.0
22708,DVD,15-30,4.2
22708,DVD,30-60,9.2
22708,DVD,60-120,26.6
22708,DVD,120+,52.1
22708,EE,0-5,30.6
22708,EE,5-15,30.6
22708,EE,15-30,31.1
22708,EE,30-60,40.7
22708,EE,60-120,73.6
22708,EE,120+,117.4
22708,GDR,0-5,6.8
22708,GDR,5-15,6.8
22708,GDR,15-30,7.3
22708,GDR,30-60,13.0
22708,GDR,60-120,31.6
22708,GDR,120+,59.8
22708,KHT,0-5,4.1
22708,KHT,5-15,4.1
22708,KHT,15-30,4.4
22708,KHT,30-60,9.0
22708,KHT,60-120,26.1
22708,KHT,120+,50.5
22708,NGNT,0-5,3.2
22708,NGNT,5-15,3.3
22708,NGNT,15-30,3.4
22708,NGNT,30-60,7.7
22708,NGNT,60-120,21.4
22708,NGNT,120+,44.1
22708,NLR,0-5,15.4
22708,NLR,5-15,15.4
22708,NLR,15-30,15.7
22708,NLR,30-60,23.3
22708,NLR,60-120,43.7
22708,NLR,120+,82.9
22708,OGL,0-5,12.0
22708,OGL,5-15,12.1
22708,OGL,15-30,12.5
22708,OGL,30-60,18.9
22708,OGL,60-120,39.4
22708,OGL,120+,75.8
22708,RJY,0-5,29.5
22708,RJY,5-15,29.6
22708,RJY,15-30,30.0
22708,RJY,30-60,38.4
22708,RJY,60-120,68.7
22708,RJY,120+,109.2
22708,RU,0-5,6.0
22708,RU,5-15,6.0
22708,RU,15-30,6.0
22708,RU,30-60,9.9
22708,RU,60-120,22.0
22708,RU,120+,43.4
22708,SLO,0-5,22.5
22708,SLO,5-15,22.6
22708,SLO,15-30,23.1
22708,SLO,30-60,31.1
22708,SLO,60-120,56.3
22708,SLO,120+,94.1
22708,TDD,0-5,29.1
22708,TDD,5-15,29.1
22708,TDD,15-30,29.6
22708,TDD,30-60,37.9
22708,TDD,60-120,67.9
22708,TDD,120+,108.5
22708,TEL,0-5,16.1
22708,TEL,5-15,16.1
22708,TEL,15-30,16.8
22708,TEL,30-60,24.4
22708,TEL,60-120,45.8
22708,TEL,120+,86.0
22708,TPTY,0-5,3.7
22708,TPTY,5-15,3.8
22708,TPTY,15-30,3.5
22708,TPTY,30-60,7.3
22708,TPTY,60-120,16.8
22708,TPTY,120+,35.3
22708,TUNI,0-5,21.9
22708,TUNI,5-15,21.9
22708,TUNI,15-30,22.3
22708,TUNI,30-60,30.0
22708,TUNI,60-120,52.8
22708,TUNI,120+,88.8
22708,VSKP,0-5,4.0
22708,VSKP,5-15,4.0
22708,VSKP,15-30,3.7
22708,VSKP,30-60,7.8
22708,VSKP,60-120,18.5
22708,VSKP,120+,39.5
22823,BBS,0-5,15.3
22823,BBS,5-15,15.3
22823,BBS,15-30,14.6
22823,BBS,30-60,18.5
22823,BBS,60-120,31.5
22823,BBS,120+,41.8
22823,BHC,0-5,17.8
22823,BHC,5-15,17.8
22823,BHC,15-30,17.6
22823,BHC,30-60,23.5
22823,BHC,60-120,47.1
22823,BHC,120+,73.8
22823,BKSC,0-5,32.8
22823,BKSC,5-15,32.8
22823,BKSC,15-30,33.3
22823,BKSC,30-60,41.8
22823,BKSC,60-120,76.1
22823,BKSC,120+,124.1
22823,BLS,0-5,28.8
22823,BLS,5-15,28.9
22823,BLS,15-30,29.2
22823,BLS,30-60,36.3
22823,BLS,60-120,68.7
22823,BLS,120+,105.8
22823,CNB,0-5,28.8
22823,CNB,5-15,28.8
22823,CNB,15-30,29.0
22823,CNB,30-60,36.7
22823,CNB,60-120,69.8
22823,CNB,120+,108.0
22823,CTC,0-5,18.7
22823,CTC,5-15,18.7
22823,CTC,15-30,18.6
22823,CTC,30-60,24.9
22823,CTC,60-120,48.9
22823,CTC,120+,73.4
22823,DDU,0-5,24.6
22823,DDU,5-15,24.6
22823,DDU,15-30,24.6
22823,DDU,30-60,31.5
22823,DDU,60-120,62.3
22823,DDU,120+,97.7
22823,GAYA,0-5,21.8
22823,GAYA,5-15,21.8
22823,GAYA,15-30,21.7
22823,GAYA,30-60,28.6
22823,GAYA,60-120,57.2
22823,GAYA,120+,90.3
22823,GMO,0-5,22.3
22823,GMO,5-15,22.3
22823,GMO,15-30,22.3
22823,GMO,30-60,28.6
22823,GMO,60-120,56.1
22823,GMO,120+,88.6
22823,HIJ,0-5,37.4
22823,HIJ,5-15,37.4
22823,HIJ,15-30,37.9
22823,HIJ,30-60,45.6
22823,HIJ,60-120,79.6
22823,HIJ,120+,130.2
22823,KQR,0-5,31.8
22823,KQR,5-15,31.9
22823,KQR,15-30,32.5
22823,KQR,30-60,39.8
22823,KQR,60-120,72.0
22823,KQR,120+,114.1
22823,MURI,0-5,32.1
22823,MURI,5-15,32.1
22823,MURI,15-30,33.1
22823,MURI,30-60,41.1
22823,MURI,60-120,75.1
22823,MURI,120+,122.0
22823,NDLS,0-5,57.5
22823,NDLS,5-15,57.5
22823,NDLS,15-30,58.1
22823,NDLS,30-60,67.8
22823,NDLS,60-120,107.1
22823,NDLS,120+,163.4
22823,PRYJ,0-5,28.6
22823,PRYJ,5-15,28.6
22823,PRYJ,15-30,28.6
22823,PRYJ,30-60,35.2
22823,PRYJ,60-120,67.0
22823,PRYJ,120+,107.1
22823,TATA,0-5,38.4
22823,TATA,5-15,38.4
22823,TATA,15-30,38.9
22823,TATA,30-60,46.4
22823,TATA,60-120,77.2
22823,TATA,120+,121.1
22824,BBS,0-5,78.4
22824,BBS,5-15,77.6
22824,BBS,15-30,76.8
22824,BBS,30-60,81.8
22824,BBS,60-120,123.5
22824,BBS,120+,174.0
22824,BHC,0-5,44.4
22824,BHC,5-15,43.6
22824,BHC,15-30,42.3
22824,BHC,30-60,52.3
22824,BHC,60-120,105.2
22824,BHC,120+,176.2
22824,BKSC,0-5,25.9
22824,BKSC,5-15,25.1
22824,BKSC,15-30,24.1
22824,BKSC,30-60,31.1
22824,BKSC,60-120,68.1
22824,BKSC,120+,131.9
22824,BLS,0-5,43.6
22824,BLS,5-15,42.8
22824,BLS,15-30,41.7
22824,BLS,30-60,51.7
22824,BLS,60-120,96.9
22824,BLS,120+,166.1
22824,CNB,0-5,25.8
22824,CNB,5-15,25.0
22824,CNB,15-30,24.1
22824,CNB,30-60,30.8
22824,CNB,60-120,65.6
22824,CNB,120+,126.6
22824,CTC,0-5,55.0
22824,CTC,5-15,55.3
22824,CTC,15-30,54.3
22824,CTC,30-60,69.0
22824,CTC,60-120,117.9
22824,CTC,120+,185.3
22824,DDU,0-5,23.4
22824,DDU,5-15,22.6
22824,DDU,15-30,21.7
22824,DDU,30-60,27.2
22824,DDU,60-120,62.2
22824,DDU,120+,122.7
22824,GAYA,0-5,22.2
22824,GAYA,5-15,21.4
22824,GAYA,15-30,20.5
22824,GAYA,30-60,27.4
22824,GAYA,60-120,63.2
22824,GAYA,120+,123.8
22824,GMO,0-5,24.5
22824,GMO,5-15,23.7
22824,GMO,15-30,22.6
22824,GMO,30-60,29.3
22824,GMO,60-120,64.5
22824,GMO,120+,126.6
22824,HIJ,0-5,44.6
22824,HIJ,5-15,43.8
22824,HIJ,15-30,42.7
22824,HIJ,30-60,52.0
22824,HIJ,60-120,96.6
22824,HIJ,120+,164.8
22824,KQR,0-5,22.7
22824,KQR,5-15,21.9
22824,KQR,15-30,20.8
22824,KQR,30-60,27.7
22824,KQR,60-120,62.2
22824,KQR,120+,122.2
22824,MURI,0-5,25.2
22824,MURI,5-15,24.4
22824,MURI,15-30,23.3
22824,MURI,30-60,30.1
22824,MURI,60-120,67.4
22824,MURI,120+,130.3
22824,NDLS,0-5,5.8
22824,NDLS,5-15,5.9
22824,NDLS,15-30,3.8
22824,NDLS,30-60,8.4
22824,NDLS,60-120,31.5
22824,NDLS,120+,55.9
22824,PRYJ,0-5,22.0
22824,PRYJ,5-15,21.2
22824,PRYJ,15-30,20.1
22824,PRYJ,30-60,26.2
22824,PRYJ,60-120,60.2
22824,PRYJ,120+,120.0
22824,TATA,0-5,41.0
22824,TATA,5-15,40.2
22824,TATA,15-30,39.0
22824,TATA,30-60,45.3
22824,TATA,60-120,84.0
22824,TATA,120+,140.9
